maintenance_id,event_id,equipment_id,opened_at,closed_at,intervention_type,outcome,downtime_minutes,labor_hours,parts_cost_eur,parts_replaced_count,work_order_note,period
MNT-2026S1-0001,EVT-2026S1-0032,EQ-PUMP-005,2026-04-09T22:34:00Z,2026-04-10T01:45:00Z,preventive,parts_ordered,191,4.65,210.47,1,Pièce remplacée puis remise en service progressive.,2026-S1
MNT-2026S1-0002,EVT-2026S1-0327,EQ-PRESS-397,2026-04-27T13:26:00Z,2026-04-27T18:26:00Z,preventive,no_fault_found,300,7.38,529.46,2,Pièce remplacée puis remise en service progressive.,2026-S1
MNT-2026S1-0003,EVT-2026S1-0429,EQ-LIFT-319,2026-01-02T11:02:00Z,2026-01-02T13:49:00Z,preventive,resolved,167,5.27,192.02,1,Intervention préventive conforme au plan.,2026-S1
MNT-2026S1-0004,EVT-2026S1-0489,EQ-ROBOT-379,2026-04-12T22:45:00Z,2026-04-13T04:04:00Z,corrective,resolved,319,7.09,301.13,1,Contrôle visuel et essai fonctionnel réalisés.,2026-S1
MNT-2026S1-0005,EVT-2026S1-0380,EQ-FAN-380,2026-02-07T10:11:00Z,2026-02-07T10:26:00Z,corrective,resolved,7,0.98,182.81,1,Pièce remplacée puis remise en service progressive.,2026-S1
MNT-2026S1-0006,EVT-2026S1-0174,EQ-PRESS-214,2026-04-30T15:27:00Z,2026-04-30T20:51:00Z,inspection,parts_ordered,324,6.21,303.44,3,"Réglage effectué, surveillance demandée à la prochaine ronde.",2026-S1
MNT-2026S1-0007,EVT-2026S1-0297,EQ-PUMP-367,2026-06-07T11:36:00Z,2026-06-07T14:59:00Z,preventive,resolved,203,5.77,246.02,1,"Cause non confirmée, mesures complémentaires nécessaires.",2026-S1
MNT-2026S1-0008,EVT-2026S1-0434,EQ-STEAM-374,2026-01-24T09:26:00Z,2026-01-24T10:31:00Z,corrective,parts_ordered,65,0.53,87.02,1,Intervention préventive conforme au plan.,2026-S1
MNT-2026S1-0009,EVT-2026S1-0110,EQ-PUMP-110,2026-04-11T06:28:00Z,2026-04-11T09:00:00Z,calibration,resolved,152,4.95,59.35,0,Contrôle visuel et essai fonctionnel réalisés.,2026-S1
MNT-2026S1-0010,EVT-2026S1-0152,EQ-PUMP-291,2026-03-09T20:54:00Z,2026-03-09T21:24:00Z,calibration,follow_up_required,30,0.25,436.2,2,"Réglage effectué, surveillance demandée à la prochaine ronde.",2026-S1
MNT-2026S1-0011,EVT-2026S1-0165,EQ-ROBOT-115,2026-05-15T08:22:00Z,2026-05-15T10:05:00Z,preventive,no_fault_found,103,3.97,185.78,1,Intervention préventive conforme au plan.,2026-S1
MNT-2026S1-0012,EVT-2026S1-0100,EQ-FAN-300,2026-06-16T17:53:00Z,2026-06-16T18:45:00Z,calibration,follow_up_required,52,0.87,10.4,0,"Cause non confirmée, mesures complémentaires nécessaires.",2026-S1
MNT-2026S1-0013,EVT-2026S1-0479,EQ-CHILL-393,2026-01-30T12:34:00Z,2026-01-30T14:35:00Z,preventive,no_fault_found,121,2.83,414.39,2,"Cause non confirmée, mesures complémentaires nécessaires.",2026-S1
MNT-2026S1-0014,EVT-2026S1-0478,EQ-FAN-001,2026-04-23T06:52:00Z,2026-04-23T08:40:00Z,calibration,parts_ordered,108,3.13,37.6,0,"Cause non confirmée, mesures complémentaires nécessaires.",2026-S1
MNT-2026S1-0015,EVT-2026S1-0037,EQ-ROBOT-003,2026-03-14T04:29:00Z,2026-03-14T06:43:00Z,replacement,monitoring,134,1.44,17.27,0,Intervention préventive conforme au plan.,2026-S1
MNT-2026S1-0016,EVT-2026S1-X025,EQ-PUMP-307,2026-01-09T05:27:00Z,2026-01-09T08:58:00Z,preventive,monitoring,211,5.92,186.75,3,Pièce remplacée puis remise en service progressive.,2026-S1
MNT-2026S1-0017,EVT-2026S1-0292,EQ-MIX-259,2026-01-12T01:55:00Z,2026-01-12T03:35:00Z,replacement,resolved,100,2.81,33.77,0,"Cause non confirmée, mesures complémentaires nécessaires.",2026-S1
MNT-2026S1-0018,EVT-2026S1-0234,EQ-PRESS-274,2026-04-16T22:08:00Z,2026-04-17T02:47:00Z,replacement,follow_up_required,279,5.25,687.87,4,Contrôle visuel et essai fonctionnel réalisés.,2026-S1
MNT-2026S1-0019,EVT-2026S1-0214,EQ-PRESS-354,2026-01-21T08:21:00Z,2026-01-21T13:30:00Z,preventive,monitoring,309,8.11,134.16,1,"Réglage effectué, surveillance demandée à la prochaine ronde.",2026-S1
MNT-2026S1-0020,EVT-2026S1-0193,EQ-OVEN-123,2026-01-23T14:34:00Z,2026-01-23T15:37:00Z,calibration,no_fault_found,63,2.67,32.05,0,"Réglage effectué, surveillance demandée à la prochaine ronde.",2026-S1
MNT-2026S1-0021,EVT-2026S1-0387,EQ-PRESS-157,2026-02-02T12:55:00Z,2026-02-02T18:10:00Z,replacement,follow_up_required,315,7.29,231.85,1,Pièce remplacée puis remise en service progressive.,2026-S1
MNT-2026S1-0022,EVT-2026S1-0246,EQ-OVEN-106,2026-01-12T06:25:00Z,2026-01-12T10:17:00Z,calibration,resolved,232,5.72,742.95,3,"Cause non confirmée, mesures complémentaires nécessaires.",2026-S1
MNT-2026S1-0023,EVT-2026S1-0350,EQ-PUMP-350,2026-06-07T13:40:00Z,2026-06-07T17:15:00Z,replacement,no_fault_found,215,4.44,200.59,1,Contrôle visuel et essai fonctionnel réalisés.,2026-S1
MNT-2026S1-0024,EVT-2026S1-X004,EQ-OVEN-123,2026-03-04T01:34:00Z,2026-03-04T03:16:00Z,preventive,monitoring,102,5.03,218.64,1,"Réglage effectué, surveillance demandée à la prochaine ronde.",2026-S1
MNT-2026S1-0025,EVT-2026S1-0401,EQ-MOTOR-311,2026-04-08T10:58:00Z,2026-04-08T14:37:00Z,preventive,monitoring,219,4.9,231.15,2,Intervention préventive conforme au plan.,2026-S1
MNT-2026S1-0026,EVT-2026S1-0247,EQ-PRESS-117,2026-04-05T18:41:00Z,2026-04-05T23:15:00Z,replacement,no_fault_found,274,7.83,199.02,1,Contrôle visuel et essai fonctionnel réalisés.,2026-S1
MNT-2026S1-0027,EVT-2026S1-0182,EQ-CONV-302,2026-01-17T03:26:00Z,2026-01-17T06:22:00Z,preventive,monitoring,176,4.03,48.35,0,"Réglage effectué, surveillance demandée à la prochaine ronde.",2026-S1
MNT-2026S1-0028,EVT-2026S1-0193,EQ-OVEN-123,2026-01-23T16:59:00Z,2026-01-23T18:13:00Z,inspection,resolved,74,1.56,18.71,0,"Réglage effectué, surveillance demandée à la prochaine ronde.",2026-S1
MNT-2026S1-0029,EVT-2026S1-0474,EQ-PUMP-214,2026-05-18T18:06:00Z,2026-05-18T21:41:00Z,preventive,parts_ordered,215,5.03,100.72,1,Intervention préventive conforme au plan.,2026-S1
MNT-2026S1-0030,EVT-2026S1-0086,EQ-OVEN-146,2026-06-14T23:56:00Z,2026-06-15T02:20:00Z,calibration,parts_ordered,144,3.93,47.15,0,Pièce remplacée puis remise en service progressive.,2026-S1
MNT-2026S1-0031,EVT-2026S1-0013,EQ-CHILL-001,2026-01-02T15:05:00Z,2026-01-02T18:33:00Z,preventive,monitoring,208,4.98,164.87,1,Pièce remplacée puis remise en service progressive.,2026-S1
MNT-2026S1-0032,EVT-2026S1-0073,EQ-OVEN-303,2026-05-21T12:06:00Z,2026-05-21T12:38:00Z,inspection,follow_up_required,32,0.46,202.67,1,"Réglage effectué, surveillance demandée à la prochaine ronde.",2026-S1
MNT-2026S1-0033,EVT-2026S1-0038,EQ-COMP-001,2026-05-24T10:46:00Z,2026-05-24T11:35:00Z,preventive,no_fault_found,49,1.61,19.38,0,Intervention préventive conforme au plan.,2026-S1
MNT-2026S1-0034,EVT-2026S1-0079,EQ-COMP-369,2026-04-23T10:23:00Z,2026-04-23T13:38:00Z,inspection,monitoring,195,4.45,486.23,2,Pièce remplacée puis remise en service progressive.,2026-S1
MNT-2026S1-0035,EVT-2026S1-0322,EQ-CONV-342,2026-01-16T16:08:00Z,2026-01-16T18:16:00Z,inspection,no_fault_found,128,1.75,406.24,3,Pièce remplacée puis remise en service progressive.,2026-S1
MNT-2026S1-0036,EVT-2026S1-0282,EQ-CONV-202,2026-03-23T11:25:00Z,2026-03-23T12:57:00Z,inspection,no_fault_found,92,1.24,14.87,0,"Cause non confirmée, mesures complémentaires nécessaires.",2026-S1
MNT-2026S1-0037,EVT-2026S1-0377,EQ-PUMP-347,2026-05-14T12:31:00Z,,preventive,monitoring,157,3.75,44.95,0,"Cause non confirmée, mesures complémentaires nécessaires.",2026-S1
MNT-2026S1-0038,EVT-2026S1-0206,EQ-OVEN-266,2026-05-08T20:25:00Z,2026-05-08T23:53:00Z,calibration,monitoring,208,5.57,472.86,2,"Réglage effectué, surveillance demandée à la prochaine ronde.",2026-S1
MNT-2026S1-0039,EVT-2026S1-0224,EQ-FAN-164,2026-04-01T12:52:00Z,2026-04-01T17:34:00Z,replacement,no_fault_found,282,6.22,529.22,2,"Réglage effectué, surveillance demandée à la prochaine ronde.",2026-S1
MNT-2026S1-0040,EVT-2026S1-0206,EQ-OVEN-266,2026-05-08T20:06:00Z,2026-05-08T22:40:00Z,inspection,monitoring,154,3.17,97.55,1,Contrôle visuel et essai fonctionnel réalisés.,2026-S1
MNT-2026S1-0042,EVT-2026S1-0297,EQ-PUMP-367,2026-06-07T09:22:00Z,2026-06-07T12:58:00Z,preventive,no_fault_found,216,5.46,271.73,1,Intervention préventive conforme au plan.,2026-S1
MNT-2026S1-0043,EVT-2026S1-X004,EQ-OVEN-123,2026-03-04T02:47:00Z,2026-03-04T05:37:00Z,corrective,no_fault_found,170,4.92,357.54,2,Pièce remplacée puis remise en service progressive.,2026-S1
MNT-2026S1-0044,EVT-2026S1-0090,EQ-PUMP-190,2026-01-16T14:25:00Z,2026-01-16T17:32:00Z,inspection,no_fault_found,187,4.52,54.23,0,"Réglage effectué, surveillance demandée à la prochaine ronde.",2026-S1
MNT-2026S1-0045,EVT-2026S1-0414,EQ-GEAR-154,2026-05-07T03:35:00Z,2026-05-07T06:22:00Z,calibration,no_fault_found,167,3.65,143.79,1,Contrôle visuel et essai fonctionnel réalisés.,2026-S1
MNT-2026S1-0046,EVT-2026S1-X046,EQ-FAN-260,2026-05-27T16:26:00Z,2026-05-27T19:15:00Z,replacement,monitoring,169,3.39,40.65,0,"Cause non confirmée, mesures complémentaires nécessaires.",2026-S1
MNT-2026S1-0047,EVT-2026S1-0418,EQ-PACK-198,2026-02-05T01:25:00Z,2026-02-05T03:19:00Z,inspection,resolved,114,3.89,46.69,0,Pièce remplacée puis remise en service progressive.,2026-S1
MNT-2026S1-0048,EVT-2026S1-0339,EQ-COMP-229,2026-06-07T00:13:00Z,2026-06-07T03:13:00Z,calibration,follow_up_required,180,4.51,189.2,2,Pièce remplacée puis remise en service progressive.,2026-S1
MNT-2026S1-0049,EVT-2026S1-0383,EQ-COMP-113,2026-02-04T15:45:00Z,2026-02-04T19:38:00Z,replacement,resolved,233,6.53,151.7,1,Intervention préventive conforme au plan.,2026-S1
MNT-2026S1-0050,EVT-2026S1-0081,EQ-PUMP-391,2026-05-30T11:48:00Z,2026-05-30T15:17:00Z,preventive,no_fault_found,209,4.09,178.4,1,"Cause non confirmée, mesures complémentaires nécessaires.",2026-S1
MNT-2026S1-0051,EVT-2026S1-0325,EQ-ROBOT-375,2026-05-30T09:25:00Z,2026-05-30T12:25:00Z,replacement,resolved,180,4.48,53.8,0,Intervention préventive conforme au plan.,2026-S1
MNT-2026S1-0052,EVT-2026S1-X026,EQ-MIX-379,2026-03-08T18:58:00Z,2026-03-08T20:34:00Z,replacement,follow_up_required,96,0.49,5.83,0,Pièce remplacée puis remise en service progressive.,2026-S1
MNT-2026S1-0053,EVT-2026S1-0216,EQ-CONV-376,2026-05-31T07:10:00Z,2026-05-31T11:14:00Z,inspection,parts_ordered,244,5.04,60.49,0,"Réglage effectué, surveillance demandée à la prochaine ronde.",2026-S1
MNT-2026S1-0054,EVT-2026S1-0074,EQ-PRESS-314,2026-05-22T19:46:00Z,2026-05-22T23:51:00Z,inspection,parts_ordered,245,7.3,264.43,3,Intervention préventive conforme au plan.,2026-S1
MNT-2026S1-0055,EVT-2026S1-0259,EQ-COMP-249,2026-03-25T13:59:00Z,2026-03-25T17:17:00Z,preventive,resolved,198,5.35,262.65,2,"Réglage effectué, surveillance demandée à la prochaine ronde.",2026-S1
MNT-2026S1-0056,EVT-2026S1-0070,EQ-PUMP-270,2026-05-07T23:09:00Z,2026-05-08T01:44:00Z,inspection,resolved,155,3.84,258.28,1,"Réglage effectué, surveillance demandée à la prochaine ronde.",2026-S1
MNT-2026S1-0057,EVT-2026S1-0098,EQ-ROBOT-278,2026-01-29T23:06:00Z,2026-01-30T01:18:00Z,inspection,monitoring,132,3.71,44.46,0,"Cause non confirmée, mesures complémentaires nécessaires.",2026-S1
MNT-2026S1-0058,EVT-2026S1-0345,EQ-ROBOT-295,2026-05-12T20:25:00Z,2026-05-12T23:46:00Z,replacement,no_fault_found,201,4.44,182.39,2,Contrôle visuel et essai fonctionnel réalisés.,2026-S1
MNT-2026S1-0059,EVT-2026S1-0027,EQ-PUMP-002,2026-04-03T15:46:00Z,2026-04-03T16:06:00Z,preventive,monitoring,20,0.51,,0,"Réglage effectué, surveillance demandée à la prochaine ronde.",2026-S1
MNT-2026S1-0060,EVT-2026S1-0121,EQ-PUMP-231,2026-02-06T15:57:00Z,2026-02-06T18:26:00Z,inspection,resolved,149,2.95,280.87,2,Contrôle visuel et essai fonctionnel réalisés.,2026-S1
MNT-2026S1-0061,EVT-2026S1-0337,EQ-PUMP-207,2026-02-23T18:36:00Z,2026-02-23T21:45:00Z,corrective,no_fault_found,189,4.65,296.48,1,"Réglage effectué, surveillance demandée à la prochaine ronde.",2026-S1
MNT-2026S1-0062,EVT-2026S1-0279,EQ-COMP-169,2026-03-02T14:18:00Z,2026-03-02T15:28:00Z,corrective,monitoring,70,4.02,293.91,2,"Réglage effectué, surveillance demandée à la prochaine ronde.",2026-S1
MNT-2026S1-0063,EVT-2026S1-0141,EQ-PUMP-151,2026-04-19T00:41:00Z,2026-04-19T03:38:00Z,replacement,follow_up_required,177,4.94,238.53,1,Pièce remplacée puis remise en service progressive.,2026-S1
MNT-2026S1-0064,EVT-2026S1-0361,EQ-PUMP-171,2026-06-11T23:12:00Z,2026-06-12T02:51:00Z,corrective,follow_up_required,219,4.88,240.7,2,"Réglage effectué, surveillance demandée à la prochaine ronde.",2026-S1
MNT-2026S1-0065,EVT-2026S1-0311,EQ-EXTRA-405,2026-03-08T02:19:00Z,2026-03-08T02:42:00Z,corrective,parts_ordered,23,1.91,452.88,2,Contrôle visuel et essai fonctionnel réalisés.,2026-S1
MNT-2026S1-0066,EVT-2026S1-0070,EQ-PUMP-270,2026-05-07T21:06:00Z,2026-05-08T00:06:00Z,calibration,no_fault_found,180,5.16,61.95,0,"Réglage effectué, surveillance demandée à la prochaine ronde.",2026-S1
MNT-2026S1-0067,EVT-2026S1-0496,EQ-VALVE-156,2026-03-10T13:55:00Z,2026-03-10T14:15:00Z,calibration,parts_ordered,20,1.09,13.09,0,"Cause non confirmée, mesures complémentaires nécessaires.",2026-S1
MNT-2026S1-0068,EVT-2026S1-X004,EQ-OVEN-123,2026-03-04T02:25:00Z,2026-03-04T05:02:00Z,replacement,monitoring,157,3.06,217.06,2,Pièce remplacée puis remise en service progressive.,2026-S1
MNT-2026S1-0069,EVT-2026S1-X039,EQ-CONV-376,2026-04-27T23:59:00Z,2026-04-28T02:15:00Z,corrective,follow_up_required,136,2.03,24.38,0,"Réglage effectué, surveillance demandée à la prochaine ronde.",2026-S1
MNT-2026S1-0070,EVT-2026S1-0078,EQ-ROBOT-358,2026-01-23T23:05:00Z,2026-01-24T00:43:00Z,inspection,follow_up_required,98,3.16,37.98,0,"Réglage effectué, surveillance demandée à la prochaine ronde.",2026-S1
MNT-2026S1-0071,EVT-2026S1-0044,EQ-FAN-284,2026-02-24T00:16:00Z,2026-02-24T04:48:00Z,replacement,no_fault_found,272,8.11,386.45,3,"Réglage effectué, surveillance demandée à la prochaine ronde.",2026-S1
MNT-2026S1-0072,EVT-2026S1-0410,EQ-VALVE-110,2026-02-06T14:54:00Z,2026-02-06T17:05:00Z,preventive,resolved,131,1.76,21.1,0,Contrôle visuel et essai fonctionnel réalisés.,2026-S1
MNT-2026S1-0073,EVT-2026S1-0067,EQ-PRESS-237,2026-02-24T22:51:00Z,2026-02-25T03:36:00Z,preventive,no_fault_found,285,6.08,72.93,0,"Cause non confirmée, mesures complémentaires nécessaires.",2026-S1
MNT-2026S1-0074,EVT-2026S1-0014,EQ-PRESS-002,2026-03-28T19:23:00Z,,replacement,parts_ordered,307,7.27,188.4,1,Contrôle visuel et essai fonctionnel réalisés.,2026-S1
MNT-2026S1-0075,EVT-2026S1-0066,EQ-OVEN-226,2026-02-03T21:20:00Z,2026-02-04T01:13:00Z,replacement,follow_up_required,233,5.51,241.25,1,"Cause non confirmée, mesures complémentaires nécessaires.",2026-S1
MNT-2026S1-0076,EVT-2026S1-0096,EQ-CONV-256,2026-05-09T18:02:00Z,2026-05-09T21:09:00Z,replacement,monitoring,187,4.58,226.28,2,Pièce remplacée puis remise en service progressive.,2026-S1
MNT-2026S1-0077,EVT-2026S1-0157,EQ-PUMP-327,2026-06-14T16:57:00Z,2026-06-14T19:25:00Z,calibration,no_fault_found,148,3.52,253.24,2,Contrôle visuel et essai fonctionnel réalisés.,2026-S1
MNT-2026S1-0078,EVT-2026S1-X052,EQ-SENSOR-185,2026-05-29T19:11:00Z,2026-05-29T20:22:00Z,preventive,no_fault_found,71,1.59,19.09,0,Pièce remplacée puis remise en service progressive.,2026-S1
MNT-2026S1-0079,EVT-2026S1-0411,EQ-GEAR-121,2026-01-29T12:33:00Z,2026-01-29T15:22:00Z,replacement,no_fault_found,169,4.9,58.75,0,"Cause non confirmée, mesures complémentaires nécessaires.",2026-S1
MNT-2026S1-0080,EVT-2026S1-0412,EQ-GEAR-132,2026-06-01T23:29:00Z,2026-06-02T01:41:00Z,corrective,monitoring,132,3.89,146.43,1,Intervention préventive conforme au plan.,2026-S1
MNT-2026S1-0081,EVT-2026S1-0356,EQ-CONV-116,2026-03-17T09:40:00Z,2026-03-17T11:38:00Z,preventive,follow_up_required,118,5.56,203.84,1,Intervention préventive conforme au plan.,2026-S1
MNT-2026S1-0082,EVT-2026S1-0299,EQ-COMP-389,2026-03-04T19:24:00Z,2026-03-04T22:07:00Z,preventive,monitoring,163,5.07,60.86,0,Contrôle visuel et essai fonctionnel réalisés.,2026-S1
MNT-2026S1-0083,EVT-2026S1-X048,EQ-CHILL-288,2026-03-27T19:24:00Z,2026-03-27T20:23:00Z,preventive,follow_up_required,59,3.59,43.14,0,Pièce remplacée puis remise en service progressive.,2026-S1
MNT-2026S1-0084,EVT-2026S1-0122,EQ-CONV-242,2026-02-28T04:16:00Z,2026-02-28T05:51:00Z,preventive,parts_ordered,95,2.7,32.45,0,"Cause non confirmée, mesures complémentaires nécessaires.",2026-S1
MNT-2026S1-0085,EVT-2026S1-0444,EQ-ROBOT-184,2026-03-24T02:01:00Z,2026-03-24T02:21:00Z,replacement,parts_ordered,20,1.7,20.42,0,Intervention préventive conforme au plan.,2026-S1
MNT-2026S1-0086,EVT-2026S1-0310,EQ-PUMP-210,2026-04-16T13:43:00Z,2026-04-16T16:18:00Z,replacement,monitoring,155,5.97,260.27,2,"Réglage effectué, surveillance demandée à la prochaine ronde.",2026-S1
MNT-2026S1-0087,EVT-2026S1-X023,EQ-PUMP-351,2026-01-24T16:11:00Z,2026-01-24T17:57:00Z,calibration,monitoring,106,3.22,38.61,0,Contrôle visuel et essai fonctionnel réalisés.,2026-S1
MNT-2026S1-0088,EVT-2026S1-0389,EQ-MIX-179,2026-04-16T23:58:00Z,2026-04-17T01:24:00Z,inspection,parts_ordered,86,1.08,208.81,1,Contrôle visuel et essai fonctionnel réalisés.,2026-S1
MNT-2026S1-0089,EVT-2026S1-0269,EQ-MIX-359,2026-01-11T14:10:00Z,2026-01-11T16:06:00Z,replacement,no_fault_found,116,3.6,43.26,0,"Réglage effectué, surveillance demandée à la prochaine ronde.",2026-S1
MNT-2026S1-0090,EVT-2026S1-0194,EQ-PRESS-134,2026-01-23T00:59:00Z,2026-01-23T05:35:00Z,inspection,no_fault_found,276,6.12,474.97,3,"Réglage effectué, surveillance demandée à la prochaine ronde.",2026-S1
MNT-2026S1-0091,EVT-2026S1-0157,EQ-PUMP-327,2026-06-14T15:50:00Z,2026-06-14T18:20:00Z,preventive,monitoring,150,5.29,576.86,2,"Cause non confirmée, mesures complémentaires nécessaires.",2026-S1
MNT-2026S1-0092,EVT-2026S1-0435,EQ-STEAM-385,2026-05-30T01:08:00Z,2026-05-30T03:39:00Z,calibration,follow_up_required,151,3.48,41.78,0,Pièce remplacée puis remise en service progressive.,2026-S1
MNT-2026S1-0093,EVT-2026S1-0381,EQ-PUMP-391,2026-01-07T22:58:00Z,2026-01-08T02:40:00Z,replacement,follow_up_required,222,6.33,515.88,2,Contrôle visuel et essai fonctionnel réalisés.,2026-S1
MNT-2026S1-0094,EVT-2026S1-0281,EQ-PUMP-191,2026-03-07T00:04:00Z,2026-03-07T02:55:00Z,replacement,resolved,171,2.19,218.5,1,"Cause non confirmée, mesures complémentaires nécessaires.",2026-S1
MNT-2026S1-0095,EVT-2026S1-0323,EQ-COMP-353,2026-05-03T16:32:00Z,2026-05-03T20:25:00Z,replacement,monitoring,233,5.83,531.27,2,Pièce remplacée puis remise en service progressive.,2026-S1
MNT-2026S1-0096,EVT-2026S1-X023,EQ-PUMP-351,2026-01-24T15:02:00Z,2026-01-24T18:03:00Z,replacement,resolved,181,4.98,59.72,0,"Cause non confirmée, mesures complémentaires nécessaires.",2026-S1
MNT-2026S1-0097,EVT-2026S1-0043,EQ-COMP-273,2026-05-07T06:09:00Z,2026-05-07T09:44:00Z,replacement,resolved,215,3.57,168.16,3,Intervention préventive conforme au plan.,2026-S1
MNT-2026S1-0098,EVT-2026S1-0082,EQ-CONV-102,2026-05-11T06:18:00Z,2026-05-11T08:13:00Z,preventive,follow_up_required,115,3.29,,0,Pièce remplacée puis remise en service progressive.,2026-S1
MNT-2026S1-0099,EVT-2026S1-0157,EQ-PUMP-327,2026-06-14T15:36:00Z,2026-06-14T18:15:00Z,replacement,parts_ordered,159,4.74,56.9,0,"Cause non confirmée, mesures complémentaires nécessaires.",2026-S1
MNT-2026S1-0100,EVT-2026S1-0129,EQ-MIX-319,2026-06-15T03:48:00Z,2026-06-15T04:33:00Z,preventive,parts_ordered,45,3.63,466.95,2,Contrôle visuel et essai fonctionnel réalisés.,2026-S1
MNT-2026S1-0101,EVT-2026S1-0283,EQ-COMP-213,2026-03-21T21:06:00Z,2026-03-22T00:19:00Z,corrective,follow_up_required,193,5.69,68.27,0,"Réglage effectué, surveillance demandée à la prochaine ronde.",2026-S1
MNT-2026S1-0102,EVT-2026S1-0298,EQ-ROBOT-378,2026-05-04T06:31:00Z,2026-05-04T07:50:00Z,preventive,no_fault_found,79,2.38,28.55,0,Contrôle visuel et essai fonctionnel réalisés.,2026-S1
MNT-2026S1-0103,EVT-2026S1-0030,EQ-OVEN-001,2026-05-04T17:10:00Z,2026-05-04T18:22:00Z,calibration,monitoring,72,0.65,7.77,0,Contrôle visuel et essai fonctionnel réalisés.,2026-S1
MNT-2026S1-0104,EVT-2026S1-0067,EQ-PRESS-237,2026-02-24T22:39:00Z,2026-02-25T01:49:00Z,replacement,parts_ordered,190,6.37,445.47,3,Contrôle visuel et essai fonctionnel réalisés.,2026-S1
MNT-2026S1-0105,EVT-2026S1-0097,EQ-PUMP-267,2026-05-05T12:42:00Z,2026-05-05T15:49:00Z,corrective,monitoring,187,4.43,53.21,0,Pièce remplacée puis remise en service progressive.,2026-S1
MNT-2026S1-0106,EVT-2026S1-0030,EQ-OVEN-001,2026-05-04T15:42:00Z,2026-05-04T16:45:00Z,inspection,resolved,63,0.37,4.39,0,"Réglage effectué, surveillance demandée à la prochaine ronde.",2026-S1
MNT-2026S1-0107,EVT-2026S1-0251,EQ-SENSOR-165,2026-01-04T07:03:00Z,2026-01-04T08:26:00Z,calibration,no_fault_found,83,3.01,36.16,0,Intervention préventive conforme au plan.,2026-S1
MNT-2026S1-0108,EVT-2026S1-0070,EQ-PUMP-270,2026-05-07T23:24:00Z,2026-05-08T02:06:00Z,preventive,monitoring,162,3.64,84.03,1,Pièce remplacée puis remise en service progressive.,2026-S1
MNT-2026S1-0109,EVT-2026S1-X011,EQ-FAN-304,2026-01-20T08:31:00Z,2026-01-20T10:17:00Z,calibration,follow_up_required,106,1.44,573.94,3,"Cause non confirmée, mesures complémentaires nécessaires.",2026-S1
MNT-2026S1-0110,EVT-2026S1-0113,EQ-OVEN-143,2026-04-26T23:02:00Z,2026-04-26T23:50:00Z,corrective,no_fault_found,48,1.76,224.98,2,"Réglage effectué, surveillance demandée à la prochaine ronde.",2026-S1
MNT-2026S1-0111,EVT-2026S1-0343,EQ-COMP-273,2026-02-28T21:22:00Z,,corrective,parts_ordered,144,3.15,148.04,1,Contrôle visuel et essai fonctionnel réalisés.,2026-S1
MNT-2026S1-0112,EVT-2026S1-0307,EQ-PRESS-177,2026-02-23T11:09:00Z,2026-02-23T15:59:00Z,corrective,monitoring,290,6.26,185.38,2,"Cause non confirmée, mesures complémentaires nécessaires.",2026-S1
MNT-2026S1-0113,EVT-2026S1-0177,EQ-PUMP-247,2026-01-31T17:26:00Z,2026-01-31T20:50:00Z,inspection,follow_up_required,204,5.08,110.98,1,"Réglage effectué, surveillance demandée à la prochaine ronde.",2026-S1
MNT-2026S1-0114,EVT-2026S1-0250,EQ-PUMP-150,2026-01-04T22:31:00Z,2026-01-05T00:34:00Z,calibration,monitoring,123,3.89,384.58,2,"Cause non confirmée, mesures complémentaires nécessaires.",2026-S1
MNT-2026S1-0115,EVT-2026S1-0442,EQ-ROBOT-162,2026-02-22T14:42:00Z,2026-02-22T16:56:00Z,calibration,no_fault_found,134,3.04,36.43,0,Contrôle visuel et essai fonctionnel réalisés.,2026-S1
MNT-2026S1-0116,EVT-2026S1-0388,EQ-CHILL-168,2026-03-20T05:54:00Z,2026-03-20T09:22:00Z,replacement,no_fault_found,208,5.25,62.98,0,Contrôle visuel et essai fonctionnel réalisés.,2026-S1
MNT-2026S1-0117,EVT-2026S1-0011,EQ-CONV-001,2026-01-03T04:14:00Z,2026-01-03T05:33:00Z,preventive,parts_ordered,79,1.74,20.88,0,Contrôle visuel et essai fonctionnel réalisés.,2026-S1
MNT-2026S1-0118,EVT-2026S1-0467,EQ-CONV-137,2026-01-24T18:09:00Z,2026-01-24T20:11:00Z,corrective,no_fault_found,122,4.69,247.21,2,Intervention préventive conforme au plan.,2026-S1
MNT-2026S1-0119,EVT-2026S1-X018,EQ-OVEN-186,2026-04-26T20:49:00Z,2026-04-26T21:33:00Z,replacement,no_fault_found,44,0.41,4.97,0,Pièce remplacée puis remise en service progressive.,2026-S1
MNT-2026S1-0120,EVT-2026S1-0040,EQ-CONV-003,2026-01-24T08:23:00Z,2026-01-24T11:07:00Z,corrective,monitoring,164,1.79,21.48,0,"Cause non confirmée, mesures complémentaires nécessaires.",2026-S1
MNT-2026S1-0121,EVT-2026S1-0262,EQ-CONV-282,2026-01-18T04:56:00Z,2026-01-18T07:41:00Z,inspection,resolved,165,4.07,48.81,0,Intervention préventive conforme au plan.,2026-S1
MNT-2026S1-0122,EVT-2026S1-0193,EQ-OVEN-123,2026-01-23T16:08:00Z,2026-01-23T16:23:00Z,calibration,parts_ordered,10,1.3,15.58,0,Contrôle visuel et essai fonctionnel réalisés.,2026-S1
MNT-2026S1-0123,EVT-2026S1-0240,EQ-FAN-340,2026-03-25T17:31:00Z,2026-03-25T17:46:00Z,corrective,monitoring,0,0.25,3.0,0,"Réglage effectué, surveillance demandée à la prochaine ronde.",2026-S1
MNT-2026S1-0124,EVT-2026S1-0015,EQ-PUMP-001,2026-06-18T01:51:00Z,2026-06-18T02:34:00Z,replacement,no_fault_found,43,1.14,55.92,1,Intervention préventive conforme au plan.,2026-S1
MNT-2026S1-0125,EVT-2026S1-0188,EQ-CHILL-368,2026-01-16T11:12:00Z,2026-01-16T14:25:00Z,preventive,follow_up_required,193,3.94,298.04,2,Pièce remplacée puis remise en service progressive.,2026-S1
MNT-2026S1-0126,EVT-2026S1-0032,EQ-PUMP-005,2026-04-09T21:53:00Z,2026-04-10T00:13:00Z,preventive,no_fault_found,140,5.55,212.73,1,"Réglage effectué, surveillance demandée à la prochaine ronde.",2026-S1
MNT-2026S1-0127,EVT-2026S1-0496,EQ-VALVE-156,2026-03-10T12:39:00Z,2026-03-10T14:19:00Z,inspection,resolved,100,2.39,28.72,0,"Cause non confirmée, mesures complémentaires nécessaires.",2026-S1
MNT-2026S1-0128,EVT-2026S1-X037,EQ-STEAM-341,2026-03-17T18:03:00Z,2026-03-17T20:35:00Z,inspection,follow_up_required,152,2.23,26.77,0,Contrôle visuel et essai fonctionnel réalisés.,2026-S1
MNT-2026S1-0129,EVT-2026S1-0226,EQ-OVEN-186,2026-03-03T10:20:00Z,2026-03-03T13:50:00Z,replacement,parts_ordered,210,4.88,466.92,2,Pièce remplacée puis remise en service progressive.,2026-S1
MNT-2026S1-0130,EVT-2026S1-0084,EQ-FAN-124,2026-02-04T11:03:00Z,2026-02-04T15:05:00Z,corrective,follow_up_required,242,5.6,297.42,1,Contrôle visuel et essai fonctionnel réalisés.,2026-S1
MNT-2026S1-0131,EVT-2026S1-0349,EQ-MIX-339,2026-01-13T11:55:00Z,2026-01-13T13:26:00Z,calibration,follow_up_required,91,3.12,37.44,0,"Cause non confirmée, mesures complémentaires nécessaires.",2026-S1
MNT-2026S1-0132,EVT-2026S1-0215,EQ-SENSOR-365,2026-06-10T20:00:00Z,2026-06-10T21:23:00Z,inspection,parts_ordered,83,2.68,251.64,2,Pièce remplacée puis remise en service progressive.,2026-S1
MNT-2026S1-0133,EVT-2026S1-0073,EQ-OVEN-303,2026-05-21T11:35:00Z,2026-05-21T12:58:00Z,corrective,monitoring,83,3.76,45.15,0,"Réglage effectué, surveillance demandée à la prochaine ronde.",2026-S1
MNT-2026S1-0134,EVT-2026S1-0134,EQ-PRESS-374,2026-02-13T21:22:00Z,2026-02-14T02:35:00Z,corrective,monitoring,313,8.41,255.94,2,Pièce remplacée puis remise en service progressive.,2026-S1
MNT-2026S1-0135,EVT-2026S1-0028,EQ-ROBOT-001,2026-05-26T12:30:00Z,2026-05-26T15:31:00Z,corrective,no_fault_found,181,5.23,62.78,0,"Cause non confirmée, mesures complémentaires nécessaires.",2026-S1
MNT-2026S1-0136,EVT-2026S1-0136,EQ-CONV-396,2026-02-24T15:31:00Z,2026-02-24T18:45:00Z,corrective,monitoring,194,3.94,232.99,1,"Cause non confirmée, mesures complémentaires nécessaires.",2026-S1
MNT-2026S1-0137,EVT-2026S1-0370,EQ-PUMP-270,2026-03-12T18:42:00Z,2026-03-12T21:16:00Z,calibration,monitoring,154,5.41,569.5,3,"Cause non confirmée, mesures complémentaires nécessaires.",2026-S1
MNT-2026S1-0138,EVT-2026S1-0077,EQ-PUMP-347,2026-04-12T12:36:00Z,2026-04-12T15:50:00Z,calibration,resolved,194,3.04,161.07,2,"Cause non confirmée, mesures complémentaires nécessaires.",2026-S1
MNT-2026S1-0139,EVT-2026S1-0093,EQ-OVEN-223,2026-03-22T21:33:00Z,2026-03-22T22:59:00Z,preventive,no_fault_found,86,0.25,3.0,0,"Réglage effectué, surveillance demandée à la prochaine ronde.",2026-S1
MNT-2026S1-0140,EVT-2026S1-0044,EQ-FAN-284,2026-02-23T22:20:00Z,2026-02-24T02:52:00Z,corrective,monitoring,272,6.36,203.1,2,"Cause non confirmée, mesures complémentaires nécessaires.",2026-S1
MNT-2026S1-0141,EVT-2026S1-0007,EQ-OVEN-001,2026-02-06T11:35:00Z,2026-02-06T14:41:00Z,corrective,follow_up_required,186,5.71,249.54,2,Intervention préventive conforme au plan.,2026-S1
MNT-2026S1-0142,EVT-2026S1-0307,EQ-PRESS-177,2026-02-23T09:27:00Z,2026-02-23T13:21:00Z,replacement,follow_up_required,234,6.43,251.84,2,Intervention préventive conforme au plan.,2026-S1
MNT-2026S1-0143,EVT-2026S1-0444,EQ-ROBOT-184,2026-03-24T02:19:00Z,2026-03-24T03:26:00Z,replacement,no_fault_found,67,2.21,183.29,1,"Cause non confirmée, mesures complémentaires nécessaires.",2026-S1
MNT-2026S1-0144,EVT-2026S1-0225,EQ-ROBOT-175,2026-01-20T21:52:00Z,2026-01-21T00:27:00Z,preventive,follow_up_required,155,4.53,551.04,2,Intervention préventive conforme au plan.,2026-S1
MNT-2026S1-0145,EVT-2026S1-0320,EQ-FAN-320,2026-06-06T19:44:00Z,2026-06-06T21:21:00Z,corrective,follow_up_required,97,3.39,40.66,0,Intervention préventive conforme au plan.,2026-S1
MNT-2026S1-0146,EVT-2026S1-0029,EQ-COMP-003,2026-03-13T16:54:00Z,2026-03-13T20:57:00Z,replacement,monitoring,243,4.17,50.08,0,"Cause non confirmée, mesures complémentaires nécessaires.",2026-S1
MNT-2026S1-0147,EVT-2026S1-0068,EQ-CHILL-248,2026-03-15T04:48:00Z,2026-03-15T08:13:00Z,replacement,follow_up_required,205,4.41,279.82,1,"Réglage effectué, surveillance demandée à la prochaine ronde.",2026-S1
MNT-2026S1-0148,EVT-2026S1-0170,EQ-PUMP-170,2026-03-05T03:30:00Z,,replacement,parts_ordered,185,4.68,56.2,0,Intervention préventive conforme au plan.,2026-S1
MNT-2026S1-0149,EVT-2026S1-0436,EQ-COMP-396,2026-02-14T04:17:00Z,2026-02-14T06:17:00Z,calibration,no_fault_found,120,2.54,30.51,0,Intervention préventive conforme au plan.,2026-S1
MNT-2026S1-0150,EVT-2026S1-0052,EQ-EXTRA-422,2026-05-04T21:58:00Z,2026-05-04T23:17:00Z,replacement,follow_up_required,79,0.25,66.5,1,Intervention préventive conforme au plan.,2026-S1
MNT-2026S1-0151,EVT-2026S1-0247,EQ-PRESS-117,2026-04-05T16:30:00Z,2026-04-05T20:00:00Z,replacement,parts_ordered,210,7.88,545.45,3,Pièce remplacée puis remise en service progressive.,2026-S1
MNT-2026S1-0152,EVT-2026S1-0281,EQ-PUMP-191,2026-03-07T01:50:00Z,2026-03-07T04:36:00Z,corrective,monitoring,166,5.74,479.51,2,"Cause non confirmée, mesures complémentaires nécessaires.",2026-S1
MNT-2026S1-0153,EVT-2026S1-0377,EQ-PUMP-347,2026-05-14T15:02:00Z,2026-05-14T17:02:00Z,calibration,resolved,120,4.45,184.03,2,"Réglage effectué, surveillance demandée à la prochaine ronde.",2026-S1
MNT-2026S1-0154,EVT-2026S1-0484,EQ-CHILL-115,2026-06-06T17:25:00Z,2026-06-06T20:29:00Z,replacement,parts_ordered,184,5.26,63.11,0,"Cause non confirmée, mesures complémentaires nécessaires.",2026-S1
MNT-2026S1-0155,EVT-2026S1-0170,EQ-PUMP-170,2026-03-05T02:58:00Z,2026-03-05T06:06:00Z,calibration,follow_up_required,188,3.75,329.83,2,Pièce remplacée puis remise en service progressive.,2026-S1
MNT-2026S1-0156,EVT-2026S1-0130,EQ-PUMP-330,2026-03-04T02:10:00Z,2026-03-04T05:23:00Z,calibration,no_fault_found,193,4.28,123.27,1,Intervention préventive conforme au plan.,2026-S1
MNT-2026S1-0157,EVT-2026S1-0136,EQ-CONV-396,2026-02-24T15:16:00Z,2026-02-24T19:06:00Z,calibration,parts_ordered,230,4.72,56.7,0,Intervention préventive conforme au plan.,2026-S1
MNT-2026S1-0158,EVT-2026S1-0350,EQ-PUMP-350,2026-06-07T15:59:00Z,2026-06-07T19:34:00Z,replacement,parts_ordered,215,4.6,94.43,1,Intervention préventive conforme au plan.,2026-S1
MNT-2026S1-0159,EVT-2026S1-0392,EQ-PRESS-117,2026-04-07T00:08:00Z,2026-04-07T00:54:00Z,inspection,parts_ordered,46,1.49,137.95,2,Intervention préventive conforme au plan.,2026-S1
MNT-2026S1-0160,EVT-2026S1-0394,EQ-PRESS-234,2026-03-30T18:55:00Z,2026-03-30T23:22:00Z,replacement,monitoring,267,6.67,767.7,3,Contrôle visuel et essai fonctionnel réalisés.,2026-S1
MNT-2026S1-0161,EVT-2026S1-0437,EQ-COMP-107,2026-01-02T15:28:00Z,2026-01-02T18:41:00Z,calibration,resolved,193,3.7,44.38,0,Contrôle visuel et essai fonctionnel réalisés.,2026-S1
MNT-2026S1-0162,EVT-2026S1-X030,EQ-VALVE-388,2026-03-03T18:37:00Z,2026-03-03T20:29:00Z,inspection,resolved,112,3.18,87.62,1,Intervention préventive conforme au plan.,2026-S1
MNT-2026S1-0163,EVT-2026S1-X009,EQ-COMP-233,2026-06-07T20:17:00Z,2026-06-07T23:12:00Z,corrective,monitoring,175,5.29,63.43,0,Pièce remplacée puis remise en service progressive.,2026-S1
MNT-2026S1-0164,EVT-2026S1-0457,EQ-VALVE-327,2026-04-05T15:25:00Z,2026-04-05T17:54:00Z,inspection,monitoring,149,3.09,75.03,1,Intervention préventive conforme au plan.,2026-S1
MNT-2026S1-0165,EVT-2026S1-0013,EQ-CHILL-001,2026-01-02T14:51:00Z,2026-01-02T17:10:00Z,corrective,resolved,139,3.53,256.44,2,"Cause non confirmée, mesures complémentaires nécessaires.",2026-S1
MNT-2026S1-0166,EVT-2026S1-X015,EQ-PRESS-277,2026-03-29T18:02:00Z,2026-03-29T18:28:00Z,calibration,resolved,26,1.49,17.83,0,Intervention préventive conforme au plan.,2026-S1
MNT-2026S1-0167,EVT-2026S1-0008,EQ-PRESS-001,2026-06-02T06:27:00Z,2026-06-02T09:42:00Z,calibration,no_fault_found,195,4.88,132.15,1,Contrôle visuel et essai fonctionnel réalisés.,2026-S1
MNT-2026S1-0168,EVT-2026S1-0175,EQ-SENSOR-225,2026-03-21T01:57:00Z,2026-03-21T03:30:00Z,inspection,follow_up_required,93,0.76,9.12,0,Intervention préventive conforme au plan.,2026-S1
MNT-2026S1-0169,EVT-2026S1-0103,EQ-COMP-333,2026-02-14T02:00:00Z,2026-02-14T04:35:00Z,corrective,monitoring,155,4.28,212.2,1,Intervention préventive conforme au plan.,2026-S1
MNT-2026S1-0170,EVT-2026S1-0054,EQ-PRESS-394,2026-01-11T17:03:00Z,2026-01-11T21:30:00Z,inspection,follow_up_required,267,6.54,282.69,4,"Réglage effectué, surveillance demandée à la prochaine ronde.",2026-S1
MNT-2026S1-0171,EVT-2026S1-0100,EQ-FAN-300,2026-06-16T16:58:00Z,2026-06-16T17:40:00Z,corrective,follow_up_required,42,0.91,10.91,0,Contrôle visuel et essai fonctionnel réalisés.,2026-S1
MNT-2026S1-0172,EVT-2026S1-X012,EQ-CONV-003,2026-05-20T05:02:00Z,2026-05-20T09:45:00Z,preventive,monitoring,283,6.79,288.03,2,Contrôle visuel et essai fonctionnel réalisés.,2026-S1
MNT-2026S1-0173,EVT-2026S1-0184,EQ-FAN-324,2026-05-23T17:33:00Z,2026-05-23T21:49:00Z,inspection,resolved,256,5.89,1063.94,4,Intervention préventive conforme au plan.,2026-S1
MNT-2026S1-0174,EVT-2026S1-0308,EQ-CHILL-188,2026-06-07T10:10:00Z,2026-06-07T13:29:00Z,inspection,follow_up_required,199,5.47,433.82,2,"Réglage effectué, surveillance demandée à la prochaine ronde.",2026-S1
MNT-2026S1-0175,EVT-2026S1-0471,EQ-PUMP-181,2026-05-22T23:08:00Z,2026-05-23T01:48:00Z,corrective,resolved,160,4.26,308.14,1,Pièce remplacée puis remise en service progressive.,2026-S1
MNT-2026S1-0176,EVT-2026S1-0462,EQ-CHILL-382,2026-01-13T02:51:00Z,2026-01-13T05:29:00Z,corrective,parts_ordered,158,4.89,203.5,1,Intervention préventive conforme au plan.,2026-S1
MNT-2026S1-0177,EVT-2026S1-X046,EQ-FAN-260,2026-05-27T14:36:00Z,2026-05-27T15:57:00Z,corrective,monitoring,81,2.57,30.9,0,"Réglage effectué, surveillance demandée à la prochaine ronde.",2026-S1
MNT-2026S1-0178,EVT-2026S1-0485,EQ-SENSOR-305,2026-02-13T06:33:00Z,2026-02-13T09:13:00Z,replacement,parts_ordered,160,4.03,95.17,1,"Cause non confirmée, mesures complémentaires nécessaires.",2026-S1
MNT-2026S1-0179,EVT-2026S1-0270,EQ-PUMP-370,2026-01-30T10:46:00Z,2026-01-30T13:14:00Z,calibration,monitoring,148,4.11,111.49,1,Intervention préventive conforme au plan.,2026-S1
MNT-2026S1-0180,EVT-2026S1-0021,EQ-PUMP-004,2026-06-12T20:46:00Z,2026-06-13T01:18:00Z,replacement,parts_ordered,272,4.43,140.7,1,Pièce remplacée puis remise en service progressive.,2026-S1
MNT-2026S1-0181,EVT-2026S1-X023,EQ-PUMP-351,2026-01-24T13:55:00Z,2026-01-24T15:28:00Z,preventive,resolved,93,2.58,276.76,1,"Réglage effectué, surveillance demandée à la prochaine ronde.",2026-S1
MNT-2026S1-0182,EVT-2026S1-0179,EQ-COMP-269,2026-02-13T18:08:00Z,2026-02-13T20:56:00Z,inspection,resolved,168,4.24,50.89,0,Pièce remplacée puis remise en service progressive.,2026-S1
MNT-2026S1-0183,EVT-2026S1-0278,EQ-ROBOT-158,2026-01-29T02:10:00Z,2026-01-29T04:04:00Z,calibration,no_fault_found,114,6.31,75.76,0,Pièce remplacée puis remise en service progressive.,2026-S1
MNT-2026S1-0184,EVT-2026S1-0100,EQ-FAN-300,2026-06-16T17:35:00Z,2026-06-16T19:37:00Z,calibration,follow_up_required,122,2.26,27.11,0,Contrôle visuel et essai fonctionnel réalisés.,2026-S1
MNT-2026S1-0185,EVT-2026S1-0443,EQ-ROBOT-173,2026-03-22T00:38:00Z,,preventive,monitoring,118,3.04,,0,Intervention préventive conforme au plan.,2026-S1
MNT-2026S1-0186,EVT-2026S1-0407,EQ-VALVE-377,2026-05-20T05:11:00Z,2026-05-20T07:34:00Z,preventive,follow_up_required,143,3.15,37.81,0,Pièce remplacée puis remise en service progressive.,2026-S1
MNT-2026S1-0187,EVT-2026S1-0099,EQ-COMP-289,2026-02-03T03:55:00Z,2026-02-03T07:42:00Z,replacement,parts_ordered,227,6.1,271.31,2,Intervention préventive conforme au plan.,2026-S1
MNT-2026S1-0188,EVT-2026S1-0056,EQ-CONV-116,2026-03-10T18:28:00Z,2026-03-10T21:44:00Z,calibration,parts_ordered,196,6.11,681.36,4,"Cause non confirmée, mesures complémentaires nécessaires.",2026-S1
MNT-2026S1-0189,EVT-2026S1-0067,EQ-PRESS-237,2026-02-24T22:43:00Z,2026-02-25T04:29:00Z,inspection,no_fault_found,346,7.16,267.97,2,Intervention préventive conforme au plan.,2026-S1
MNT-2026S1-0190,EVT-2026S1-0415,EQ-GEAR-165,2026-06-10T20:58:00Z,2026-06-10T23:34:00Z,replacement,parts_ordered,156,3.39,233.57,1,Pièce remplacée puis remise en service progressive.,2026-S1
MNT-2026S1-0191,EVT-2026S1-0441,EQ-ROBOT-151,2026-03-01T19:54:00Z,2026-03-01T21:49:00Z,inspection,parts_ordered,115,2.36,28.3,0,Pièce remplacée puis remise en service progressive.,2026-S1
MNT-2026S1-0192,EVT-2026S1-0377,EQ-PUMP-347,2026-05-14T14:13:00Z,2026-05-14T17:47:00Z,replacement,resolved,214,4.5,411.45,2,"Réglage effectué, surveillance demandée à la prochaine ronde.",2026-S1
MNT-2026S1-0193,EVT-2026S1-0403,EQ-MOTOR-333,2026-04-14T08:06:00Z,2026-04-14T11:23:00Z,calibration,no_fault_found,197,5.46,280.98,1,Pièce remplacée puis remise en service progressive.,2026-S1
MNT-2026S1-0194,EVT-2026S1-X031,EQ-PUMP-181,2026-02-06T18:52:00Z,2026-02-06T19:48:00Z,inspection,no_fault_found,56,0.53,6.4,0,"Cause non confirmée, mesures complémentaires nécessaires.",2026-S1
MNT-2026S1-0195,EVT-2026S1-X018,EQ-OVEN-186,2026-04-26T20:46:00Z,2026-04-26T22:53:00Z,inspection,resolved,127,1.63,19.53,0,Pièce remplacée puis remise en service progressive.,2026-S1
MNT-2026S1-0196,EVT-2026S1-0345,EQ-ROBOT-295,2026-05-12T21:47:00Z,2026-05-13T02:10:00Z,inspection,parts_ordered,263,5.36,191.25,1,"Cause non confirmée, mesures complémentaires nécessaires.",2026-S1
MNT-2026S1-0197,EVT-2026S1-0436,EQ-COMP-396,2026-02-14T02:58:00Z,2026-02-14T04:47:00Z,preventive,no_fault_found,109,2.9,261.87,2,Intervention préventive conforme au plan.,2026-S1
MNT-2026S1-0198,EVT-2026S1-0335,EQ-SENSOR-185,2026-06-10T14:48:00Z,2026-06-10T16:28:00Z,inspection,no_fault_found,100,2.24,508.53,2,Contrôle visuel et essai fonctionnel réalisés.,2026-S1
MNT-2026S1-0199,EVT-2026S1-0304,EQ-FAN-144,2026-03-08T05:58:00Z,2026-03-08T11:07:00Z,corrective,follow_up_required,309,7.4,556.48,3,"Cause non confirmée, mesures complémentaires nécessaires.",2026-S1
MNT-2026S1-0200,EVT-2026S1-X025,EQ-PUMP-307,2026-01-09T06:14:00Z,2026-01-09T11:26:00Z,preventive,monitoring,312,6.84,534.18,3,Pièce remplacée puis remise en service progressive.,2026-S1
MNT-2026S1-0201,EVT-2026S1-0004,EQ-FAN-004,2026-05-24T00:49:00Z,2026-05-24T05:45:00Z,preventive,parts_ordered,296,6.54,587.7,3,Contrôle visuel et essai fonctionnel réalisés.,2026-S1
MNT-2026S1-0202,EVT-2026S1-0469,EQ-CONV-159,2026-02-18T07:48:00Z,2026-02-18T10:53:00Z,calibration,parts_ordered,185,2.73,301.66,2,Contrôle visuel et essai fonctionnel réalisés.,2026-S1
MNT-2026S1-0203,EVT-2026S1-0178,EQ-ROBOT-258,2026-06-19T13:30:00Z,2026-06-19T14:22:00Z,replacement,no_fault_found,52,1.75,499.8,2,Pièce remplacée puis remise en service progressive.,2026-S1
MNT-2026S1-0204,EVT-2026S1-0042,EQ-CONV-262,2026-02-27T10:50:00Z,2026-02-27T13:15:00Z,corrective,parts_ordered,145,5.77,69.21,0,"Réglage effectué, surveillance demandée à la prochaine ronde.",2026-S1
MNT-2026S1-0205,EVT-2026S1-0217,EQ-PUMP-387,2026-05-03T20:39:00Z,2026-05-04T00:14:00Z,preventive,no_fault_found,215,3.12,145.3,1,"Cause non confirmée, mesures complémentaires nécessaires.",2026-S1
MNT-2026S1-0206,EVT-2026S1-0193,EQ-OVEN-123,2026-01-23T16:05:00Z,2026-01-23T17:14:00Z,calibration,no_fault_found,99999,1.46,451.75,2,"Réglage effectué, surveillance demandée à la prochaine ronde.",2026-S1
MNT-2026S1-0207,EVT-2026S1-0113,EQ-OVEN-143,2026-04-26T23:24:00Z,2026-04-27T01:18:00Z,calibration,no_fault_found,114,2.61,31.37,0,"Cause non confirmée, mesures complémentaires nécessaires.",2026-S1
MNT-2026S1-0208,EVT-2026S1-0394,EQ-PRESS-234,2026-03-30T19:08:00Z,2026-03-30T23:43:00Z,inspection,parts_ordered,275,9.41,501.41,2,Contrôle visuel et essai fonctionnel réalisés.,2026-S1
MNT-2026S1-0209,EVT-2026S1-X021,EQ-FAN-002,2026-06-02T06:32:00Z,2026-06-02T08:15:00Z,preventive,monitoring,103,3.82,45.8,0,Pièce remplacée puis remise en service progressive.,2026-S1
MNT-2026S1-0210,EVT-2026S1-0037,EQ-ROBOT-003,2026-03-14T04:31:00Z,2026-03-14T06:02:00Z,corrective,monitoring,91,2.11,116.08,1,"Cause non confirmée, mesures complémentaires nécessaires.",2026-S1
MNT-2026S1-0211,EVT-2026S1-X027,EQ-CAB-134,2026-01-18T10:37:00Z,2026-01-18T12:53:00Z,calibration,no_fault_found,136,2.69,163.28,1,Intervention préventive conforme au plan.,2026-S1
MNT-2026S1-0212,EVT-2026S1-0242,EQ-CONV-362,2026-01-13T00:35:00Z,2026-01-13T02:16:00Z,corrective,follow_up_required,101,2.63,130.76,1,"Cause non confirmée, mesures complémentaires nécessaires.",2026-S1
MNT-2026S1-0213,EVT-2026S1-0277,EQ-PUMP-147,2026-02-03T19:42:00Z,2026-02-03T21:17:00Z,preventive,resolved,95,3.29,429.04,2,"Réglage effectué, surveillance demandée à la prochaine ronde.",2026-S1
MNT-2026S1-0214,EVT-2026S1-0381,EQ-PUMP-391,2026-01-07T23:45:00Z,2026-01-08T03:07:00Z,replacement,resolved,202,5.05,242.01,1,Pièce remplacée puis remise en service progressive.,2026-S1
MNT-2026S1-0215,EVT-2026S1-0166,EQ-OVEN-126,2026-01-27T01:30:00Z,2026-01-27T05:33:00Z,preventive,follow_up_required,243,4.32,51.88,0,Intervention préventive conforme au plan.,2026-S1
MNT-2026S1-0216,EVT-2026S1-0400,EQ-FAN-300,2026-04-01T14:33:00Z,2026-04-01T15:29:00Z,preventive,follow_up_required,56,1.47,17.67,0,"Réglage effectué, surveillance demandée à la prochaine ronde.",2026-S1
MNT-2026S1-0217,EVT-2026S1-0392,EQ-PRESS-117,2026-04-06T22:32:00Z,2026-04-06T22:47:00Z,replacement,follow_up_required,0,0.25,3.0,0,"Cause non confirmée, mesures complémentaires nécessaires.",2026-S1
MNT-2026S1-0218,EVT-2026S1-0214,EQ-PRESS-354,2026-01-21T07:35:00Z,2026-01-21T11:53:00Z,replacement,monitoring,258,7.91,94.87,0,Pièce remplacée puis remise en service progressive.,2026-S1
MNT-2026S1-0219,EVT-2026S1-X036,EQ-PUMP-001,2026-01-08T22:44:00Z,2026-01-08T23:56:00Z,inspection,resolved,72,3.01,36.11,0,Contrôle visuel et essai fonctionnel réalisés.,2026-S1
MNT-2026S1-0220,EVT-2026S1-0150,EQ-PUMP-250,2026-06-04T18:17:00Z,2026-06-04T20:09:00Z,corrective,parts_ordered,112,5.32,296.98,3,Contrôle visuel et essai fonctionnel réalisés.,2026-S1
MNT-2026S1-0221,EVT-2026S1-0486,EQ-ROBOT-346,2026-03-11T06:28:00Z,2026-03-11T10:36:00Z,inspection,monitoring,248,7.01,369.62,3,Pièce remplacée puis remise en service progressive.,2026-S1
MNT-2026S1-0222,EVT-2026S1-0495,EQ-CAB-145,2026-06-15T14:28:00Z,,inspection,follow_up_required,332,5.78,440.09,4,Intervention préventive conforme au plan.,2026-S1
MNT-2026S1-0223,EVT-2026S1-0280,EQ-FAN-180,2026-06-17T15:57:00Z,2026-06-17T17:55:00Z,preventive,no_fault_found,118,1.82,21.85,0,Intervention préventive conforme au plan.,2026-S1
MNT-2026S1-0224,EVT-2026S1-0444,EQ-ROBOT-184,2026-03-24T02:23:00Z,2026-03-24T04:22:00Z,replacement,no_fault_found,119,2.89,161.08,1,"Cause non confirmée, mesures complémentaires nécessaires.",2026-S1
MNT-2026S1-0225,EVT-2026S1-0313,EQ-OVEN-243,2026-04-19T19:34:00Z,2026-04-19T20:47:00Z,replacement,no_fault_found,73,1.24,14.9,0,"Réglage effectué, surveillance demandée à la prochaine ronde.",2026-S1
MNT-2026S1-0226,EVT-2026S1-X045,EQ-CONV-102,2026-03-25T15:35:00Z,2026-03-25T17:30:00Z,inspection,monitoring,115,4.13,,2,Pièce remplacée puis remise en service progressive.,2026-S1
MNT-2026S1-0227,EVT-2026S1-X036,EQ-PUMP-001,2026-01-09T01:04:00Z,2026-01-09T03:08:00Z,calibration,resolved,124,4.08,150.09,1,Contrôle visuel et essai fonctionnel réalisés.,2026-S1
MNT-2026S1-0228,EVT-2026S1-0488,EQ-ROBOT-368,2026-01-18T02:26:00Z,2026-01-18T06:51:00Z,corrective,no_fault_found,265,6.87,185.87,1,Pièce remplacée puis remise en service progressive.,2026-S1
MNT-2026S1-0229,EVT-2026S1-X007,EQ-STEAM-352,2026-06-03T20:55:00Z,2026-06-04T01:03:00Z,corrective,no_fault_found,248,5.37,152.06,1,Intervention préventive conforme au plan.,2026-S1
MNT-2026S1-0230,EVT-2026S1-0147,EQ-PRESS-217,2026-04-22T21:57:00Z,2026-04-23T02:42:00Z,calibration,monitoring,285,8.23,685.29,3,Pièce remplacée puis remise en service progressive.,2026-S1
MNT-2026S1-0231,EVT-2026S1-0367,EQ-PRESS-237,2026-03-20T17:19:00Z,2026-03-20T22:30:00Z,corrective,monitoring,311,7.94,283.99,1,Pièce remplacée puis remise en service progressive.,2026-S1
MNT-2026S1-0232,EVT-2026S1-0405,EQ-MOTOR-355,2026-04-03T01:13:00Z,2026-04-03T03:08:00Z,corrective,follow_up_required,115,4.12,530.33,2,Pièce remplacée puis remise en service progressive.,2026-S1
MNT-2026S1-0233,EVT-2026S1-X044,EQ-PACK-209,2026-06-20T00:59:00Z,2026-06-20T02:47:00Z,replacement,no_fault_found,108,2.98,35.77,0,Pièce remplacée puis remise en service progressive.,2026-S1
MNT-2026S1-0234,EVT-2026S1-X017,EQ-COMP-140,2026-02-02T22:51:00Z,2026-02-03T00:46:00Z,preventive,parts_ordered,115,4.72,296.76,3,"Cause non confirmée, mesures complémentaires nécessaires.",2026-S1
MNT-2026S1-0235,EVT-2026S1-0278,EQ-ROBOT-158,2026-01-29T01:27:00Z,2026-01-29T02:43:00Z,calibration,no_fault_found,76,3.4,40.84,0,Pièce remplacée puis remise en service progressive.,2026-S1
MNT-2026S1-0236,EVT-2026S1-0006,EQ-ROBOT-001,2026-01-30T04:32:00Z,2026-01-30T07:30:00Z,replacement,no_fault_found,178,4.09,49.05,0,"Réglage effectué, surveillance demandée à la prochaine ronde.",2026-S1
MNT-2026S1-0237,EVT-2026S1-X020,EQ-EXTRA-414,2026-02-25T13:59:00Z,2026-02-25T16:13:00Z,preventive,parts_ordered,134,3.98,47.79,0,Contrôle visuel et essai fonctionnel réalisés.,2026-S1
MNT-2026S1-0238,EVT-2026S1-0310,EQ-PUMP-210,2026-04-16T11:41:00Z,2026-04-16T14:50:00Z,calibration,follow_up_required,189,4.96,209.68,1,"Réglage effectué, surveillance demandée à la prochaine ronde.",2026-S1
MNT-2026S1-0239,EVT-2026S1-0143,EQ-COMP-173,2026-02-19T19:15:00Z,2026-02-19T22:24:00Z,preventive,follow_up_required,189,4.95,644.04,3,Contrôle visuel et essai fonctionnel réalisés.,2026-S1
MNT-2026S1-0240,EVT-2026S1-0009,EQ-COMP-001,2026-01-07T03:34:00Z,2026-01-07T06:21:00Z,calibration,resolved,167,2.83,372.8,2,"Cause non confirmée, mesures complémentaires nécessaires.",2026-S1
MNT-2026S1-0241,EVT-2026S1-0011,EQ-CONV-001,2026-01-03T06:32:00Z,2026-01-03T09:26:00Z,calibration,no_fault_found,174,3.0,35.95,0,"Cause non confirmée, mesures complémentaires nécessaires.",2026-S1
MNT-2026S1-0242,EVT-2026S1-0389,EQ-MIX-179,2026-04-17T00:30:00Z,2026-04-17T01:56:00Z,preventive,parts_ordered,86,1.75,20.97,0,Pièce remplacée puis remise en service progressive.,2026-S1
MNT-2026S1-0243,EVT-2026S1-X012,EQ-CONV-003,2026-05-20T04:50:00Z,2026-05-20T09:29:00Z,corrective,monitoring,279,6.12,593.02,3,Pièce remplacée puis remise en service progressive.,2026-S1
MNT-2026S1-0244,EVT-2026S1-0041,EQ-PUMP-251,2026-03-10T12:54:00Z,2026-03-10T16:12:00Z,corrective,parts_ordered,198,4.84,102.52,1,Pièce remplacée puis remise en service progressive.,2026-S1
MNT-2026S1-0245,EVT-2026S1-0204,EQ-FAN-244,2026-01-19T14:21:00Z,2026-01-19T17:52:00Z,preventive,parts_ordered,211,6.39,349.46,3,Pièce remplacée puis remise en service progressive.,2026-S1
MNT-2026S1-0246,EVT-2026S1-0389,EQ-MIX-179,2026-04-17T01:05:00Z,2026-04-17T03:35:00Z,replacement,resolved,150,1.61,19.33,0,"Réglage effectué, surveillance demandée à la prochaine ronde.",2026-S1
MNT-2026S1-0247,EVT-2026S1-0292,EQ-MIX-259,2026-01-12T01:06:00Z,2026-01-12T01:21:00Z,calibration,resolved,0,1.49,248.13,1,Pièce remplacée puis remise en service progressive.,2026-S1
MNT-2026S1-0248,EVT-2026S1-0356,EQ-CONV-116,2026-03-17T07:47:00Z,2026-03-17T11:11:00Z,replacement,no_fault_found,204,5.39,200.7,2,Pièce remplacée puis remise en service progressive.,2026-S1
MNT-2026S1-0249,EVT-2026S1-0105,EQ-ROBOT-355,2026-04-09T19:33:00Z,2026-04-09T22:31:00Z,inspection,follow_up_required,178,3.97,247.6,1,Pièce remplacée puis remise en service progressive.,2026-S1
MNT-2026S1-0250,EVT-2026S1-0493,EQ-CAB-123,2026-04-26T20:02:00Z,2026-04-27T00:57:00Z,corrective,follow_up_required,295,6.88,328.69,1,Intervention préventive conforme au plan.,2026-S1
MNT-2026S1-0251,EVT-2026S1-X042,EQ-COMP-249,2026-06-07T21:25:00Z,2026-06-07T23:18:00Z,corrective,parts_ordered,113,0.78,169.75,1,Pièce remplacée puis remise en service progressive.,2026-S1
MNT-2026S1-0252,EVT-2026S1-0124,EQ-FAN-264,2026-01-20T01:42:00Z,2026-01-20T05:22:00Z,preventive,resolved,220,5.73,378.78,3,"Réglage effectué, surveillance demandée à la prochaine ronde.",2026-S1
MNT-2026S1-0253,EVT-2026S1-0347,EQ-PRESS-317,2026-02-27T18:48:00Z,2026-02-27T23:57:00Z,corrective,no_fault_found,309,8.43,474.22,3,Pièce remplacée puis remise en service progressive.,2026-S1
MNT-2026S1-0254,EVT-2026S1-0030,EQ-OVEN-001,2026-05-04T14:41:00Z,2026-05-04T15:35:00Z,calibration,no_fault_found,54,2.11,25.38,0,Pièce remplacée puis remise en service progressive.,2026-S1
MNT-2026S1-0255,EVT-2026S1-0240,EQ-FAN-340,2026-03-25T16:29:00Z,2026-03-25T18:30:00Z,corrective,resolved,121,0.91,10.92,0,"Réglage effectué, surveillance demandée à la prochaine ronde.",2026-S1
MNT-2026S1-0256,EVT-2026S1-0007,EQ-OVEN-001,2026-02-06T09:30:00Z,2026-02-06T12:06:00Z,preventive,monitoring,156,4.33,186.62,1,"Cause non confirmée, mesures complémentaires nécessaires.",2026-S1
MNT-2026S1-0257,EVT-2026S1-0009,EQ-COMP-001,2026-01-07T04:09:00Z,2026-01-07T07:01:00Z,inspection,resolved,172,5.3,301.56,3,Contrôle visuel et essai fonctionnel réalisés.,2026-S1
MNT-2026S1-0258,EVT-2026S1-X030,EQ-VALVE-388,2026-03-03T18:35:00Z,2026-03-03T21:04:00Z,corrective,parts_ordered,149,2.33,198.8,1,"Cause non confirmée, mesures complémentaires nécessaires.",2026-S1
MNT-2026S1-0259,EVT-2026S1-0332,EQ-ROBOT-275,2026-03-11T21:47:00Z,,replacement,monitoring,54,1.38,190.93,1,Contrôle visuel et essai fonctionnel réalisés.,2026-S1
MNT-2026S1-0260,EVT-2026S1-0404,EQ-MOTOR-344,2026-01-27T13:48:00Z,2026-01-27T16:11:00Z,replacement,parts_ordered,143,5.28,63.37,0,"Cause non confirmée, mesures complémentaires nécessaires.",2026-S1
MNT-2026S1-0261,EVT-2026S1-0087,EQ-PRESS-157,2026-01-09T13:17:00Z,2026-01-09T17:27:00Z,calibration,monitoring,250,6.48,535.6,2,Intervention préventive conforme au plan.,2026-S1
MNT-2026S1-0262,EVT-2026S1-0033,EQ-CONV-005,2026-03-30T17:42:00Z,2026-03-30T20:32:00Z,preventive,monitoring,170,1.88,22.59,0,"Réglage effectué, surveillance demandée à la prochaine ronde.",2026-S1
MNT-2026S1-0263,EVT-2026S1-0139,EQ-COMP-129,2026-05-31T11:45:00Z,2026-05-31T15:22:00Z,replacement,follow_up_required,217,4.34,52.12,0,"Cause non confirmée, mesures complémentaires nécessaires.",2026-S1
MNT-2026S1-0264,EVT-2026S1-X008,EQ-CHILL-168,2026-04-26T00:19:00Z,2026-04-26T03:08:00Z,calibration,monitoring,169,5.56,291.45,1,"Cause non confirmée, mesures complémentaires nécessaires.",2026-S1
MNT-2026S1-0265,EVT-2026S1-0084,EQ-FAN-124,2026-02-04T13:38:00Z,2026-02-04T18:16:00Z,calibration,parts_ordered,278,6.76,,2,"Réglage effectué, surveillance demandée à la prochaine ronde.",2026-S1
MNT-2026S1-0266,EVT-2026S1-0170,EQ-PUMP-170,2026-03-05T01:46:00Z,2026-03-05T04:40:00Z,replacement,monitoring,174,3.28,451.47,2,Contrôle visuel et essai fonctionnel réalisés.,2026-S1
MNT-2026S1-0267,EVT-2026S1-0095,EQ-SENSOR-245,2026-03-10T11:17:00Z,2026-03-10T12:58:00Z,corrective,no_fault_found,101,2.47,392.26,2,"Cause non confirmée, mesures complémentaires nécessaires.",2026-S1
MNT-2026S1-0268,EVT-2026S1-0148,EQ-CHILL-228,2026-05-14T16:54:00Z,2026-05-14T20:47:00Z,calibration,no_fault_found,233,4.78,461.2,2,"Réglage effectué, surveillance demandée à la prochaine ronde.",2026-S1
MNT-2026S1-0269,EVT-2026S1-0294,EQ-PRESS-334,2026-03-02T04:26:00Z,2026-03-02T09:12:00Z,inspection,follow_up_required,286,8.26,266.68,1,"Réglage effectué, surveillance demandée à la prochaine ronde.",2026-S1
MNT-2026S1-0270,EVT-2026S1-0190,EQ-PUMP-390,2026-03-27T01:54:00Z,2026-03-27T05:00:00Z,calibration,follow_up_required,186,5.23,62.7,0,"Cause non confirmée, mesures complémentaires nécessaires.",2026-S1
MNT-2026S1-0271,EVT-2026S1-0361,EQ-PUMP-171,2026-06-11T23:50:00Z,2026-06-12T02:10:00Z,corrective,monitoring,140,2.68,223.47,2,"Cause non confirmée, mesures complémentaires nécessaires.",2026-S1
MNT-2026S1-0272,EVT-2026S1-0024,EQ-PRESS-001,2026-01-20T08:09:00Z,2026-01-20T12:51:00Z,replacement,parts_ordered,282,8.08,201.74,2,Pièce remplacée puis remise en service progressive.,2026-S1
MNT-2026S1-0273,EVT-2026S1-0448,EQ-CAB-228,2026-06-16T17:21:00Z,2026-06-16T19:03:00Z,corrective,parts_ordered,102,3.48,41.73,0,Contrôle visuel et essai fonctionnel réalisés.,2026-S1
MNT-2026S1-0274,EVT-2026S1-X050,EQ-ROBOT-158,2026-05-09T10:06:00Z,2026-05-09T10:59:00Z,corrective,parts_ordered,53,1.55,107.51,2,"Cause non confirmée, mesures complémentaires nécessaires.",2026-S1
MNT-2026S1-0275,EVT-2026S1-0022,EQ-FAN-003,2026-04-30T20:44:00Z,2026-04-30T22:04:00Z,replacement,monitoring,80,1.79,21.5,0,"Réglage effectué, surveillance demandée à la prochaine ronde.",2026-S1
MNT-2026S1-0276,EVT-2026S1-0432,EQ-STEAM-352,2026-05-21T09:01:00Z,2026-05-21T10:19:00Z,inspection,resolved,78,4.62,55.39,0,Pièce remplacée puis remise en service progressive.,2026-S1
MNT-2026S1-0277,EVT-2026S1-0113,EQ-OVEN-143,2026-04-26T21:25:00Z,2026-04-26T23:16:00Z,replacement,parts_ordered,111,2.51,30.08,0,"Réglage effectué, surveillance demandée à la prochaine ronde.",2026-S1
MNT-2026S1-0278,EVT-2026S1-0417,EQ-PACK-187,2026-04-30T06:45:00Z,2026-04-30T08:05:00Z,corrective,resolved,80,0.47,5.65,0,Intervention préventive conforme au plan.,2026-S1
MNT-2026S1-0279,EVT-2026S1-0334,EQ-PRESS-174,2026-01-25T07:12:00Z,2026-01-25T11:56:00Z,calibration,monitoring,284,6.48,557.98,3,Intervention préventive conforme au plan.,2026-S1
MNT-2026S1-0280,EVT-2026S1-0393,EQ-OVEN-223,2026-03-26T19:29:00Z,2026-03-26T21:09:00Z,replacement,parts_ordered,100,2.1,266.39,1,"Cause non confirmée, mesures complémentaires nécessaires.",2026-S1
MNT-2026S1-0281,EVT-2026S1-0297,EQ-PUMP-367,2026-06-07T09:58:00Z,2026-06-07T12:28:00Z,corrective,parts_ordered,150,3.43,250.44,1,Pièce remplacée puis remise en service progressive.,2026-S1
MNT-2026S1-0282,EVT-2026S1-0104,EQ-FAN-344,2026-05-29T10:45:00Z,2026-05-29T14:43:00Z,calibration,follow_up_required,238,6.6,79.15,0,"Réglage effectué, surveillance demandée à la prochaine ronde.",2026-S1
MNT-2026S1-0283,EVT-2026S1-0197,EQ-PUMP-167,2026-01-06T10:46:00Z,2026-01-06T14:42:00Z,corrective,no_fault_found,236,3.83,492.16,3,Contrôle visuel et essai fonctionnel réalisés.,2026-S1
MNT-2026S1-0284,EVT-2026S1-0096,EQ-CONV-256,2026-05-09T16:41:00Z,2026-05-09T20:56:00Z,corrective,monitoring,255,6.5,242.81,2,"Réglage effectué, surveillance demandée à la prochaine ronde.",2026-S1
MNT-2026S1-0285,EVT-2026S1-0263,EQ-COMP-293,2026-05-22T19:34:00Z,2026-05-22T22:39:00Z,replacement,resolved,185,3.78,194.68,1,"Réglage effectué, surveillance demandée à la prochaine ronde.",2026-S1
MNT-2026S1-0286,EVT-2026S1-X012,EQ-CONV-003,2026-05-20T07:15:00Z,2026-05-20T12:02:00Z,inspection,follow_up_required,287,8.21,226.44,1,Pièce remplacée puis remise en service progressive.,2026-S1
MNT-2026S1-0287,EVT-2026S1-0262,EQ-CONV-282,2026-01-18T04:51:00Z,2026-01-18T06:27:00Z,preventive,parts_ordered,96,2.06,,1,"Réglage effectué, surveillance demandée à la prochaine ronde.",2026-S1
MNT-2026S1-0288,EVT-2026S1-X027,EQ-CAB-134,2026-01-18T07:50:00Z,2026-01-18T10:42:00Z,preventive,no_fault_found,172,5.56,221.95,1,"Cause non confirmée, mesures complémentaires nécessaires.",2026-S1
MNT-2026S1-0289,EVT-2026S1-X029,EQ-ROBOT-155,2026-06-16T03:00:00Z,2026-06-16T04:37:00Z,inspection,resolved,97,2.41,203.04,1,Contrôle visuel et essai fonctionnel réalisés.,2026-S1
MNT-2026S1-0290,EVT-2026S1-0398,EQ-ROBOT-278,2026-03-10T19:37:00Z,2026-03-10T20:50:00Z,inspection,parts_ordered,73,2.34,169.53,1,"Cause non confirmée, mesures complémentaires nécessaires.",2026-S1
MNT-2026S1-0291,EVT-2026S1-0491,EQ-CAB-101,2026-01-26T02:35:00Z,2026-01-26T06:54:00Z,replacement,no_fault_found,259,4.78,835.25,3,Contrôle visuel et essai fonctionnel réalisés.,2026-S1
MNT-2026S1-0292,EVT-2026S1-0498,EQ-VALVE-178,2026-01-03T04:10:00Z,2026-01-03T05:18:00Z,calibration,parts_ordered,68,1.15,13.84,0,"Réglage effectué, surveillance demandée à la prochaine ronde.",2026-S1
MNT-2026S1-0293,EVT-2026S1-0323,EQ-COMP-353,2026-05-03T18:02:00Z,2026-05-03T21:01:00Z,calibration,no_fault_found,179,3.12,95.78,1,"Cause non confirmée, mesures complémentaires nécessaires.",2026-S1
MNT-2026S1-0294,EVT-2026S1-0360,EQ-FAN-160,2026-01-14T06:27:00Z,2026-01-14T08:00:00Z,calibration,monitoring,93,2.01,258.5,1,Intervention préventive conforme au plan.,2026-S1
MNT-2026S1-0295,EVT-2026S1-0347,EQ-PRESS-317,2026-02-27T17:10:00Z,2026-02-27T21:41:00Z,calibration,no_fault_found,271,6.74,470.68,2,Intervention préventive conforme au plan.,2026-S1
MNT-2026S1-0296,EVT-2026S1-X016,EQ-COMP-002,2026-05-26T18:56:00Z,,calibration,no_fault_found,87,2.34,28.05,0,Pièce remplacée puis remise en service progressive.,2026-S1
MNT-2026S1-0297,EVT-2026S1-0104,EQ-FAN-344,2026-05-29T09:46:00Z,2026-05-29T14:04:00Z,replacement,no_fault_found,258,6.7,395.02,2,"Réglage effectué, surveillance demandée à la prochaine ronde.",2026-S1
MNT-2026S1-0298,EVT-2026S1-0020,EQ-OVEN-002,2026-03-05T08:18:00Z,2026-03-05T13:10:00Z,corrective,resolved,292,7.74,446.47,2,Pièce remplacée puis remise en service progressive.,2026-S1
MNT-2026S1-0299,EVT-2026S1-0200,EQ-FAN-200,2026-02-15T01:38:00Z,2026-02-15T03:13:00Z,calibration,resolved,95,0.86,10.33,0,Pièce remplacée puis remise en service progressive.,2026-S1
MNT-2026S1-0300,EVT-2026S1-0121,EQ-PUMP-231,2026-02-06T16:07:00Z,2026-02-06T18:59:00Z,inspection,monitoring,172,4.8,177.69,1,Pièce remplacée puis remise en service progressive.,2026-S1
MNT-2026S1-0301,EVT-2026S1-0040,EQ-CONV-003,2026-01-24T06:49:00Z,2026-01-24T08:41:00Z,preventive,resolved,112,4.08,115.89,1,Pièce remplacée puis remise en service progressive.,2026-S1
MNT-2026S1-0302,EVT-2026S1-0385,EQ-ROBOT-135,2026-01-21T07:40:00Z,2026-01-21T08:55:00Z,preventive,resolved,75,3.76,98.93,1,"Réglage effectué, surveillance demandée à la prochaine ronde.",2026-S1
MNT-2026S1-0303,EVT-2026S1-0446,EQ-CAB-206,2026-01-28T18:36:00Z,2026-01-28T19:28:00Z,replacement,resolved,52,2.22,26.68,0,Pièce remplacée puis remise en service progressive.,2026-S1
MNT-2026S1-0304,EVT-2026S1-0167,EQ-PRESS-137,2026-02-25T13:06:00Z,2026-02-25T17:41:00Z,preventive,monitoring,275,6.16,618.42,3,"Cause non confirmée, mesures complémentaires nécessaires.",2026-S1
MNT-2026S1-0305,EVT-2026S1-X021,EQ-FAN-002,2026-06-02T07:33:00Z,2026-06-02T09:41:00Z,replacement,resolved,128,2.97,284.33,1,"Réglage effectué, surveillance demandée à la prochaine ronde.",2026-S1
MNT-2026S1-0306,EVT-2026S1-0155,EQ-SENSOR-305,2026-01-14T07:01:00Z,2026-01-14T08:35:00Z,corrective,no_fault_found,94,4.37,222.46,1,Pièce remplacée puis remise en service progressive.,2026-S1
MNT-2026S1-0307,EVT-2026S1-0340,EQ-FAN-240,2026-03-29T07:36:00Z,2026-03-29T07:51:00Z,calibration,resolved,0,1.08,127.72,1,Intervention préventive conforme au plan.,2026-S1
MNT-2026S1-0308,EVT-2026S1-0187,EQ-PRESS-357,2026-04-24T16:44:00Z,2026-04-24T20:55:00Z,preventive,no_fault_found,251,6.59,385.12,2,Intervention préventive conforme au plan.,2026-S1
MNT-2026S1-0309,EVT-2026S1-0497,EQ-VALVE-167,2026-05-04T10:14:00Z,2026-05-04T11:01:00Z,calibration,monitoring,47,2.78,33.37,0,Pièce remplacée puis remise en service progressive.,2026-S1
MNT-2026S1-0310,EVT-2026S1-0402,EQ-MOTOR-322,2026-01-16T10:05:00Z,2026-01-16T13:01:00Z,replacement,resolved,176,6.05,425.39,2,Intervention préventive conforme au plan.,2026-S1
MNT-2026S1-0311,EVT-2026S1-0246,EQ-OVEN-106,2026-01-12T08:23:00Z,2026-01-12T11:33:00Z,calibration,monitoring,190,4.31,344.37,3,Contrôle visuel et essai fonctionnel réalisés.,2026-S1
MNT-2026S1-0312,EVT-2026S1-0148,EQ-CHILL-228,2026-05-14T16:28:00Z,2026-05-14T18:58:00Z,calibration,resolved,150,4.2,50.41,0,"Réglage effectué, surveillance demandée à la prochaine ronde.",2026-S1
MNT-2026S1-0313,EVT-2026S1-0003,EQ-COMP-002,2026-04-11T08:47:00Z,2026-04-11T12:09:00Z,inspection,no_fault_found,202,3.87,156.35,2,Intervention préventive conforme au plan.,2026-S1
MNT-2026S1-0314,EVT-2026S1-0120,EQ-FAN-220,2026-05-24T09:24:00Z,2026-05-24T11:49:00Z,inspection,no_fault_found,145,1.7,72.58,1,Contrôle visuel et essai fonctionnel réalisés.,2026-S1
MNT-2026S1-0315,EVT-2026S1-0497,EQ-VALVE-167,2026-05-04T09:38:00Z,2026-05-04T11:19:00Z,calibration,parts_ordered,101,1.83,69.44,1,Pièce remplacée puis remise en service progressive.,2026-S1
MNT-2026S1-0316,EVT-2026S1-0271,EQ-OVEN-123,2026-04-13T06:22:00Z,2026-04-13T08:35:00Z,preventive,no_fault_found,133,1.14,13.66,0,Intervention préventive conforme au plan.,2026-S1
MNT-2026S1-0317,EVT-2026S1-0282,EQ-CONV-202,2026-03-23T10:15:00Z,2026-03-23T11:24:00Z,preventive,follow_up_required,69,2.74,32.91,0,Pièce remplacée puis remise en service progressive.,2026-S1
MNT-2026S1-0318,EVT-2026S1-0040,EQ-CONV-003,2026-01-24T07:03:00Z,2026-01-24T08:14:00Z,calibration,follow_up_required,71,2.36,218.63,2,"Cause non confirmée, mesures complémentaires nécessaires.",2026-S1
MNT-2026S1-0319,EVT-2026S1-X035,EQ-PUMP-187,2026-02-16T01:10:00Z,2026-02-16T03:27:00Z,inspection,no_fault_found,137,3.52,252.79,1,Intervention préventive conforme au plan.,2026-S1
MNT-2026S1-0320,EVT-2026S1-0464,EQ-CHILL-104,2026-06-13T18:58:00Z,2026-06-13T22:00:00Z,calibration,parts_ordered,182,4.51,110.42,1,"Réglage effectué, surveillance demandée à la prochaine ronde.",2026-S1
MNT-2026S1-0321,EVT-2026S1-0249,EQ-MIX-139,2026-04-16T14:13:00Z,2026-04-16T14:54:00Z,replacement,follow_up_required,41,4.06,48.67,0,Intervention préventive conforme au plan.,2026-S1
MNT-2026S1-0322,EVT-2026S1-0411,EQ-GEAR-121,2026-01-29T12:42:00Z,2026-01-29T14:35:00Z,preventive,follow_up_required,113,5.14,283.93,2,Contrôle visuel et essai fonctionnel réalisés.,2026-S1
MNT-2026S1-0323,EVT-2026S1-0393,EQ-OVEN-223,2026-03-26T17:51:00Z,2026-03-26T18:27:00Z,inspection,no_fault_found,36,1.63,518.4,2,Contrôle visuel et essai fonctionnel réalisés.,2026-S1
MNT-2026S1-0324,EVT-2026S1-0333,EQ-OVEN-163,2026-04-23T06:53:00Z,2026-04-23T08:00:00Z,inspection,no_fault_found,67,1.2,171.88,1,Contrôle visuel et essai fonctionnel réalisés.,2026-S1
MNT-2026S1-0325,EVT-2026S1-0495,EQ-CAB-145,2026-06-15T12:16:00Z,2026-06-15T16:24:00Z,inspection,parts_ordered,248,6.69,525.65,2,"Réglage effectué, surveillance demandée à la prochaine ronde.",2026-S1
MNT-2026S1-0326,EVT-2026S1-0036,EQ-CHILL-001,2026-05-07T16:07:00Z,2026-05-07T18:04:00Z,inspection,follow_up_required,117,2.07,148.51,1,Contrôle visuel et essai fonctionnel réalisés.,2026-S1
MNT-2026S1-0327,EVT-2026S1-0417,EQ-PACK-187,2026-04-30T06:49:00Z,2026-04-30T08:19:00Z,replacement,monitoring,90,4.42,571.34,2,"Réglage effectué, surveillance demandée à la prochaine ronde.",2026-S1
MNT-2026S1-0328,EVT-2026S1-0176,EQ-CONV-236,2026-03-13T15:17:00Z,2026-03-13T19:03:00Z,inspection,monitoring,226,4.84,100.75,1,"Cause non confirmée, mesures complémentaires nécessaires.",2026-S1
MNT-2026S1-0329,EVT-2026S1-0340,EQ-FAN-240,2026-03-29T04:44:00Z,2026-03-29T05:56:00Z,replacement,resolved,72,2.26,27.07,0,Intervention préventive conforme au plan.,2026-S1
MNT-2026S1-0330,EVT-2026S1-0170,EQ-PUMP-170,2026-03-05T02:46:00Z,2026-03-05T06:49:00Z,corrective,parts_ordered,243,3.57,128.0,1,Intervention préventive conforme au plan.,2026-S1
MNT-2026S1-0331,EVT-2026S1-0452,EQ-MIX-272,2026-01-26T04:33:00Z,2026-01-26T05:28:00Z,replacement,monitoring,55,1.19,246.22,1,"Réglage effectué, surveillance demandée à la prochaine ronde.",2026-S1
MNT-2026S1-0332,EVT-2026S1-0198,EQ-ROBOT-178,2026-01-27T00:59:00Z,2026-01-27T01:58:00Z,preventive,resolved,59,2.03,24.32,0,Contrôle visuel et essai fonctionnel réalisés.,2026-S1
MNT-2026S1-0333,EVT-2026S1-0097,EQ-PUMP-267,2026-05-05T12:41:00Z,,calibration,parts_ordered,199,3.24,129.1,1,"Réglage effectué, surveillance demandée à la prochaine ronde.",2026-S1
MNT-2026S1-0334,EVT-2026S1-0216,EQ-CONV-376,2026-05-31T08:53:00Z,2026-05-31T11:50:00Z,inspection,resolved,177,4.72,255.19,2,Pièce remplacée puis remise en service progressive.,2026-S1
MNT-2026S1-0335,EVT-2026S1-0093,EQ-OVEN-223,2026-03-22T21:46:00Z,2026-03-22T22:54:00Z,preventive,parts_ordered,68,0.25,3.0,0,Contrôle visuel et essai fonctionnel réalisés.,2026-S1
MNT-2026S1-0336,EVT-2026S1-0133,EQ-OVEN-363,2026-02-16T03:52:00Z,2026-02-16T04:49:00Z,replacement,resolved,57,1.06,12.69,0,"Cause non confirmée, mesures complémentaires nécessaires.",2026-S1
MNT-2026S1-0337,EVT-2026S1-0409,EQ-VALVE-399,2026-01-11T17:52:00Z,2026-01-11T19:46:00Z,corrective,resolved,114,2.78,247.01,2,"Cause non confirmée, mesures complémentaires nécessaires.",2026-S1
MNT-2026S1-0338,EVT-2026S1-0449,EQ-CAB-239,2026-05-14T23:14:00Z,2026-05-15T00:48:00Z,preventive,monitoring,94,1.6,19.18,0,Intervention préventive conforme au plan.,2026-S1
MNT-2026S1-0339,EVT-2026S1-0308,EQ-CHILL-188,2026-06-07T10:03:00Z,2026-06-07T13:24:00Z,replacement,follow_up_required,201,3.57,144.66,1,"Réglage effectué, surveillance demandée à la prochaine ronde.",2026-S1
MNT-2026S1-0340,EVT-2026S1-0290,EQ-PUMP-290,2026-05-05T10:32:00Z,2026-05-05T13:17:00Z,corrective,no_fault_found,165,4.37,427.51,2,"Réglage effectué, surveillance demandée à la prochaine ronde.",2026-S1
MNT-2026S1-0341,EVT-2026S1-0109,EQ-MIX-399,2026-06-10T05:23:00Z,2026-06-10T06:33:00Z,replacement,monitoring,70,2.38,28.61,0,Pièce remplacée puis remise en service progressive.,2026-S1
MNT-2026S1-0342,EVT-2026S1-0286,EQ-OVEN-246,2026-05-12T03:07:00Z,2026-05-12T05:30:00Z,corrective,no_fault_found,143,4.8,257.55,1,"Cause non confirmée, mesures complémentaires nécessaires.",2026-S1
MNT-2026S1-0343,EVT-2026S1-0117,EQ-PUMP-187,2026-05-09T13:24:00Z,2026-05-09T16:12:00Z,replacement,parts_ordered,168,4.41,52.92,0,Pièce remplacée puis remise en service progressive.,2026-S1
MNT-2026S1-0344,EVT-2026S1-X030,EQ-VALVE-388,2026-03-03T19:45:00Z,2026-03-03T21:17:00Z,inspection,no_fault_found,92,3.76,218.36,1,Intervention préventive conforme au plan.,2026-S1
MNT-2026S1-0345,EVT-2026S1-0162,EQ-CONV-382,2026-03-01T08:01:00Z,2026-03-01T08:55:00Z,preventive,no_fault_found,54,1.28,146.62,1,Pièce remplacée puis remise en service progressive.,2026-S1
MNT-2026S1-0346,EVT-2026S1-X054,EQ-CHILL-188,2026-03-03T09:19:00Z,2026-03-03T13:19:00Z,corrective,resolved,240,4.66,230.29,1,Pièce remplacée puis remise en service progressive.,2026-S1
MNT-2026S1-0347,EVT-2026S1-X030,EQ-VALVE-388,2026-03-03T21:02:00Z,2026-03-03T22:03:00Z,corrective,parts_ordered,61,2.42,29.0,0,"Cause non confirmée, mesures complémentaires nécessaires.",2026-S1
MNT-2026S1-0348,EVT-2026S1-0444,EQ-ROBOT-184,2026-03-24T04:22:00Z,2026-03-24T04:55:00Z,replacement,resolved,33,1.03,12.32,0,Pièce remplacée puis remise en service progressive.,2026-S1
MNT-2026S1-0349,EVT-2026S1-0227,EQ-PRESS-197,2026-06-10T00:12:00Z,2026-06-10T04:39:00Z,replacement,follow_up_required,267,6.89,133.4,1,"Réglage effectué, surveillance demandée à la prochaine ronde.",2026-S1
MNT-2026S1-0350,EVT-2026S1-0317,EQ-PUMP-287,2026-04-09T07:40:00Z,2026-04-09T10:29:00Z,calibration,resolved,169,3.57,42.9,0,Contrôle visuel et essai fonctionnel réalisés.,2026-S1
MNT-2026S1-0351,EVT-2026S1-0216,EQ-CONV-376,2026-05-31T07:21:00Z,2026-05-31T11:39:00Z,preventive,monitoring,258,5.56,128.91,1,"Réglage effectué, surveillance demandée à la prochaine ronde.",2026-S1
MNT-2026S1-0352,EVT-2026S1-0484,EQ-CHILL-115,2026-06-06T17:22:00Z,2026-06-06T18:38:00Z,inspection,no_fault_found,76,3.8,546.41,2,Pièce remplacée puis remise en service progressive.,2026-S1
MNT-2026S1-0353,EVT-2026S1-0188,EQ-CHILL-368,2026-01-16T09:20:00Z,2026-01-16T12:06:00Z,corrective,resolved,166,4.28,225.86,1,"Réglage effectué, surveillance demandée à la prochaine ronde.",2026-S1
MNT-2026S1-0354,EVT-2026S1-0083,EQ-COMP-113,2026-04-09T11:58:00Z,2026-04-09T14:19:00Z,inspection,parts_ordered,141,3.61,271.33,1,Contrôle visuel et essai fonctionnel réalisés.,2026-S1
MNT-2026S1-0355,EVT-2026S1-0097,EQ-PUMP-267,2026-05-05T13:42:00Z,2026-05-05T16:13:00Z,corrective,resolved,151,2.7,211.81,1,Contrôle visuel et essai fonctionnel réalisés.,2026-S1
MNT-2026S1-0356,EVT-2026S1-0362,EQ-CONV-182,2026-05-31T05:59:00Z,2026-05-31T07:25:00Z,inspection,resolved,86,2.17,25.99,0,Contrôle visuel et essai fonctionnel réalisés.,2026-S1
MNT-2026S1-0357,EVT-2026S1-0245,EQ-ROBOT-395,2026-03-26T07:26:00Z,2026-03-26T10:25:00Z,corrective,parts_ordered,179,3.54,245.15,2,Intervention préventive conforme au plan.,2026-S1
MNT-2026S1-0358,EVT-2026S1-0189,EQ-MIX-379,2026-02-24T21:04:00Z,2026-02-24T22:42:00Z,inspection,parts_ordered,98,1.47,58.6,1,Pièce remplacée puis remise en service progressive.,2026-S1
MNT-2026S1-0359,EVT-2026S1-0220,EQ-FAN-120,2026-03-29T23:43:00Z,2026-03-30T00:42:00Z,inspection,parts_ordered,59,1.39,16.67,0,Contrôle visuel et essai fonctionnel réalisés.,2026-S1
MNT-2026S1-0360,EVT-2026S1-0271,EQ-OVEN-123,2026-04-13T06:51:00Z,2026-04-13T07:06:00Z,replacement,no_fault_found,0,1.74,20.88,0,Intervention préventive conforme au plan.,2026-S1
MNT-2026S1-0361,EVT-2026S1-0115,EQ-SENSOR-165,2026-04-17T21:51:00Z,2026-04-17T23:38:00Z,preventive,no_fault_found,107,2.32,27.87,0,"Réglage effectué, surveillance demandée à la prochaine ronde.",2026-S1
MNT-2026S1-0362,EVT-2026S1-0033,EQ-CONV-005,2026-03-30T15:21:00Z,2026-03-30T16:03:00Z,inspection,follow_up_required,42,0.67,8.08,0,Contrôle visuel et essai fonctionnel réalisés.,2026-S1
MNT-2026S1-0363,EVT-2026S1-0215,EQ-SENSOR-365,2026-06-10T21:40:00Z,2026-06-10T22:27:00Z,inspection,parts_ordered,47,1.5,266.98,1,"Réglage effectué, surveillance demandée à la prochaine ronde.",2026-S1
MNT-2026S1-0364,EVT-2026S1-0370,EQ-PUMP-270,2026-03-12T15:49:00Z,2026-03-12T18:43:00Z,calibration,follow_up_required,174,5.71,227.56,2,"Réglage effectué, surveillance demandée à la prochaine ronde.",2026-S1
MNT-2026S1-0365,EVT-2026S1-0001,EQ-PUMP-001,2026-02-19T23:11:00Z,2026-02-20T02:08:00Z,calibration,parts_ordered,177,5.09,267.06,1,Pièce remplacée puis remise en service progressive.,2026-S1
MNT-2026S1-0366,EVT-2026S1-0140,EQ-FAN-140,2026-03-30T05:55:00Z,2026-03-30T07:18:00Z,preventive,resolved,83,3.19,38.24,0,Intervention préventive conforme au plan.,2026-S1
MNT-2026S1-0367,EVT-2026S1-0080,EQ-FAN-380,2026-03-06T07:35:00Z,2026-03-06T09:33:00Z,inspection,resolved,118,1.56,258.91,1,"Cause non confirmée, mesures complémentaires nécessaires.",2026-S1
MNT-2026S1-0368,EVT-2026S1-0332,EQ-ROBOT-275,2026-03-11T20:41:00Z,2026-03-11T21:39:00Z,inspection,parts_ordered,58,1.45,17.34,0,Intervention préventive conforme au plan.,2026-S1
MNT-2026S1-0369,EVT-2026S1-0261,EQ-PUMP-271,2026-02-08T15:35:00Z,2026-02-08T19:05:00Z,corrective,resolved,210,4.71,296.84,2,"Réglage effectué, surveillance demandée à la prochaine ronde.",2026-S1
MNT-2026S1-0370,EVT-2026S1-0378,EQ-ROBOT-358,2026-05-31T23:13:00Z,,preventive,parts_ordered,82,2.33,27.92,0,"Réglage effectué, surveillance demandée à la prochaine ronde.",2026-S1
MNT-2026S1-0371,EVT-2026S1-0065,EQ-ROBOT-215,2026-01-20T00:11:00Z,2026-01-20T03:10:00Z,corrective,monitoring,179,2.94,352.65,3,"Cause non confirmée, mesures complémentaires nécessaires.",2026-S1
MNT-2026S1-0372,EVT-2026S1-0463,EQ-CHILL-393,2026-02-10T03:38:00Z,2026-02-10T06:49:00Z,replacement,parts_ordered,191,4.65,175.14,1,Contrôle visuel et essai fonctionnel réalisés.,2026-S1
MNT-2026S1-0373,EVT-2026S1-0177,EQ-PUMP-247,2026-01-31T16:46:00Z,2026-01-31T19:58:00Z,preventive,resolved,192,4.36,522.49,2,Contrôle visuel et essai fonctionnel réalisés.,2026-S1
MNT-2026S1-0374,EVT-2026S1-0086,EQ-OVEN-146,2026-06-14T23:58:00Z,2026-06-15T02:53:00Z,preventive,resolved,175,2.98,339.22,3,Pièce remplacée puis remise en service progressive.,2026-S1
MNT-2026S1-0375,EVT-2026S1-0147,EQ-PRESS-217,2026-04-22T22:57:00Z,2026-04-23T04:41:00Z,inspection,parts_ordered,344,7.68,294.15,1,Pièce remplacée puis remise en service progressive.,2026-S1
MNT-2026S1-0376,EVT-2026S1-X020,EQ-EXTRA-414,2026-02-25T14:27:00Z,2026-02-25T16:32:00Z,inspection,follow_up_required,125,4.12,49.42,0,Pièce remplacée puis remise en service progressive.,2026-S1
MNT-2026S1-0377,EVT-2026S1-0157,EQ-PUMP-327,2026-06-14T18:17:00Z,2026-06-14T21:19:00Z,preventive,parts_ordered,182,4.57,259.17,1,Intervention préventive conforme au plan.,2026-S1
MNT-2026S1-0378,EVT-2026S1-0281,EQ-PUMP-191,2026-03-07T00:35:00Z,2026-03-07T03:40:00Z,inspection,parts_ordered,185,4.23,691.39,3,Pièce remplacée puis remise en service progressive.,2026-S1
MNT-2026S1-0379,EVT-2026S1-X010,EQ-OVEN-366,2026-03-22T01:37:00Z,2026-03-22T02:57:00Z,preventive,parts_ordered,80,2.71,32.52,0,Contrôle visuel et essai fonctionnel réalisés.,2026-S1
MNT-2026S1-0380,EVT-2026S1-0258,EQ-ROBOT-238,2026-02-04T20:40:00Z,2026-02-04T22:27:00Z,calibration,parts_ordered,107,2.51,402.91,2,"Cause non confirmée, mesures complémentaires nécessaires.",2026-S1
MNT-2026S1-0381,EVT-2026S1-0054,EQ-PRESS-394,2026-01-11T19:39:00Z,2026-01-12T00:04:00Z,calibration,no_fault_found,265,6.15,477.63,3,"Cause non confirmée, mesures complémentaires nécessaires.",2026-S1
MNT-2026S1-0382,EVT-2026S1-0240,EQ-FAN-340,2026-03-25T16:10:00Z,2026-03-25T17:39:00Z,calibration,no_fault_found,89,0.53,160.13,1,"Cause non confirmée, mesures complémentaires nécessaires.",2026-S1
MNT-2026S1-0383,EVT-2026S1-0451,EQ-MIX-261,2026-02-23T04:36:00Z,2026-02-23T07:19:00Z,calibration,follow_up_required,163,2.37,154.48,1,"Réglage effectué, surveillance demandée à la prochaine ronde.",2026-S1
MNT-2026S1-0384,EVT-2026S1-0269,EQ-MIX-359,2026-01-11T13:00:00Z,2026-01-11T14:29:00Z,inspection,monitoring,89,1.66,19.97,0,"Réglage effectué, surveillance demandée à la prochaine ronde.",2026-S1
MNT-2026S1-0385,EVT-2026S1-0274,EQ-PRESS-114,2026-04-03T15:50:00Z,2026-04-03T19:43:00Z,corrective,resolved,233,5.77,223.46,1,Intervention préventive conforme au plan.,2026-S1
MNT-2026S1-0386,EVT-2026S1-0420,EQ-PACK-220,2026-04-18T22:59:00Z,2026-04-18T23:35:00Z,corrective,follow_up_required,36,1.55,228.23,1,Contrôle visuel et essai fonctionnel réalisés.,2026-S1
MNT-2026S1-0387,EVT-2026S1-X015,EQ-PRESS-277,2026-03-29T18:31:00Z,2026-03-29T19:42:00Z,preventive,follow_up_required,71,3.28,39.41,0,Pièce remplacée puis remise en service progressive.,2026-S1
MNT-2026S1-0388,EVT-2026S1-0046,EQ-OVEN-306,2026-03-26T23:39:00Z,2026-03-27T03:27:00Z,replacement,follow_up_required,228,4.43,236.63,1,"Réglage effectué, surveillance demandée à la prochaine ronde.",2026-S1
MNT-2026S1-0390,EVT-2026S1-0089,EQ-MIX-179,2026-06-19T14:13:00Z,2026-06-19T15:35:00Z,replacement,follow_up_required,82,2.08,25.01,0,"Cause non confirmée, mesures complémentaires nécessaires.",2026-S1
MNT-2026S1-0391,EVT-2026S1-0039,EQ-PUMP-006,2026-04-29T13:46:00Z,2026-04-29T18:32:00Z,corrective,follow_up_required,286,8.82,603.87,2,Contrôle visuel et essai fonctionnel réalisés.,2026-S1
MNT-2026S1-0392,EVT-2026S1-0142,EQ-CONV-162,2026-06-18T10:46:00Z,2026-06-18T11:01:00Z,replacement,resolved,15,2.07,124.95,1,"Réglage effectué, surveillance demandée à la prochaine ronde.",2026-S1
MNT-2026S1-0393,EVT-2026S1-0220,EQ-FAN-120,2026-03-30T01:22:00Z,2026-03-30T01:46:00Z,inspection,no_fault_found,24,1.84,,0,Pièce remplacée puis remise en service progressive.,2026-S1
MNT-2026S1-0394,EVT-2026S1-0262,EQ-CONV-282,2026-01-18T04:40:00Z,2026-01-18T04:55:00Z,calibration,follow_up_required,11,0.25,141.6,1,Contrôle visuel et essai fonctionnel réalisés.,2026-S1
MNT-2026S1-0395,EVT-2026S1-0330,EQ-PUMP-130,2026-01-29T10:07:00Z,2026-01-29T13:08:00Z,corrective,parts_ordered,181,4.99,59.83,0,"Cause non confirmée, mesures complémentaires nécessaires.",2026-S1
MNT-2026S1-0396,EVT-2026S1-0353,EQ-OVEN-383,2026-01-02T08:56:00Z,2026-01-02T10:33:00Z,inspection,no_fault_found,97,1.77,21.26,0,Pièce remplacée puis remise en service progressive.,2026-S1
MNT-2026S1-0397,EVT-2026S1-0014,EQ-PRESS-002,2026-03-28T18:20:00Z,2026-03-28T23:21:00Z,preventive,resolved,301,7.72,92.64,0,Contrôle visuel et essai fonctionnel réalisés.,2026-S1
MNT-2026S1-0398,EVT-2026S1-0112,EQ-CONV-142,2026-05-24T13:09:00Z,2026-05-24T13:34:00Z,preventive,monitoring,25,0.92,10.99,0,"Réglage effectué, surveillance demandée à la prochaine ronde.",2026-S1
MNT-2026S1-0399,EVT-2026S1-0126,EQ-OVEN-286,2026-04-29T21:16:00Z,2026-04-29T23:57:00Z,replacement,no_fault_found,161,4.33,478.26,2,Pièce remplacée puis remise en service progressive.,2026-S1
MNT-2026S1-0400,EVT-2026S1-0128,EQ-CHILL-308,2026-05-25T22:16:00Z,2026-05-26T01:15:00Z,replacement,no_fault_found,179,4.0,183.69,1,"Réglage effectué, surveillance demandée à la prochaine ronde.",2026-S1
MNT-2026S1-0401,EVT-2026S1-0150,EQ-PUMP-250,2026-06-04T19:48:00Z,2026-06-04T22:56:00Z,calibration,resolved,188,4.59,350.12,2,Contrôle visuel et essai fonctionnel réalisés.,2026-S1
MNT-2026S1-0402,EVT-2026S1-0334,EQ-PRESS-174,2026-01-25T08:59:00Z,2026-01-25T12:55:00Z,preventive,monitoring,236,5.26,876.05,4,Contrôle visuel et essai fonctionnel réalisés.,2026-S1
MNT-2026S1-0403,EVT-2026S1-0418,EQ-PACK-198,2026-02-05T03:01:00Z,2026-02-05T04:46:00Z,corrective,parts_ordered,105,3.16,183.32,1,"Réglage effectué, surveillance demandée à la prochaine ronde.",2026-S1
MNT-2026S1-0404,EVT-2026S1-0284,EQ-FAN-224,2026-05-17T14:19:00Z,2026-05-17T19:44:00Z,preventive,monitoring,325,7.1,291.29,2,"Réglage effectué, surveillance demandée à la prochaine ronde.",2026-S1
MNT-2026S1-0405,EVT-2026S1-0401,EQ-MOTOR-311,2026-04-08T10:05:00Z,2026-04-08T12:10:00Z,inspection,parts_ordered,125,4.14,267.21,1,Intervention préventive conforme au plan.,2026-S1
MNT-2026S1-0406,EVT-2026S1-0432,EQ-STEAM-352,2026-05-21T09:39:00Z,2026-05-21T12:17:00Z,calibration,no_fault_found,158,2.93,35.11,0,Pièce remplacée puis remise en service progressive.,2026-S1
MNT-2026S1-0407,EVT-2026S1-0279,EQ-COMP-169,2026-03-02T15:54:00Z,,corrective,parts_ordered,157,3.33,268.87,2,"Réglage effectué, surveillance demandée à la prochaine ronde.",2026-S1
MNT-2026S1-0408,EVT-2026S1-0389,EQ-MIX-179,2026-04-17T01:52:00Z,2026-04-17T02:54:00Z,inspection,monitoring,62,2.66,117.57,1,Pièce remplacée puis remise en service progressive.,2026-S1
MNT-2026S1-0409,EVT-2026S1-0349,EQ-MIX-339,2026-01-13T11:03:00Z,2026-01-13T12:26:00Z,calibration,follow_up_required,83,1.75,,0,Intervention préventive conforme au plan.,2026-S1
MNT-2026S1-0410,EVT-2026S1-0344,EQ-FAN-284,2026-01-10T11:33:00Z,2026-01-10T15:55:00Z,preventive,follow_up_required,262,7.0,165.64,1,Intervention préventive conforme au plan.,2026-S1
MNT-2026S1-0411,EVT-2026S1-0242,EQ-CONV-362,2026-01-12T23:09:00Z,2026-01-13T01:09:00Z,corrective,monitoring,120,3.01,494.88,2,Intervention préventive conforme au plan.,2026-S1
MNT-2026S1-0412,EVT-2026S1-0481,EQ-VALVE-360,2026-02-25T10:06:00Z,2026-02-25T12:56:00Z,preventive,parts_ordered,170,3.63,242.02,1,"Cause non confirmée, mesures complémentaires nécessaires.",2026-S1
MNT-2026S1-0413,EVT-2026S1-0070,EQ-PUMP-270,2026-05-07T22:05:00Z,2026-05-08T00:44:00Z,inspection,resolved,159,3.75,380.26,3,"Cause non confirmée, mesures complémentaires nécessaires.",2026-S1
MNT-2026S1-0414,EVT-2026S1-0262,EQ-CONV-282,2026-01-18T06:24:00Z,2026-01-18T06:46:00Z,preventive,monitoring,22,1.63,19.52,0,Pièce remplacée puis remise en service progressive.,2026-S1
MNT-2026S1-0415,EVT-2026S1-0175,EQ-SENSOR-225,2026-03-21T01:44:00Z,2026-03-21T04:02:00Z,replacement,no_fault_found,138,2.56,296.02,2,Contrôle visuel et essai fonctionnel réalisés.,2026-S1
MNT-2026S1-0416,EVT-2026S1-X011,EQ-FAN-304,2026-01-20T08:38:00Z,2026-01-20T10:30:00Z,calibration,follow_up_required,112,3.09,37.09,0,"Cause non confirmée, mesures complémentaires nécessaires.",2026-S1
MNT-2026S1-0417,EVT-2026S1-0151,EQ-CAB-134,2026-06-18T21:47:00Z,2026-06-18T23:09:00Z,calibration,resolved,82,2.33,27.97,0,Pièce remplacée puis remise en service progressive.,2026-S1
MNT-2026S1-0418,EVT-2026S1-0164,EQ-FAN-104,2026-01-07T16:03:00Z,2026-01-07T20:35:00Z,calibration,follow_up_required,272,6.2,,1,Contrôle visuel et essai fonctionnel réalisés.,2026-S1
MNT-2026S1-0419,EVT-2026S1-X051,EQ-COMP-396,2026-03-21T19:44:00Z,2026-03-21T20:20:00Z,inspection,monitoring,36,0.83,9.96,0,"Réglage effectué, surveillance demandée à la prochaine ronde.",2026-S1
MNT-2026S1-0420,EVT-2026S1-0292,EQ-MIX-259,2026-01-12T01:17:00Z,2026-01-12T02:04:00Z,calibration,follow_up_required,47,1.38,246.75,1,"Cause non confirmée, mesures complémentaires nécessaires.",2026-S1
MNT-2026S1-0421,EVT-2026S1-0014,EQ-PRESS-002,2026-03-28T18:26:00Z,2026-03-28T23:13:00Z,calibration,monitoring,287,6.64,285.12,4,"Cause non confirmée, mesures complémentaires nécessaires.",2026-S1
MNT-2026S1-0422,EVT-2026S1-0206,EQ-OVEN-266,2026-05-08T19:15:00Z,2026-05-08T22:58:00Z,inspection,monitoring,223,5.19,62.22,0,"Cause non confirmée, mesures complémentaires nécessaires.",2026-S1
MNT-2026S1-0423,EVT-2026S1-0418,EQ-PACK-198,2026-02-05T01:26:00Z,2026-02-05T03:49:00Z,preventive,no_fault_found,143,4.07,421.7,2,"Réglage effectué, surveillance demandée à la prochaine ronde.",2026-S1
MNT-2026S1-0424,EVT-2026S1-0411,EQ-GEAR-121,2026-01-29T11:43:00Z,2026-01-29T14:00:00Z,corrective,parts_ordered,137,4.4,414.97,2,Pièce remplacée puis remise en service progressive.,2026-S1
MNT-2026S1-0425,EVT-2026S1-X029,EQ-ROBOT-155,2026-06-16T01:03:00Z,2026-06-16T01:40:00Z,preventive,parts_ordered,37,2.78,215.31,1,"Cause non confirmée, mesures complémentaires nécessaires.",2026-S1
MNT-2026S1-0426,EVT-2026S1-0448,EQ-CAB-228,2026-06-16T14:54:00Z,2026-06-16T15:10:00Z,corrective,no_fault_found,16,0.74,149.77,2,Intervention préventive conforme au plan.,2026-S1
MNT-2026S1-0427,EVT-2026S1-0081,EQ-PUMP-391,2026-05-30T10:34:00Z,2026-05-30T12:52:00Z,inspection,follow_up_required,138,4.23,224.54,1,"Réglage effectué, surveillance demandée à la prochaine ronde.",2026-S1
MNT-2026S1-0428,EVT-2026S1-0353,EQ-OVEN-383,2026-01-02T07:46:00Z,2026-01-02T09:27:00Z,inspection,resolved,101,3.96,283.34,1,Pièce remplacée puis remise en service progressive.,2026-S1
MNT-2026S1-0429,EVT-2026S1-X037,EQ-STEAM-341,2026-03-17T18:58:00Z,2026-03-17T20:55:00Z,replacement,parts_ordered,117,3.65,267.12,2,Pièce remplacée puis remise en service progressive.,2026-S1
MNT-2026S1-0430,EVT-2026S1-X020,EQ-EXTRA-414,2026-02-25T16:23:00Z,2026-02-25T17:01:00Z,preventive,resolved,38,2.23,26.77,0,"Réglage effectué, surveillance demandée à la prochaine ronde.",2026-S1
MNT-2026S1-0431,EVT-2026S1-0493,EQ-CAB-123,2026-04-26T21:26:00Z,2026-04-27T03:00:00Z,inspection,follow_up_required,334,8.2,658.79,3,Pièce remplacée puis remise en service progressive.,2026-S1
MNT-2026S1-0432,EVT-2026S1-0286,EQ-OVEN-246,2026-05-12T01:00:00Z,2026-05-12T03:39:00Z,replacement,resolved,159,5.03,303.58,1,"Réglage effectué, surveillance demandée à la prochaine ronde.",2026-S1
MNT-2026S1-0433,EVT-2026S1-0246,EQ-OVEN-106,2026-01-12T08:52:00Z,2026-01-12T12:27:00Z,corrective,resolved,215,4.47,240.99,1,Contrôle visuel et essai fonctionnel réalisés.,2026-S1
MNT-2026S1-0434,EVT-2026S1-0284,EQ-FAN-224,2026-05-17T14:18:00Z,2026-05-17T20:30:00Z,corrective,follow_up_required,372,8.56,384.7,3,"Cause non confirmée, mesures complémentaires nécessaires.",2026-S1
MNT-2026S1-0435,EVT-2026S1-0269,EQ-MIX-359,2026-01-11T12:32:00Z,2026-01-11T13:55:00Z,replacement,monitoring,83,1.43,194.63,2,"Cause non confirmée, mesures complémentaires nécessaires.",2026-S1
MNT-2026S1-0436,EVT-2026S1-0299,EQ-COMP-389,2026-03-04T20:14:00Z,2026-03-04T22:35:00Z,calibration,no_fault_found,141,4.36,277.26,2,Contrôle visuel et essai fonctionnel réalisés.,2026-S1
MNT-2026S1-0437,EVT-2026S1-0071,EQ-ROBOT-368,2026-03-17T08:41:00Z,2026-03-17T10:07:00Z,preventive,resolved,86,2.35,28.24,0,"Réglage effectué, surveillance demandée à la prochaine ronde.",2026-S1
MNT-2026S1-0438,EVT-2026S1-X010,EQ-OVEN-366,2026-03-22T00:46:00Z,2026-03-22T02:17:00Z,replacement,no_fault_found,91,1.76,249.07,1,"Réglage effectué, surveillance demandée à la prochaine ronde.",2026-S1
MNT-2026S1-0439,EVT-2026S1-0040,EQ-CONV-003,2026-01-24T08:13:00Z,2026-01-24T10:35:00Z,corrective,follow_up_required,142,2.89,34.73,0,"Cause non confirmée, mesures complémentaires nécessaires.",2026-S1
MNT-2026S1-0440,EVT-2026S1-0352,EQ-PUMP-331,2026-03-19T10:55:00Z,2026-03-19T11:19:00Z,calibration,resolved,24,2.16,25.87,0,"Réglage effectué, surveillance demandée à la prochaine ronde.",2026-S1
MNT-2026S1-0441,EVT-2026S1-0248,EQ-CHILL-128,2026-03-15T04:19:00Z,2026-03-15T07:24:00Z,replacement,parts_ordered,185,4.24,139.52,2,"Réglage effectué, surveillance demandée à la prochaine ronde.",2026-S1
MNT-2026S1-0442,EVT-2026S1-0283,EQ-COMP-213,2026-03-21T21:19:00Z,2026-03-21T23:36:00Z,corrective,follow_up_required,137,4.18,267.32,1,"Cause non confirmée, mesures complémentaires nécessaires.",2026-S1
MNT-2026S1-0443,EVT-2026S1-0415,EQ-GEAR-165,2026-06-10T22:01:00Z,2026-06-11T01:06:00Z,preventive,monitoring,185,4.26,221.0,1,Intervention préventive conforme au plan.,2026-S1
MNT-2026S1-0444,EVT-2026S1-0493,EQ-CAB-123,2026-04-26T21:26:00Z,,corrective,follow_up_required,270,7.15,132.53,1,Contrôle visuel et essai fonctionnel réalisés.,2026-S1
MNT-2026S1-0445,EVT-2026S1-0284,EQ-FAN-224,2026-05-17T14:44:00Z,2026-05-17T20:15:00Z,replacement,follow_up_required,331,7.37,503.16,3,"Cause non confirmée, mesures complémentaires nécessaires.",2026-S1
MNT-2026S1-0446,EVT-2026S1-0179,EQ-COMP-269,2026-02-13T17:48:00Z,2026-02-13T20:24:00Z,preventive,parts_ordered,156,3.54,243.41,1,Contrôle visuel et essai fonctionnel réalisés.,2026-S1
MNT-2026S1-0447,EVT-2026S1-0316,EQ-CONV-276,2026-01-14T17:05:00Z,2026-01-14T21:06:00Z,replacement,parts_ordered,241,6.09,214.0,2,Pièce remplacée puis remise en service progressive.,2026-S1
MNT-2026S1-0448,EVT-2026S1-0418,EQ-PACK-198,2026-02-05T01:30:00Z,2026-02-05T03:40:00Z,inspection,follow_up_required,130,3.96,47.51,0,"Cause non confirmée, mesures complémentaires nécessaires.",2026-S1
MNT-2026S1-0449,EVT-2026S1-0049,EQ-MIX-339,2026-01-10T13:11:00Z,2026-01-10T15:56:00Z,replacement,monitoring,165,2.94,,1,Pièce remplacée puis remise en service progressive.,2026-S1
MNT-2026S1-0450,EVT-2026S1-0235,EQ-SENSOR-285,2026-05-14T14:04:00Z,2026-05-14T15:47:00Z,inspection,follow_up_required,103,2.49,150.15,1,Contrôle visuel et essai fonctionnel réalisés.,2026-S1
MNT-2026S1-0451,EVT-2026S1-0431,EQ-STEAM-341,2026-02-18T15:01:00Z,2026-02-18T16:05:00Z,calibration,resolved,64,2.49,29.93,0,Contrôle visuel et essai fonctionnel réalisés.,2026-S1
MNT-2026S1-0452,EVT-2026S1-0276,EQ-CONV-136,2026-03-26T02:14:00Z,2026-03-26T05:36:00Z,calibration,resolved,202,5.45,125.34,1,"Cause non confirmée, mesures complémentaires nécessaires.",2026-S1
MNT-2026S1-0453,EVT-2026S1-X022,EQ-FAN-304,2026-04-03T21:22:00Z,2026-04-03T21:37:00Z,corrective,no_fault_found,0,0.3,3.58,0,Contrôle visuel et essai fonctionnel réalisés.,2026-S1
MNT-2026S1-0454,EVT-2026S1-0371,EQ-MIX-159,2026-05-07T06:18:00Z,2026-05-07T07:50:00Z,replacement,monitoring,92,2.01,262.34,1,Contrôle visuel et essai fonctionnel réalisés.,2026-S1
MNT-2026S1-0455,EVT-2026S1-0163,EQ-COMP-393,2026-04-13T20:25:00Z,2026-04-13T22:19:00Z,corrective,monitoring,114,3.47,242.54,1,"Cause non confirmée, mesures complémentaires nécessaires.",2026-S1
MNT-2026S1-0456,EVT-2026S1-0427,EQ-LIFT-297,2026-01-12T18:06:00Z,2026-01-12T21:56:00Z,preventive,monitoring,230,4.75,600.36,3,"Réglage effectué, surveillance demandée à la prochaine ronde.",2026-S1
MNT-2026S1-0457,EVT-2026S1-0059,EQ-COMP-149,2026-03-09T13:49:00Z,2026-03-09T16:33:00Z,calibration,resolved,164,5.08,136.63,1,"Cause non confirmée, mesures complémentaires nécessaires.",2026-S1
MNT-2026S1-0458,EVT-2026S1-0383,EQ-COMP-113,2026-02-04T14:15:00Z,2026-02-04T16:53:00Z,inspection,no_fault_found,158,4.61,55.35,0,"Cause non confirmée, mesures complémentaires nécessaires.",2026-S1
MNT-2026S1-0459,EVT-2026S1-0341,EQ-PUMP-251,2026-04-21T23:05:00Z,2026-04-22T03:12:00Z,inspection,monitoring,247,5.85,385.02,2,Pièce remplacée puis remise en service progressive.,2026-S1
MNT-2026S1-0460,EVT-2026S1-0151,EQ-CAB-134,2026-06-18T23:07:00Z,2026-06-19T00:18:00Z,calibration,follow_up_required,71,3.37,40.45,0,Contrôle visuel et essai fonctionnel réalisés.,2026-S1
MNT-2026S1-0461,EVT-2026S1-0130,EQ-PUMP-330,2026-03-04T04:07:00Z,2026-03-04T06:55:00Z,corrective,follow_up_required,168,5.15,319.7,1,"Cause non confirmée, mesures complémentaires nécessaires.",2026-S1
MNT-2026S1-0462,EVT-2026S1-0300,EQ-FAN-100,2026-05-06T14:15:00Z,2026-05-06T14:30:00Z,replacement,parts_ordered,10,1.67,20.04,0,"Cause non confirmée, mesures complémentaires nécessaires.",2026-S1
MNT-2026S1-0463,EVT-2026S1-0090,EQ-PUMP-190,2026-01-16T15:03:00Z,2026-01-16T18:09:00Z,replacement,monitoring,186,4.39,325.27,2,"Réglage effectué, surveillance demandée à la prochaine ronde.",2026-S1
MNT-2026S1-0464,EVT-2026S1-0219,EQ-COMP-109,2026-01-18T19:39:00Z,2026-01-18T22:12:00Z,preventive,follow_up_required,153,5.89,211.92,1,"Réglage effectué, surveillance demandée à la prochaine ronde.",2026-S1
MNT-2026S1-0465,EVT-2026S1-0173,EQ-OVEN-203,2026-06-21T06:10:00Z,2026-06-21T06:53:00Z,calibration,resolved,43,1.14,207.99,1,"Cause non confirmée, mesures complémentaires nécessaires.",2026-S1
MNT-2026S1-0466,EVT-2026S1-X047,EQ-PUMP-214,2026-02-14T08:03:00Z,2026-02-14T10:22:00Z,replacement,follow_up_required,139,4.24,146.04,2,Contrôle visuel et essai fonctionnel réalisés.,2026-S1
MNT-2026S1-0467,EVT-2026S1-0214,EQ-PRESS-354,2026-01-21T07:09:00Z,2026-01-21T11:21:00Z,inspection,no_fault_found,252,6.05,832.13,3,Contrôle visuel et essai fonctionnel réalisés.,2026-S1
MNT-2026S1-0468,EVT-2026S1-0174,EQ-PRESS-214,2026-04-30T15:21:00Z,2026-04-30T21:31:00Z,inspection,monitoring,370,7.22,288.85,1,"Réglage effectué, surveillance demandée à la prochaine ronde.",2026-S1
MNT-2026S1-0469,EVT-2026S1-0015,EQ-PUMP-001,2026-06-18T04:07:00Z,2026-06-18T05:24:00Z,replacement,parts_ordered,77,2.35,519.33,2,"Réglage effectué, surveillance demandée à la prochaine ronde.",2026-S1
MNT-2026S1-0470,EVT-2026S1-0452,EQ-MIX-272,2026-01-26T04:29:00Z,2026-01-26T06:44:00Z,corrective,resolved,135,1.69,262.69,2,Intervention préventive conforme au plan.,2026-S1
MNT-2026S1-0471,EVT-2026S1-0345,EQ-ROBOT-295,2026-05-12T21:05:00Z,2026-05-12T23:36:00Z,inspection,monitoring,151,4.31,287.28,1,Pièce remplacée puis remise en service progressive.,2026-S1
MNT-2026S1-0472,EVT-2026S1-0295,EQ-SENSOR-345,2026-05-12T01:24:00Z,2026-05-12T03:21:00Z,preventive,parts_ordered,117,2.67,231.46,1,"Réglage effectué, surveillance demandée à la prochaine ronde.",2026-S1
MNT-2026S1-0473,EVT-2026S1-0234,EQ-PRESS-274,2026-04-16T22:22:00Z,2026-04-17T03:03:00Z,replacement,monitoring,281,7.12,396.06,2,Intervention préventive conforme au plan.,2026-S1
MNT-2026S1-0474,EVT-2026S1-0415,EQ-GEAR-165,2026-06-10T20:19:00Z,2026-06-10T23:08:00Z,preventive,monitoring,169,3.16,513.03,2,Intervention préventive conforme au plan.,2026-S1
MNT-2026S1-0475,EVT-2026S1-X026,EQ-MIX-379,2026-03-08T16:16:00Z,2026-03-08T18:38:00Z,replacement,follow_up_required,142,5.23,183.62,1,Intervention préventive conforme au plan.,2026-S1
MNT-2026S1-0476,EVT-2026S1-0339,EQ-COMP-229,2026-06-06T23:20:00Z,2026-06-07T01:44:00Z,corrective,no_fault_found,144,3.67,188.94,2,Pièce remplacée puis remise en service progressive.,2026-S1
MNT-2026S1-0477,EVT-2026S1-0047,EQ-PRESS-317,2026-01-12T03:05:00Z,2026-01-12T09:06:00Z,replacement,no_fault_found,361,6.96,418.1,3,"Cause non confirmée, mesures complémentaires nécessaires.",2026-S1
MNT-2026S1-0478,EVT-2026S1-0226,EQ-OVEN-186,2026-03-03T08:49:00Z,2026-03-03T12:54:00Z,replacement,no_fault_found,245,4.79,307.42,1,Intervention préventive conforme au plan.,2026-S1
MNT-2026S1-0479,EVT-2026S1-0057,EQ-PUMP-127,2026-03-03T12:21:00Z,2026-03-03T15:52:00Z,replacement,parts_ordered,211,5.12,334.48,2,"Réglage effectué, surveillance demandée à la prochaine ronde.",2026-S1
MNT-2026S1-0480,EVT-2026S1-0247,EQ-PRESS-117,2026-04-05T16:22:00Z,2026-04-05T20:54:00Z,inspection,monitoring,272,5.49,519.77,3,Intervention préventive conforme au plan.,2026-S1
MNT-2026S1-0481,EVT-2026S1-0429,EQ-LIFT-319,2026-01-02T12:14:00Z,,inspection,parts_ordered,232,5.15,200.21,1,Pièce remplacée puis remise en service progressive.,2026-S1
MNT-2026S1-0482,EVT-2026S1-X018,EQ-OVEN-186,2026-04-26T21:42:00Z,2026-04-26T23:48:00Z,calibration,parts_ordered,126,1.63,19.58,0,Pièce remplacée puis remise en service progressive.,2026-S1
MNT-2026S1-0483,EVT-2026S1-0278,EQ-ROBOT-158,2026-01-29T02:20:00Z,2026-01-29T03:24:00Z,corrective,parts_ordered,64,0.64,7.68,0,Contrôle visuel et essai fonctionnel réalisés.,2026-S1
MNT-2026S1-0484,EVT-2026S1-0162,EQ-CONV-382,2026-03-01T07:26:00Z,2026-03-01T08:06:00Z,preventive,no_fault_found,40,3.19,38.28,0,Pièce remplacée puis remise en service progressive.,2026-S1
MNT-2026S1-0485,EVT-2026S1-0114,EQ-PRESS-154,2026-03-05T07:42:00Z,2026-03-05T12:40:00Z,calibration,resolved,298,7.93,230.05,1,"Réglage effectué, surveillance demandée à la prochaine ronde.",2026-S1
MNT-2026S1-0486,EVT-2026S1-0127,EQ-PRESS-297,2026-05-28T11:36:00Z,2026-05-28T16:44:00Z,preventive,resolved,308,7.51,360.7,2,Pièce remplacée puis remise en service progressive.,2026-S1
MNT-2026S1-0487,EVT-2026S1-0381,EQ-PUMP-391,2026-01-07T23:19:00Z,2026-01-08T01:46:00Z,preventive,follow_up_required,147,6.19,272.69,1,Pièce remplacée puis remise en service progressive.,2026-S1
MNT-2026S1-0488,EVT-2026S1-0282,EQ-CONV-202,2026-03-23T12:21:00Z,2026-03-23T13:53:00Z,replacement,no_fault_found,92,4.27,51.19,0,Pièce remplacée puis remise en service progressive.,2026-S1
MNT-2026S1-0489,EVT-2026S1-0191,EQ-EXTRA-405,2026-01-24T18:23:00Z,2026-01-24T20:34:00Z,calibration,parts_ordered,131,1.3,134.25,1,Intervention préventive conforme au plan.,2026-S1
MNT-2026S1-0490,EVT-2026S1-0403,EQ-MOTOR-333,2026-04-14T07:52:00Z,2026-04-14T11:24:00Z,calibration,follow_up_required,212,4.52,54.28,0,"Cause non confirmée, mesures complémentaires nécessaires.",2026-S1
MNT-2026S1-0491,EVT-2026S1-0313,EQ-OVEN-243,2026-04-19T18:13:00Z,2026-04-19T19:18:00Z,corrective,follow_up_required,65,2.83,33.99,0,"Réglage effectué, surveillance demandée à la prochaine ronde.",2026-S1
MNT-2026S1-0492,EVT-2026S1-0122,EQ-CONV-242,2026-02-28T07:01:00Z,2026-02-28T09:51:00Z,corrective,no_fault_found,170,2.18,169.52,2,"Réglage effectué, surveillance demandée à la prochaine ronde.",2026-S1
MNT-2026S1-0493,EVT-2026S1-0364,EQ-FAN-204,2026-02-16T13:18:00Z,2026-02-16T18:17:00Z,inspection,resolved,299,6.73,182.35,2,Contrôle visuel et essai fonctionnel réalisés.,2026-S1
MNT-2026S1-0494,EVT-2026S1-0037,EQ-ROBOT-003,2026-03-14T04:14:00Z,2026-03-14T05:07:00Z,replacement,parts_ordered,53,3.61,209.13,1,Intervention préventive conforme au plan.,2026-S1
MNT-2026S1-0495,EVT-2026S1-0335,EQ-SENSOR-185,2026-06-10T14:03:00Z,2026-06-10T16:27:00Z,preventive,no_fault_found,144,2.1,25.25,0,Intervention préventive conforme au plan.,2026-S1
MNT-2026S1-0496,EVT-2026S1-0034,EQ-FAN-001,2026-01-14T01:55:00Z,2026-01-14T05:13:00Z,inspection,resolved,198,5.08,566.81,3,Intervention préventive conforme au plan.,2026-S1
MNT-2026S1-0497,EVT-2026S1-0334,EQ-PRESS-174,2026-01-25T08:35:00Z,2026-01-25T12:50:00Z,inspection,parts_ordered,255,5.75,477.13,2,Pièce remplacée puis remise en service progressive.,2026-S1
MNT-2026S1-0498,EVT-2026S1-0116,EQ-CONV-176,2026-04-21T21:45:00Z,2026-04-22T00:52:00Z,inspection,no_fault_found,187,4.19,92.55,1,"Cause non confirmée, mesures complémentaires nécessaires.",2026-S1
MNT-2026S1-0499,EVT-2026S1-0347,EQ-PRESS-317,2026-02-27T17:29:00Z,2026-02-27T21:59:00Z,calibration,resolved,270,7.59,297.26,1,Intervention préventive conforme au plan.,2026-S1
MNT-2026S1-0500,EVT-2026S1-0455,EQ-MIX-305,2026-01-22T08:57:00Z,2026-01-22T10:06:00Z,calibration,follow_up_required,69,1.27,15.22,0,"Réglage effectué, surveillance demandée à la prochaine ronde.",2026-S1
MNT-2026S1-0501,EVT-2026S1-0070,EQ-PUMP-270,2026-05-07T23:33:00Z,2026-05-08T02:42:00Z,preventive,no_fault_found,189,4.63,505.37,3,"Réglage effectué, surveillance demandée à la prochaine ronde.",2026-S1
MNT-2026S1-0502,EVT-2026S1-0404,EQ-MOTOR-344,2026-01-27T13:05:00Z,2026-01-27T16:20:00Z,corrective,follow_up_required,195,4.33,419.67,2,Pièce remplacée puis remise en service progressive.,2026-S1
MNT-2026S1-0503,EVT-2026S1-0164,EQ-FAN-104,2026-01-07T14:47:00Z,2026-01-07T19:26:00Z,corrective,no_fault_found,279,6.52,153.21,2,Intervention préventive conforme au plan.,2026-S1
MNT-2026S1-0504,EVT-2026S1-0399,EQ-COMP-289,2026-04-12T17:37:00Z,2026-04-12T20:19:00Z,corrective,follow_up_required,162,4.51,224.85,1,Intervention préventive conforme au plan.,2026-S1
MNT-2026S1-0505,EVT-2026S1-0267,EQ-PRESS-337,2026-01-26T19:36:00Z,2026-01-27T00:53:00Z,calibration,parts_ordered,317,7.83,345.41,2,"Cause non confirmée, mesures complémentaires nécessaires.",2026-S1
MNT-2026S1-0506,EVT-2026S1-0344,EQ-FAN-284,2026-01-10T10:44:00Z,2026-01-10T14:55:00Z,preventive,follow_up_required,251,8.13,222.4,3,Contrôle visuel et essai fonctionnel réalisés.,2026-S1
MNT-2026S1-0507,EVT-2026S1-0074,EQ-PRESS-314,2026-05-22T18:24:00Z,2026-05-22T22:54:00Z,preventive,parts_ordered,270,7.13,323.11,4,Intervention préventive conforme au plan.,2026-S1
MNT-2026S1-0508,EVT-2026S1-0365,EQ-ROBOT-215,2026-01-05T11:11:00Z,2026-01-05T13:48:00Z,calibration,parts_ordered,157,3.9,406.22,2,Contrôle visuel et essai fonctionnel réalisés.,2026-S1
MNT-2026S1-0509,EVT-2026S1-0182,EQ-CONV-302,2026-01-17T05:03:00Z,2026-01-17T06:52:00Z,replacement,no_fault_found,109,3.86,223.62,4,Pièce remplacée puis remise en service progressive.,2026-S1
MNT-2026S1-0510,EVT-2026S1-0191,EQ-EXTRA-405,2026-01-24T20:01:00Z,2026-01-24T21:08:00Z,preventive,resolved,67,2.74,32.86,0,Pièce remplacée puis remise en service progressive.,2026-S1
MNT-2026S1-0511,EVT-2026S1-0424,EQ-DRYER-264,2026-05-24T13:59:00Z,2026-05-24T15:35:00Z,inspection,monitoring,96,1.54,129.29,1,Pièce remplacée puis remise en service progressive.,2026-S1
MNT-2026S1-0512,EVT-2026S1-0157,EQ-PUMP-327,2026-06-14T17:27:00Z,2026-06-14T20:29:00Z,calibration,resolved,182,4.18,50.16,0,"Réglage effectué, surveillance demandée à la prochaine ronde.",2026-S1
MNT-2026S1-0513,EVT-2026S1-0045,EQ-ROBOT-295,2026-06-01T08:53:00Z,2026-06-01T13:04:00Z,calibration,no_fault_found,251,5.67,273.16,2,Contrôle visuel et essai fonctionnel réalisés.,2026-S1
MNT-2026S1-0514,EVT-2026S1-0286,EQ-OVEN-246,2026-05-12T01:55:00Z,2026-05-12T05:07:00Z,replacement,no_fault_found,192,5.52,504.9,2,"Cause non confirmée, mesures complémentaires nécessaires.",2026-S1
MNT-2026S1-0515,EVT-2026S1-X033,EQ-PUMP-006,2026-05-28T19:03:00Z,2026-05-28T22:20:00Z,calibration,monitoring,197,4.53,54.34,0,Contrôle visuel et essai fonctionnel réalisés.,2026-S1
MNT-2026S1-0516,EVT-2026S1-0229,EQ-MIX-219,2026-02-21T07:40:00Z,2026-02-21T09:12:00Z,corrective,parts_ordered,92,0.65,7.85,0,Intervention préventive conforme au plan.,2026-S1
MNT-2026S1-0517,EVT-2026S1-0050,EQ-PUMP-350,2026-02-10T15:38:00Z,2026-02-10T18:39:00Z,inspection,parts_ordered,181,5.2,169.16,1,"Cause non confirmée, mesures complémentaires nécessaires.",2026-S1
MNT-2026S1-0518,EVT-2026S1-0164,EQ-FAN-104,2026-01-07T15:22:00Z,,corrective,follow_up_required,259,7.96,582.06,2,Contrôle visuel et essai fonctionnel réalisés.,2026-S1
MNT-2026S1-0519,EVT-2026S1-0205,EQ-ROBOT-255,2026-01-05T19:48:00Z,2026-01-05T22:56:00Z,calibration,parts_ordered,188,3.77,148.62,2,"Cause non confirmée, mesures complémentaires nécessaires.",2026-S1
MNT-2026S1-0520,EVT-2026S1-0172,EQ-OVEN-223,2026-06-13T10:02:00Z,2026-06-13T11:24:00Z,replacement,monitoring,82,0.44,97.32,2,Contrôle visuel et essai fonctionnel réalisés.,2026-S1
MNT-2026S1-0521,EVT-2026S1-0076,EQ-CONV-336,2026-01-11T14:31:00Z,2026-01-11T17:53:00Z,calibration,parts_ordered,202,3.27,307.34,2,Contrôle visuel et essai fonctionnel réalisés.,2026-S1
MNT-2026S1-0522,EVT-2026S1-0114,EQ-PRESS-154,2026-03-05T09:06:00Z,2026-03-05T14:18:00Z,replacement,resolved,312,5.5,582.49,2,Contrôle visuel et essai fonctionnel réalisés.,2026-S1
MNT-2026S1-0523,EVT-2026S1-0235,EQ-SENSOR-285,2026-05-14T12:40:00Z,2026-05-14T14:49:00Z,corrective,monitoring,129,3.22,38.64,0,Intervention préventive conforme au plan.,2026-S1
MNT-2026S1-0524,EVT-2026S1-0166,EQ-OVEN-126,2026-01-27T02:58:00Z,2026-01-27T06:00:00Z,corrective,parts_ordered,182,3.42,76.27,1,"Réglage effectué, surveillance demandée à la prochaine ronde.",2026-S1
MNT-2026S1-0525,EVT-2026S1-0125,EQ-ROBOT-275,2026-04-08T04:29:00Z,2026-04-08T07:13:00Z,corrective,no_fault_found,164,5.44,65.27,0,Contrôle visuel et essai fonctionnel réalisés.,2026-S1
MNT-2026S1-0526,EVT-2026S1-0087,EQ-PRESS-157,2026-01-09T13:08:00Z,2026-01-09T17:48:00Z,inspection,monitoring,280,6.01,72.09,0,"Réglage effectué, surveillance demandée à la prochaine ronde.",2026-S1
MNT-2026S1-0527,EVT-2026S1-0008,EQ-PRESS-001,2026-06-02T07:57:00Z,2026-06-02T10:36:00Z,corrective,parts_ordered,159,4.15,1004.38,4,"Cause non confirmée, mesures complémentaires nécessaires.",2026-S1
MNT-2026S1-0528,EVT-2026S1-0084,EQ-FAN-124,2026-02-04T13:23:00Z,2026-02-04T17:53:00Z,inspection,no_fault_found,270,6.39,,2,"Cause non confirmée, mesures complémentaires nécessaires.",2026-S1
MNT-2026S1-0529,EVT-2026S1-0441,EQ-ROBOT-151,2026-03-01T19:41:00Z,2026-03-01T20:56:00Z,preventive,parts_ordered,75,1.83,494.25,2,Contrôle visuel et essai fonctionnel réalisés.,2026-S1
MNT-2026S1-0530,EVT-2026S1-0020,EQ-OVEN-002,2026-03-05T08:55:00Z,2026-03-05T13:40:00Z,corrective,parts_ordered,285,7.92,573.82,2,Intervention préventive conforme au plan.,2026-S1
MNT-2026S1-0531,EVT-2026S1-X041,EQ-CONV-362,2026-03-14T00:49:00Z,2026-03-14T02:22:00Z,replacement,monitoring,93,4.23,490.0,3,Contrôle visuel et essai fonctionnel réalisés.,2026-S1
MNT-2026S1-0532,EVT-2026S1-0310,EQ-PUMP-210,2026-04-16T12:13:00Z,2026-04-16T15:43:00Z,preventive,resolved,210,5.02,256.69,2,"Réglage effectué, surveillance demandée à la prochaine ronde.",2026-S1
MNT-2026S1-0533,EVT-2026S1-0058,EQ-ROBOT-138,2026-03-23T14:45:00Z,2026-03-23T16:34:00Z,calibration,monitoring,109,2.81,245.99,1,Pièce remplacée puis remise en service progressive.,2026-S1
MNT-2026S1-0534,EVT-2026S1-0430,EQ-LIFT-330,2026-04-14T01:40:00Z,2026-04-14T04:55:00Z,replacement,monitoring,195,3.31,39.69,0,Pièce remplacée puis remise en service progressive.,2026-S1
MNT-2026S1-0535,EVT-2026S1-0104,EQ-FAN-344,2026-05-29T08:06:00Z,2026-05-29T13:12:00Z,calibration,resolved,306,6.45,563.75,3,"Cause non confirmée, mesures complémentaires nécessaires.",2026-S1
MNT-2026S1-0536,EVT-2026S1-0266,EQ-OVEN-326,2026-01-21T21:51:00Z,2026-01-22T02:10:00Z,calibration,no_fault_found,259,5.01,155.64,2,Contrôle visuel et essai fonctionnel réalisés.,2026-S1
MNT-2026S1-0537,EVT-2026S1-0458,EQ-VALVE-338,2026-04-06T12:48:00Z,2026-04-06T14:31:00Z,corrective,follow_up_required,103,1.78,21.37,0,Contrôle visuel et essai fonctionnel réalisés.,2026-S1
MNT-2026S1-0538,EVT-2026S1-X052,EQ-SENSOR-185,2026-05-29T19:44:00Z,2026-05-29T21:39:00Z,replacement,parts_ordered,115,3.65,554.07,2,Intervention préventive conforme au plan.,2026-S1
MNT-2026S1-0539,EVT-2026S1-0364,EQ-FAN-204,2026-02-16T12:39:00Z,2026-02-16T16:01:00Z,corrective,parts_ordered,202,5.83,584.78,2,Intervention préventive conforme au plan.,2026-S1
MNT-2026S1-0540,EVT-2026S1-0402,EQ-MOTOR-322,2026-01-16T10:09:00Z,2026-01-16T13:36:00Z,inspection,no_fault_found,207,3.97,199.13,1,Contrôle visuel et essai fonctionnel réalisés.,2026-S1
MNT-2026S1-0541,EVT-2026S1-0205,EQ-ROBOT-255,2026-01-05T20:22:00Z,2026-01-05T23:00:00Z,replacement,parts_ordered,158,5.68,320.13,1,Pièce remplacée puis remise en service progressive.,2026-S1
MNT-2026S1-0542,EVT-2026S1-X027,EQ-CAB-134,2026-01-18T08:05:00Z,2026-01-18T11:05:00Z,corrective,follow_up_required,180,4.96,210.89,2,Contrôle visuel et essai fonctionnel réalisés.,2026-S1
MNT-2026S1-0543,EVT-2026S1-0053,EQ-OVEN-383,2026-02-02T17:16:00Z,2026-02-02T17:47:00Z,replacement,follow_up_required,31,1.65,19.77,0,Pièce remplacée puis remise en service progressive.,2026-S1
MNT-2026S1-0544,EVT-2026S1-0385,EQ-ROBOT-135,2026-01-21T08:25:00Z,2026-01-21T12:13:00Z,preventive,resolved,228,4.4,52.79,0,"Réglage effectué, surveillance demandée à la prochaine ronde.",2026-S1
MNT-2026S1-0546,EVT-2026S1-0220,EQ-FAN-120,2026-03-30T02:17:00Z,2026-03-30T02:32:00Z,replacement,follow_up_required,0,2.09,,0,"Cause non confirmée, mesures complémentaires nécessaires.",2026-S1
MNT-2026S1-0547,EVT-2026S1-0277,EQ-PUMP-147,2026-02-03T21:30:00Z,2026-02-04T00:27:00Z,calibration,no_fault_found,177,6.52,450.79,2,Intervention préventive conforme au plan.,2026-S1
MNT-2026S1-0548,EVT-2026S1-0408,EQ-VALVE-388,2026-04-12T07:49:00Z,2026-04-12T10:31:00Z,replacement,resolved,162,2.37,264.93,3,Intervention préventive conforme au plan.,2026-S1
MNT-2026S1-0549,EVT-2026S1-0356,EQ-CONV-116,2026-03-17T08:52:00Z,2026-03-17T13:01:00Z,preventive,resolved,249,4.55,54.63,0,"Cause non confirmée, mesures complémentaires nécessaires.",2026-S1
MNT-2026S1-0550,EVT-2026S1-0387,EQ-PRESS-157,2026-02-02T10:51:00Z,2026-02-02T15:10:00Z,replacement,no_fault_found,259,8.78,455.96,2,Intervention préventive conforme au plan.,2026-S1
MNT-2026S1-0551,EVT-2026S1-0276,EQ-CONV-136,2026-03-26T02:01:00Z,2026-03-26T04:08:00Z,corrective,follow_up_required,127,4.51,104.52,1,Intervention préventive conforme au plan.,2026-S1
MNT-2026S1-0552,EVT-2026S1-0172,EQ-OVEN-223,2026-06-13T12:57:00Z,2026-06-13T14:09:00Z,corrective,follow_up_required,72,0.25,219.5,1,"Réglage effectué, surveillance demandée à la prochaine ronde.",2026-S1
MNT-2026S1-0553,EVT-2026S1-0103,EQ-COMP-333,2026-02-14T02:03:00Z,2026-02-14T06:03:00Z,calibration,parts_ordered,240,4.7,56.39,0,"Cause non confirmée, mesures complémentaires nécessaires.",2026-S1
MNT-2026S1-0554,EVT-2026S1-0188,EQ-CHILL-368,2026-01-16T10:11:00Z,2026-01-16T12:27:00Z,preventive,no_fault_found,136,3.86,306.16,1,Contrôle visuel et essai fonctionnel réalisés.,2026-S1
MNT-2026S1-0555,EVT-2026S1-X023,EQ-PUMP-351,2026-01-24T15:54:00Z,,inspection,monitoring,97,4.89,296.86,1,Pièce remplacée puis remise en service progressive.,2026-S1
MNT-2026S1-0556,EVT-2026S1-X025,EQ-PUMP-307,2026-01-09T07:41:00Z,2026-01-09T11:54:00Z,inspection,no_fault_found,253,6.08,584.93,3,Pièce remplacée puis remise en service progressive.,2026-S1
MNT-2026S1-0557,EVT-2026S1-0467,EQ-CONV-137,2026-01-24T18:29:00Z,2026-01-24T21:14:00Z,calibration,parts_ordered,165,3.05,36.55,0,Intervention préventive conforme au plan.,2026-S1
MNT-2026S1-0558,EVT-2026S1-0296,EQ-CONV-356,2026-06-19T13:33:00Z,2026-06-19T16:06:00Z,replacement,monitoring,153,4.35,269.17,4,Pièce remplacée puis remise en service progressive.,2026-S1
MNT-2026S1-0559,EVT-2026S1-0087,EQ-PRESS-157,2026-01-09T13:15:00Z,2026-01-09T17:17:00Z,inspection,parts_ordered,242,7.2,162.91,1,Pièce remplacée puis remise en service progressive.,2026-S1
MNT-2026S1-0560,EVT-2026S1-0245,EQ-ROBOT-395,2026-03-26T08:44:00Z,2026-03-26T12:24:00Z,preventive,resolved,220,4.92,263.52,2,Contrôle visuel et essai fonctionnel réalisés.,2026-S1
MNT-2026S1-0561,EVT-2026S1-0497,EQ-VALVE-167,2026-05-04T08:57:00Z,2026-05-04T09:12:00Z,calibration,monitoring,4,0.66,7.87,0,Intervention préventive conforme au plan.,2026-S1
MNT-2026S1-0562,EVT-2026S1-0236,EQ-CONV-296,2026-01-18T18:33:00Z,2026-01-18T21:42:00Z,preventive,resolved,189,4.64,231.29,1,Contrôle visuel et essai fonctionnel réalisés.,2026-S1
MNT-2026S1-0563,EVT-2026S1-0151,EQ-CAB-134,2026-06-18T23:46:00Z,2026-06-19T01:06:00Z,replacement,parts_ordered,80,2.24,188.96,1,Contrôle visuel et essai fonctionnel réalisés.,2026-S1
MNT-2026S1-0564,EVT-2026S1-0417,EQ-PACK-187,2026-04-30T08:11:00Z,2026-04-30T10:17:00Z,preventive,monitoring,126,1.22,247.43,1,Pièce remplacée puis remise en service progressive.,2026-S1
MNT-2026S1-0565,EVT-2026S1-0187,EQ-PRESS-357,2026-04-24T18:10:00Z,2026-04-24T23:22:00Z,corrective,parts_ordered,312,7.18,729.14,4,Intervention préventive conforme au plan.,2026-S1
MNT-2026S1-0566,EVT-2026S1-0095,EQ-SENSOR-245,2026-03-10T12:02:00Z,2026-03-10T14:07:00Z,inspection,follow_up_required,125,3.91,375.21,3,Pièce remplacée puis remise en service progressive.,2026-S1
MNT-2026S1-0567,EVT-2026S1-0442,EQ-ROBOT-162,2026-02-22T13:58:00Z,2026-02-22T16:02:00Z,calibration,follow_up_required,124,2.42,125.03,1,Pièce remplacée puis remise en service progressive.,2026-S1
MNT-2026S1-0568,EVT-2026S1-0487,EQ-ROBOT-357,2026-04-09T11:14:00Z,2026-04-09T14:24:00Z,preventive,follow_up_required,190,7.31,648.93,3,Pièce remplacée puis remise en service progressive.,2026-S1
MNT-2026S1-0569,EVT-2026S1-X012,EQ-CONV-003,2026-05-20T06:28:00Z,2026-05-20T11:52:00Z,inspection,monitoring,324,7.01,300.56,1,Contrôle visuel et essai fonctionnel réalisés.,2026-S1
MNT-2026S1-0570,EVT-2026S1-0246,EQ-OVEN-106,2026-01-12T07:58:00Z,2026-01-12T11:24:00Z,replacement,resolved,206,4.48,53.8,0,Pièce remplacée puis remise en service progressive.,2026-S1
MNT-2026S1-0571,EVT-2026S1-0347,EQ-PRESS-317,2026-02-27T17:19:00Z,2026-02-27T22:51:00Z,inspection,monitoring,332,6.1,225.01,3,Pièce remplacée puis remise en service progressive.,2026-S1
MNT-2026S1-0572,EVT-2026S1-0116,EQ-CONV-176,2026-04-21T23:01:00Z,2026-04-22T02:06:00Z,replacement,follow_up_required,185,3.98,249.23,1,Pièce remplacée puis remise en service progressive.,2026-S1
MNT-2026S1-0573,EVT-2026S1-0399,EQ-COMP-289,2026-04-12T16:09:00Z,2026-04-12T19:22:00Z,inspection,parts_ordered,193,4.71,550.42,2,Pièce remplacée puis remise en service progressive.,2026-S1
MNT-2026S1-0574,EVT-2026S1-0131,EQ-EXTRA-420,2026-06-12T02:54:00Z,2026-06-12T05:05:00Z,replacement,resolved,131,1.79,113.88,1,Pièce remplacée puis remise en service progressive.,2026-S1
MNT-2026S1-0575,EVT-2026S1-0100,EQ-FAN-300,2026-06-16T16:00:00Z,2026-06-16T16:42:00Z,inspection,resolved,42,2.25,219.34,1,"Cause non confirmée, mesures complémentaires nécessaires.",2026-S1
MNT-2026S1-0576,EVT-2026S1-0220,EQ-FAN-120,2026-03-29T23:47:00Z,2026-03-30T00:44:00Z,corrective,parts_ordered,57,1.26,15.08,0,Intervention préventive conforme au plan.,2026-S1
MNT-2026S1-0577,EVT-2026S1-0144,EQ-FAN-184,2026-03-13T10:49:00Z,2026-03-13T15:05:00Z,calibration,monitoring,256,7.11,280.12,2,Contrôle visuel et essai fonctionnel réalisés.,2026-S1
MNT-2026S1-0578,EVT-2026S1-0449,EQ-CAB-239,2026-05-15T00:03:00Z,2026-05-15T01:17:00Z,replacement,parts_ordered,74,1.26,303.73,2,"Réglage effectué, surveillance demandée à la prochaine ronde.",2026-S1
MNT-2026S1-0579,EVT-2026S1-0358,EQ-ROBOT-138,2026-03-08T15:18:00Z,2026-03-08T17:32:00Z,corrective,monitoring,134,2.6,198.01,2,"Réglage effectué, surveillance demandée à la prochaine ronde.",2026-S1
MNT-2026S1-0580,EVT-2026S1-0206,EQ-OVEN-266,2026-05-08T17:40:00Z,2026-05-08T20:45:00Z,preventive,no_fault_found,185,5.67,416.93,3,Pièce remplacée puis remise en service progressive.,2026-S1
MNT-2026S1-0581,EVT-2026S1-0295,EQ-SENSOR-345,2026-05-12T00:08:00Z,2026-05-12T01:20:00Z,corrective,no_fault_found,72,3.77,45.29,0,Pièce remplacée puis remise en service progressive.,2026-S1
MNT-2026S1-0582,EVT-2026S1-0004,EQ-FAN-004,2026-05-23T22:54:00Z,2026-05-24T02:35:00Z,corrective,follow_up_required,221,6.22,529.32,2,Pièce remplacée puis remise en service progressive.,2026-S1
MNT-2026S1-0583,EVT-2026S1-0496,EQ-VALVE-156,2026-03-10T11:26:00Z,2026-03-10T12:13:00Z,replacement,follow_up_required,47,1.57,136.78,1,Intervention préventive conforme au plan.,2026-S1
MNT-2026S1-0584,EVT-2026S1-0335,EQ-SENSOR-185,2026-06-10T15:35:00Z,2026-06-10T18:37:00Z,corrective,parts_ordered,182,3.06,36.72,0,Intervention préventive conforme au plan.,2026-S1
MNT-2026S1-0585,EVT-2026S1-0061,EQ-PUMP-171,2026-01-15T22:20:00Z,2026-01-16T01:32:00Z,preventive,parts_ordered,192,4.62,475.56,2,Contrôle visuel et essai fonctionnel réalisés.,2026-S1
MNT-2026S1-0586,EVT-2026S1-0413,EQ-GEAR-143,2026-01-11T17:49:00Z,2026-01-11T20:49:00Z,calibration,parts_ordered,180,2.77,201.62,1,Contrôle visuel et essai fonctionnel réalisés.,2026-S1
MNT-2026S1-0587,EVT-2026S1-0403,EQ-MOTOR-333,2026-04-14T09:14:00Z,2026-04-14T12:13:00Z,replacement,no_fault_found,179,2.76,33.1,0,Pièce remplacée puis remise en service progressive.,2026-S1
MNT-2026S1-0588,EVT-2026S1-0204,EQ-FAN-244,2026-01-19T12:59:00Z,2026-01-19T16:38:00Z,corrective,resolved,219,7.09,216.93,2,Intervention préventive conforme au plan.,2026-S1
MNT-2026S1-0589,EVT-2026S1-0113,EQ-OVEN-143,2026-04-26T22:29:00Z,2026-04-26T22:52:00Z,corrective,no_fault_found,23,1.13,13.53,0,Pièce remplacée puis remise en service progressive.,2026-S1
MNT-2026S1-0590,EVT-2026S1-0350,EQ-PUMP-350,2026-06-07T14:37:00Z,2026-06-07T17:43:00Z,calibration,no_fault_found,186,4.65,251.46,1,"Réglage effectué, surveillance demandée à la prochaine ronde.",2026-S1
MNT-2026S1-0591,EVT-2026S1-0282,EQ-CONV-202,2026-03-23T10:44:00Z,2026-03-23T11:27:00Z,replacement,monitoring,43,3.42,164.75,3,Intervention préventive conforme au plan.,2026-S1
MNT-2026S1-0592,EVT-2026S1-0296,EQ-CONV-356,2026-06-19T11:50:00Z,,inspection,follow_up_required,190,5.59,276.92,1,Intervention préventive conforme au plan.,2026-S1
MNT-2026S1-0593,EVT-2026S1-0379,EQ-COMP-369,2026-03-18T21:54:00Z,2026-03-19T01:08:00Z,calibration,parts_ordered,194,4.95,502.4,3,"Cause non confirmée, mesures complémentaires nécessaires.",2026-S1
MNT-2026S1-0594,EVT-2026S1-0378,EQ-ROBOT-358,2026-05-31T21:20:00Z,2026-05-31T23:45:00Z,calibration,follow_up_required,145,2.85,519.5,2,Intervention préventive conforme au plan.,2026-S1
MNT-2026S1-0595,EVT-2026S1-X022,EQ-FAN-304,2026-04-03T20:52:00Z,2026-04-03T22:30:00Z,replacement,follow_up_required,98,1.21,14.55,0,"Cause non confirmée, mesures complémentaires nécessaires.",2026-S1
MNT-2026S1-0596,EVT-2026S1-0331,EQ-CONV-282,2026-03-25T15:06:00Z,2026-03-25T16:25:00Z,replacement,no_fault_found,79,1.58,134.46,1,Pièce remplacée puis remise en service progressive.,2026-S1
MNT-2026S1-0597,EVT-2026S1-X047,EQ-PUMP-214,2026-02-14T07:50:00Z,2026-02-14T10:34:00Z,inspection,parts_ordered,164,4.74,506.48,2,"Cause non confirmée, mesures complémentaires nécessaires.",2026-S1
MNT-2026S1-0598,EVT-2026S1-0380,EQ-FAN-380,2026-02-07T10:49:00Z,2026-02-07T12:18:00Z,replacement,follow_up_required,89,1.18,70.86,1,"Réglage effectué, surveillance demandée à la prochaine ronde.",2026-S1
MNT-2026S1-0599,EVT-2026S1-X049,EQ-ROBOT-357,2026-03-19T12:07:00Z,2026-03-19T12:28:00Z,corrective,no_fault_found,21,1.35,16.22,0,"Cause non confirmée, mesures complémentaires nécessaires.",2026-S1
MNT-2026S1-0600,EVT-2026S1-0141,EQ-PUMP-151,2026-04-19T02:55:00Z,2026-04-19T06:29:00Z,calibration,monitoring,214,5.32,575.83,2,Contrôle visuel et essai fonctionnel réalisés.,2026-S1
MNT-2026S1-0601,EVT-2026S1-0298,EQ-ROBOT-378,2026-05-04T07:43:00Z,2026-05-04T08:45:00Z,corrective,parts_ordered,62,2.32,67.02,1,"Cause non confirmée, mesures complémentaires nécessaires.",2026-S1
MNT-2026S1-0602,EVT-2026S1-0313,EQ-OVEN-243,2026-04-19T19:22:00Z,2026-04-19T19:37:00Z,corrective,no_fault_found,0,0.25,3.0,0,"Cause non confirmée, mesures complémentaires nécessaires.",2026-S1
MNT-2026S1-0603,EVT-2026S1-0379,EQ-COMP-369,2026-03-18T21:44:00Z,2026-03-19T00:59:00Z,preventive,resolved,195,3.78,45.35,0,"Réglage effectué, surveillance demandée à la prochaine ronde.",2026-S1
MNT-2026S1-0604,EVT-2026S1-0247,EQ-PRESS-117,2026-04-05T16:42:00Z,2026-04-05T21:51:00Z,preventive,parts_ordered,309,6.75,578.97,3,Contrôle visuel et essai fonctionnel réalisés.,2026-S1
MNT-2026S1-0605,EVT-2026S1-0082,EQ-CONV-102,2026-05-11T08:44:00Z,2026-05-11T11:06:00Z,corrective,parts_ordered,142,2.1,25.24,0,Pièce remplacée puis remise en service progressive.,2026-S1
MNT-2026S1-0606,EVT-2026S1-0468,EQ-CONV-148,2026-03-26T05:12:00Z,2026-03-26T06:52:00Z,preventive,no_fault_found,100,2.69,270.67,2,"Réglage effectué, surveillance demandée à la prochaine ronde.",2026-S1
MNT-2026S1-0607,EVT-2026S1-0146,EQ-OVEN-206,2026-04-11T05:18:00Z,2026-04-11T07:50:00Z,replacement,monitoring,152,5.95,350.62,2,Pièce remplacée puis remise en service progressive.,2026-S1
MNT-2026S1-0608,EVT-2026S1-0414,EQ-GEAR-154,2026-05-07T03:35:00Z,2026-05-07T06:51:00Z,corrective,no_fault_found,196,5.14,420.65,3,"Cause non confirmée, mesures complémentaires nécessaires.",2026-S1
MNT-2026S1-0609,EVT-2026S1-0410,EQ-VALVE-110,2026-02-06T12:51:00Z,2026-02-06T14:55:00Z,inspection,parts_ordered,124,3.16,37.87,0,"Réglage effectué, surveillance demandée à la prochaine ronde.",2026-S1
MNT-2026S1-0610,EVT-2026S1-0263,EQ-COMP-293,2026-05-22T20:00:00Z,2026-05-22T22:50:00Z,preventive,follow_up_required,170,5.27,251.72,2,Intervention préventive conforme au plan.,2026-S1
MNT-2026S1-0611,EVT-2026S1-X017,EQ-COMP-140,2026-02-02T22:52:00Z,2026-02-03T01:41:00Z,replacement,resolved,169,5.54,,1,Contrôle visuel et essai fonctionnel réalisés.,2026-S1
MNT-2026S1-0612,EVT-2026S1-0353,EQ-OVEN-383,2026-01-02T07:25:00Z,2026-01-02T08:13:00Z,preventive,no_fault_found,48,0.85,10.16,0,Intervention préventive conforme au plan.,2026-S1
MNT-2026S1-0613,EVT-2026S1-0435,EQ-STEAM-385,2026-05-29T23:47:00Z,2026-05-30T01:16:00Z,corrective,follow_up_required,89,2.16,90.08,1,"Réglage effectué, surveillance demandée à la prochaine ronde.",2026-S1
MNT-2026S1-0614,EVT-2026S1-0104,EQ-FAN-344,2026-05-29T10:22:00Z,2026-05-29T15:33:00Z,corrective,no_fault_found,311,6.85,365.14,3,Contrôle visuel et essai fonctionnel réalisés.,2026-S1
MNT-2026S1-0615,EVT-2026S1-0067,EQ-PRESS-237,2026-02-24T22:18:00Z,2026-02-25T01:59:00Z,preventive,resolved,221,6.16,204.03,1,"Cause non confirmée, mesures complémentaires nécessaires.",2026-S1
MNT-2026S1-0616,EVT-2026S1-0349,EQ-MIX-339,2026-01-13T11:36:00Z,2026-01-13T12:54:00Z,corrective,follow_up_required,78,2.68,154.81,1,"Réglage effectué, surveillance demandée à la prochaine ronde.",2026-S1
MNT-2026S1-0617,EVT-2026S1-0066,EQ-OVEN-226,2026-02-03T22:04:00Z,2026-02-04T01:44:00Z,preventive,monitoring,220,5.35,149.77,1,"Réglage effectué, surveillance demandée à la prochaine ronde.",2026-S1
MNT-2026S1-0618,EVT-2026S1-0112,EQ-CONV-142,2026-05-24T13:18:00Z,2026-05-24T13:33:00Z,replacement,monitoring,11,0.25,107.45,1,Intervention préventive conforme au plan.,2026-S1
MNT-2026S1-0619,EVT-2026S1-0116,EQ-CONV-176,2026-04-21T22:32:00Z,2026-04-22T01:36:00Z,inspection,no_fault_found,184,4.54,54.53,0,"Cause non confirmée, mesures complémentaires nécessaires.",2026-S1
MNT-2026S1-0620,EVT-2026S1-0424,EQ-DRYER-264,2026-05-24T12:43:00Z,2026-05-24T14:47:00Z,inspection,follow_up_required,124,3.85,114.05,1,Pièce remplacée puis remise en service progressive.,2026-S1
MNT-2026S1-0621,EVT-2026S1-0157,EQ-PUMP-327,2026-06-14T17:55:00Z,,replacement,parts_ordered,146,5.75,68.99,0,"Cause non confirmée, mesures complémentaires nécessaires.",2026-S1
MNT-2026S1-0622,EVT-2026S1-0193,EQ-OVEN-123,2026-01-23T15:08:00Z,2026-01-23T15:49:00Z,replacement,monitoring,41,1.06,731.24,3,"Cause non confirmée, mesures complémentaires nécessaires.",2026-S1
MNT-2026S1-0623,EVT-2026S1-0419,EQ-PACK-209,2026-02-10T04:38:00Z,2026-02-10T06:49:00Z,calibration,follow_up_required,131,1.43,17.13,0,Pièce remplacée puis remise en service progressive.,2026-S1
MNT-2026S1-0624,EVT-2026S1-0424,EQ-DRYER-264,2026-05-24T11:42:00Z,2026-05-24T12:36:00Z,calibration,parts_ordered,54,2.2,26.34,0,"Réglage effectué, surveillance demandée à la prochaine ronde.",2026-S1
MNT-2026S1-0625,EVT-2026S1-0293,EQ-OVEN-323,2026-03-21T10:10:00Z,2026-03-21T10:54:00Z,preventive,follow_up_required,44,0.81,9.78,0,Pièce remplacée puis remise en service progressive.,2026-S1
MNT-2026S1-0626,EVT-2026S1-0040,EQ-CONV-003,2026-01-24T07:32:00Z,2026-01-24T09:02:00Z,replacement,no_fault_found,90,3.07,36.88,0,"Cause non confirmée, mesures complémentaires nécessaires.",2026-S1
MNT-2026S1-0627,EVT-2026S1-0421,EQ-DRYER-231,2026-02-23T18:29:00Z,2026-02-23T20:34:00Z,replacement,parts_ordered,125,2.72,246.03,1,"Réglage effectué, surveillance demandée à la prochaine ronde.",2026-S1
MNT-2026S1-0628,EVT-2026S1-0065,EQ-ROBOT-215,2026-01-19T23:45:00Z,2026-01-20T03:16:00Z,inspection,parts_ordered,211,3.21,38.52,0,"Cause non confirmée, mesures complémentaires nécessaires.",2026-S1
MNT-2026S1-0629,EVT-2026S1-X022,EQ-FAN-304,2026-04-03T19:10:00Z,,replacement,monitoring,44,1.91,194.46,1,Intervention préventive conforme au plan.,2026-S1
MNT-2026S1-0630,EVT-2026S1-0328,EQ-CHILL-108,2026-04-29T05:44:00Z,2026-04-29T09:02:00Z,preventive,no_fault_found,198,5.21,62.5,0,Contrôle visuel et essai fonctionnel réalisés.,2026-S1
MNT-2026S1-0631,EVT-2026S1-0161,EQ-PUMP-371,2026-03-30T13:47:00Z,2026-03-30T16:37:00Z,calibration,follow_up_required,170,4.24,549.51,3,Pièce remplacée puis remise en service progressive.,2026-S1
MNT-2026S1-0632,EVT-2026S1-0464,EQ-CHILL-104,2026-06-13T21:03:00Z,2026-06-13T23:48:00Z,replacement,resolved,165,2.77,219.11,1,Pièce remplacée puis remise en service progressive.,2026-S1
MNT-2026S1-0633,EVT-2026S1-0020,EQ-OVEN-002,2026-03-05T10:16:00Z,2026-03-05T14:35:00Z,calibration,parts_ordered,259,8.22,356.34,2,Intervention préventive conforme au plan.,2026-S1
MNT-2026S1-0634,EVT-2026S1-0230,EQ-PUMP-230,2026-01-28T00:35:00Z,2026-01-28T02:11:00Z,corrective,resolved,96,4.0,47.94,0,Pièce remplacée puis remise en service progressive.,2026-S1
MNT-2026S1-0635,EVT-2026S1-0364,EQ-FAN-204,2026-02-16T14:19:00Z,2026-02-16T17:20:00Z,corrective,no_fault_found,181,5.61,186.44,1,"Cause non confirmée, mesures complémentaires nécessaires.",2026-S1
MNT-2026S1-0636,EVT-2026S1-0200,EQ-FAN-200,2026-02-15T00:48:00Z,2026-02-15T01:24:00Z,corrective,resolved,36,0.67,8.02,0,"Cause non confirmée, mesures complémentaires nécessaires.",2026-S1
MNT-2026S1-0637,EVT-2026S1-0294,EQ-PRESS-334,2026-03-02T04:23:00Z,2026-03-02T09:58:00Z,replacement,resolved,335,7.94,278.47,3,Pièce remplacée puis remise en service progressive.,2026-S1
MNT-2026S1-0638,EVT-2026S1-0289,EQ-MIX-279,2026-01-12T22:21:00Z,2026-01-13T00:10:00Z,replacement,follow_up_required,109,2.59,166.07,1,"Cause non confirmée, mesures complémentaires nécessaires.",2026-S1
MNT-2026S1-0639,EVT-2026S1-0444,EQ-ROBOT-184,2026-03-24T02:06:00Z,2026-03-24T03:58:00Z,calibration,resolved,112,2.92,35.06,0,"Réglage effectué, surveillance demandée à la prochaine ronde.",2026-S1
MNT-2026S1-0640,EVT-2026S1-0074,EQ-PRESS-314,2026-05-22T19:39:00Z,2026-05-22T23:59:00Z,corrective,follow_up_required,260,6.51,347.08,3,Intervention préventive conforme au plan.,2026-S1
MNT-2026S1-0641,EVT-2026S1-0106,EQ-OVEN-366,2026-04-08T22:16:00Z,2026-04-09T01:32:00Z,corrective,resolved,196,4.88,313.34,1,"Réglage effectué, surveillance demandée à la prochaine ronde.",2026-S1
MNT-2026S1-0642,EVT-2026S1-0115,EQ-SENSOR-165,2026-04-17T20:52:00Z,2026-04-17T23:00:00Z,corrective,follow_up_required,128,3.37,40.38,0,"Cause non confirmée, mesures complémentaires nécessaires.",2026-S1
MNT-2026S1-0643,EVT-2026S1-0335,EQ-SENSOR-185,2026-06-10T13:51:00Z,2026-06-10T16:12:00Z,preventive,resolved,141,3.52,42.27,0,Intervention préventive conforme au plan.,2026-S1
MNT-2026S1-0644,EVT-2026S1-0293,EQ-OVEN-323,2026-03-21T10:54:00Z,2026-03-21T11:56:00Z,calibration,resolved,62,0.25,3.0,0,Intervention préventive conforme au plan.,2026-S1
MNT-2026S1-0645,EVT-2026S1-0182,EQ-CONV-302,2026-01-17T05:08:00Z,2026-01-17T05:54:00Z,calibration,no_fault_found,46,2.33,27.92,0,"Cause non confirmée, mesures complémentaires nécessaires.",2026-S1
MNT-2026S1-0646,EVT-2026S1-0287,EQ-PRESS-257,2026-03-02T04:47:00Z,2026-03-02T09:11:00Z,replacement,monitoring,264,7.69,558.39,3,"Cause non confirmée, mesures complémentaires nécessaires.",2026-S1
MNT-2026S1-0647,EVT-2026S1-0415,EQ-GEAR-165,2026-06-10T19:38:00Z,2026-06-10T22:44:00Z,preventive,resolved,186,4.91,312.4,1,"Réglage effectué, surveillance demandée à la prochaine ronde.",2026-S1
MNT-2026S1-0648,EVT-2026S1-0397,EQ-PUMP-267,2026-02-01T05:09:00Z,2026-02-01T08:08:00Z,preventive,resolved,179,5.42,283.08,1,Intervention préventive conforme au plan.,2026-S1
MNT-2026S1-0649,EVT-2026S1-0241,EQ-PUMP-351,2026-05-20T10:20:00Z,2026-05-20T13:24:00Z,inspection,follow_up_required,184,3.53,279.23,2,Contrôle visuel et essai fonctionnel réalisés.,2026-S1
MNT-2026S1-0650,EVT-2026S1-0281,EQ-PUMP-191,2026-03-07T01:54:00Z,2026-03-07T04:32:00Z,calibration,no_fault_found,158,5.53,106.11,1,"Cause non confirmée, mesures complémentaires nécessaires.",2026-S1
MNT-2026S1-0651,EVT-2026S1-0353,EQ-OVEN-383,2026-01-02T07:26:00Z,2026-01-02T07:41:00Z,inspection,follow_up_required,0,1.14,53.87,1,"Cause non confirmée, mesures complémentaires nécessaires.",2026-S1
MNT-2026S1-0652,EVT-2026S1-0198,EQ-ROBOT-178,2026-01-27T00:56:00Z,2026-01-27T02:05:00Z,corrective,follow_up_required,69,2.88,34.57,0,Pièce remplacée puis remise en service progressive.,2026-S1
MNT-2026S1-0653,EVT-2026S1-0287,EQ-PRESS-257,2026-03-02T05:32:00Z,2026-03-02T09:37:00Z,preventive,monitoring,245,6.43,334.84,3,Pièce remplacée puis remise en service progressive.,2026-S1
MNT-2026S1-0654,EVT-2026S1-0495,EQ-CAB-145,2026-06-15T12:45:00Z,2026-06-15T17:17:00Z,replacement,no_fault_found,272,7.29,273.59,3,Pièce remplacée puis remise en service progressive.,2026-S1
MNT-2026S1-0655,EVT-2026S1-X008,EQ-CHILL-168,2026-04-25T22:48:00Z,2026-04-26T01:57:00Z,preventive,parts_ordered,189,5.86,318.01,1,Intervention préventive conforme au plan.,2026-S1
MNT-2026S1-0656,EVT-2026S1-0352,EQ-PUMP-331,2026-03-19T10:59:00Z,2026-03-19T11:33:00Z,corrective,resolved,34,1.18,14.17,0,Pièce remplacée puis remise en service progressive.,2026-S1
MNT-2026S1-0657,EVT-2026S1-0098,EQ-ROBOT-278,2026-01-29T23:24:00Z,2026-01-30T01:09:00Z,preventive,parts_ordered,105,2.22,276.97,1,"Réglage effectué, surveillance demandée à la prochaine ronde.",2026-S1
MNT-2026S1-0658,EVT-2026S1-0330,EQ-PUMP-130,2026-01-29T11:28:00Z,2026-01-29T13:53:00Z,corrective,follow_up_required,145,3.76,225.72,1,"Cause non confirmée, mesures complémentaires nécessaires.",2026-S1
MNT-2026S1-0659,EVT-2026S1-0344,EQ-FAN-284,2026-01-10T11:22:00Z,2026-01-10T16:32:00Z,preventive,parts_ordered,310,7.8,359.92,2,"Cause non confirmée, mesures complémentaires nécessaires.",2026-S1
MNT-2026S1-0660,EVT-2026S1-0045,EQ-ROBOT-295,2026-06-01T08:37:00Z,2026-06-01T11:38:00Z,calibration,follow_up_required,181,3.44,188.84,1,Intervention préventive conforme au plan.,2026-S1
MNT-2026S1-0661,EVT-2026S1-0371,EQ-MIX-159,2026-05-07T04:56:00Z,2026-05-07T05:52:00Z,calibration,monitoring,56,3.0,36.03,0,Contrôle visuel et essai fonctionnel réalisés.,2026-S1
MNT-2026S1-0662,EVT-2026S1-0305,EQ-ROBOT-155,2026-03-13T03:12:00Z,2026-03-13T05:45:00Z,calibration,monitoring,153,3.99,223.65,1,Contrôle visuel et essai fonctionnel réalisés.,2026-S1
MNT-2026S1-0663,EVT-2026S1-0284,EQ-FAN-224,2026-05-17T14:26:00Z,2026-05-17T18:30:00Z,corrective,no_fault_found,244,6.58,200.06,2,"Cause non confirmée, mesures complémentaires nécessaires.",2026-S1
MNT-2026S1-0664,EVT-2026S1-0034,EQ-FAN-001,2026-01-14T03:30:00Z,2026-01-14T05:30:00Z,preventive,resolved,120,2.91,290.24,1,"Réglage effectué, surveillance demandée à la prochaine ronde.",2026-S1
MNT-2026S1-0665,EVT-2026S1-X003,EQ-FAN-144,2026-01-18T01:06:00Z,2026-01-18T01:21:00Z,inspection,parts_ordered,0,2.79,203.29,1,"Réglage effectué, surveillance demandée à la prochaine ronde.",2026-S1
MNT-2026S1-0666,EVT-2026S1-0112,EQ-CONV-142,2026-05-24T13:02:00Z,,inspection,parts_ordered,74,0.83,9.93,0,"Cause non confirmée, mesures complémentaires nécessaires.",2026-S1
MNT-2026S1-0667,EVT-2026S1-0008,EQ-PRESS-001,2026-06-02T07:55:00Z,2026-06-02T11:40:00Z,preventive,no_fault_found,225,4.64,213.66,2,"Cause non confirmée, mesures complémentaires nécessaires.",2026-S1
MNT-2026S1-0668,EVT-2026S1-0297,EQ-PUMP-367,2026-06-07T10:34:00Z,2026-06-07T13:58:00Z,corrective,resolved,204,3.94,224.41,2,"Cause non confirmée, mesures complémentaires nécessaires.",2026-S1
MNT-2026S1-0669,EVT-2026S1-0220,EQ-FAN-120,2026-03-30T00:27:00Z,2026-03-30T01:39:00Z,replacement,follow_up_required,72,1.8,228.67,1,Intervention préventive conforme au plan.,2026-S1
MNT-2026S1-0670,EVT-2026S1-0276,EQ-CONV-136,2026-03-26T01:45:00Z,2026-03-26T04:54:00Z,preventive,resolved,189,4.11,335.19,2,"Cause non confirmée, mesures complémentaires nécessaires.",2026-S1
MNT-2026S1-0671,EVT-2026S1-X002,EQ-ROBOT-175,2026-04-21T20:25:00Z,2026-04-21T23:05:00Z,replacement,follow_up_required,160,2.94,35.29,0,Contrôle visuel et essai fonctionnel réalisés.,2026-S1
MNT-2026S1-0672,EVT-2026S1-0294,EQ-PRESS-334,2026-03-02T05:33:00Z,2026-03-02T09:13:00Z,replacement,follow_up_required,220,7.05,214.3,3,Pièce remplacée puis remise en service progressive.,2026-S1
MNT-2026S1-0673,EVT-2026S1-0439,EQ-COMP-129,2026-03-26T04:24:00Z,2026-03-26T06:48:00Z,calibration,no_fault_found,144,2.0,59.89,1,Intervention préventive conforme au plan.,2026-S1
MNT-2026S1-0674,EVT-2026S1-0322,EQ-CONV-342,2026-01-16T17:43:00Z,2026-01-16T18:26:00Z,corrective,follow_up_required,43,3.0,35.95,0,Pièce remplacée puis remise en service progressive.,2026-S1
MNT-2026S1-0675,EVT-2026S1-0106,EQ-OVEN-366,2026-04-08T23:05:00Z,2026-04-09T03:02:00Z,calibration,resolved,237,3.97,47.6,0,"Réglage effectué, surveillance demandée à la prochaine ronde.",2026-S1
MNT-2026S1-0676,EVT-2026S1-0356,EQ-CONV-116,2026-03-17T09:01:00Z,2026-03-17T11:28:00Z,replacement,follow_up_required,147,3.84,308.85,2,"Cause non confirmée, mesures complémentaires nécessaires.",2026-S1
MNT-2026S1-0677,EVT-2026S1-0017,EQ-ROBOT-002,2026-06-16T15:31:00Z,2026-06-16T18:27:00Z,preventive,parts_ordered,176,4.0,238.28,1,"Réglage effectué, surveillance demandée à la prochaine ronde.",2026-S1
MNT-2026S1-0678,EVT-2026S1-0109,EQ-MIX-399,2026-06-10T03:15:00Z,2026-06-10T05:30:00Z,inspection,resolved,135,2.79,33.49,0,"Réglage effectué, surveillance demandée à la prochaine ronde.",2026-S1
MNT-2026S1-0679,EVT-2026S1-0166,EQ-OVEN-126,2026-01-27T00:56:00Z,2026-01-27T02:59:00Z,replacement,resolved,123,5.09,289.82,2,Pièce remplacée puis remise en service progressive.,2026-S1
MNT-2026S1-0680,EVT-2026S1-X015,EQ-PRESS-277,2026-03-29T17:38:00Z,2026-03-29T19:50:00Z,inspection,parts_ordered,132,2.67,32.01,0,"Réglage effectué, surveillance demandée à la prochaine ronde.",2026-S1
MNT-2026S1-0681,EVT-2026S1-0008,EQ-PRESS-001,2026-06-02T08:15:00Z,2026-06-02T11:44:00Z,inspection,resolved,209,4.52,133.26,1,"Cause non confirmée, mesures complémentaires nécessaires.",2026-S1
MNT-2026S1-0682,EVT-2026S1-0391,EQ-MIX-272,2026-03-31T13:32:00Z,2026-03-31T14:07:00Z,corrective,no_fault_found,35,1.6,196.85,1,Intervention préventive conforme au plan.,2026-S1
MNT-2026S1-0683,EVT-2026S1-0127,EQ-PRESS-297,2026-05-28T12:03:00Z,2026-05-28T16:12:00Z,calibration,no_fault_found,249,6.8,213.61,3,Contrôle visuel et essai fonctionnel réalisés.,2026-S1
MNT-2026S1-0684,EVT-2026S1-0249,EQ-MIX-139,2026-04-16T15:51:00Z,2026-04-16T18:10:00Z,replacement,parts_ordered,139,3.16,143.4,1,Intervention préventive conforme au plan.,2026-S1
MNT-2026S1-0685,EVT-2026S1-0410,EQ-VALVE-110,2026-02-06T13:26:00Z,2026-02-06T14:55:00Z,preventive,no_fault_found,89,1.8,205.06,1,"Cause non confirmée, mesures complémentaires nécessaires.",2026-S1
MNT-2026S1-0686,EVT-2026S1-0179,EQ-COMP-269,2026-02-13T17:23:00Z,2026-02-13T20:21:00Z,calibration,follow_up_required,178,4.14,295.11,2,"Réglage effectué, surveillance demandée à la prochaine ronde.",2026-S1
MNT-2026S1-0687,EVT-2026S1-0153,EQ-OVEN-283,2026-03-05T06:09:00Z,2026-03-05T06:37:00Z,replacement,resolved,28,0.96,11.52,0,"Réglage effectué, surveillance demandée à la prochaine ronde.",2026-S1
MNT-2026S1-0688,EVT-2026S1-0080,EQ-FAN-380,2026-03-06T07:51:00Z,2026-03-06T08:23:00Z,corrective,resolved,32,0.25,3.0,0,Intervention préventive conforme au plan.,2026-S1
MNT-2026S1-0689,EVT-2026S1-0046,EQ-OVEN-306,2026-03-27T01:26:00Z,2026-03-27T04:22:00Z,calibration,resolved,176,4.48,550.91,2,"Réglage effectué, surveillance demandée à la prochaine ronde.",2026-S1
MNT-2026S1-0690,EVT-2026S1-0161,EQ-PUMP-371,2026-03-30T14:30:00Z,2026-03-30T17:46:00Z,corrective,parts_ordered,196,3.96,560.91,2,Pièce remplacée puis remise en service progressive.,2026-S1
MNT-2026S1-0691,EVT-2026S1-X008,EQ-CHILL-168,2026-04-25T23:21:00Z,2026-04-26T02:34:00Z,calibration,follow_up_required,193,4.63,701.61,3,"Réglage effectué, surveillance demandée à la prochaine ronde.",2026-S1
MNT-2026S1-0692,EVT-2026S1-0025,EQ-MIX-002,2026-01-29T04:40:00Z,2026-01-29T06:26:00Z,inspection,parts_ordered,106,1.48,17.7,0,Intervention préventive conforme au plan.,2026-S1
MNT-2026S1-0693,EVT-2026S1-0402,EQ-MOTOR-322,2026-01-16T07:33:00Z,2026-01-16T10:32:00Z,corrective,follow_up_required,179,5.51,133.18,1,"Cause non confirmée, mesures complémentaires nécessaires.",2026-S1
MNT-2026S1-0694,EVT-2026S1-0009,EQ-COMP-001,2026-01-07T03:45:00Z,2026-01-07T06:48:00Z,replacement,monitoring,183,5.07,182.05,2,"Cause non confirmée, mesures complémentaires nécessaires.",2026-S1
MNT-2026S1-0695,EVT-2026S1-0293,EQ-OVEN-323,2026-03-21T12:11:00Z,2026-03-21T13:07:00Z,calibration,parts_ordered,56,1.33,15.94,0,"Réglage effectué, surveillance demandée à la prochaine ronde.",2026-S1
MNT-2026S1-0696,EVT-2026S1-0282,EQ-CONV-202,2026-03-23T12:01:00Z,2026-03-23T13:09:00Z,replacement,parts_ordered,68,2.73,32.79,0,Intervention préventive conforme au plan.,2026-S1
MNT-2026S1-0697,EVT-2026S1-0032,EQ-PUMP-005,2026-04-09T21:20:00Z,2026-04-09T23:38:00Z,corrective,follow_up_required,138,4.0,296.05,1,"Réglage effectué, surveillance demandée à la prochaine ronde.",2026-S1
MNT-2026S1-0698,EVT-2026S1-X039,EQ-CONV-376,2026-04-27T23:33:00Z,2026-04-28T01:43:00Z,replacement,resolved,130,2.11,242.66,1,"Cause non confirmée, mesures complémentaires nécessaires.",2026-S1
MNT-2026S1-0699,EVT-2026S1-0468,EQ-CONV-148,2026-03-26T05:03:00Z,2026-03-26T08:06:00Z,calibration,parts_ordered,183,5.36,101.09,1,Contrôle visuel et essai fonctionnel réalisés.,2026-S1
MNT-2026S1-0700,EVT-2026S1-X029,EQ-ROBOT-155,2026-06-16T02:17:00Z,2026-06-16T03:54:00Z,corrective,parts_ordered,97,3.14,37.68,0,Intervention préventive conforme au plan.,2026-S1
MNT-2026S1-0701,EVT-2026S1-0217,EQ-PUMP-387,2026-05-03T18:37:00Z,2026-05-03T21:43:00Z,replacement,no_fault_found,186,4.43,53.21,0,Pièce remplacée puis remise en service progressive.,2026-S1
MNT-2026S1-0702,EVT-2026S1-0185,EQ-ROBOT-335,2026-01-05T13:49:00Z,2026-01-05T16:34:00Z,replacement,resolved,165,3.61,264.55,1,Intervention préventive conforme au plan.,2026-S1
MNT-2026S1-0703,EVT-2026S1-0201,EQ-PUMP-211,2026-03-26T13:08:00Z,,inspection,parts_ordered,202,3.08,,2,Contrôle visuel et essai fonctionnel réalisés.,2026-S1
MNT-2026S1-0704,EVT-2026S1-0357,EQ-PUMP-127,2026-05-25T07:15:00Z,2026-05-25T09:14:00Z,replacement,parts_ordered,119,3.89,177.45,1,Contrôle visuel et essai fonctionnel réalisés.,2026-S1
MNT-2026S1-0705,EVT-2026S1-0418,EQ-PACK-198,2026-02-05T02:28:00Z,2026-02-05T03:31:00Z,inspection,no_fault_found,63,2.13,234.39,1,Intervention préventive conforme au plan.,2026-S1
MNT-2026S1-0706,EVT-2026S1-0188,EQ-CHILL-368,2026-01-16T11:37:00Z,2026-01-16T15:06:00Z,preventive,no_fault_found,209,3.17,273.5,2,Pièce remplacée puis remise en service progressive.,2026-S1
MNT-2026S1-0707,EVT-2026S1-0360,EQ-FAN-160,2026-01-14T03:46:00Z,2026-01-14T05:22:00Z,preventive,parts_ordered,96,1.72,20.61,0,Intervention préventive conforme au plan.,2026-S1
MNT-2026S1-0708,EVT-2026S1-0121,EQ-PUMP-231,2026-02-06T16:47:00Z,2026-02-06T20:28:00Z,corrective,follow_up_required,221,5.17,227.83,1,Contrôle visuel et essai fonctionnel réalisés.,2026-S1
MNT-2026S1-0709,EVT-2026S1-X003,EQ-FAN-144,2026-01-18T00:31:00Z,2026-01-18T03:04:00Z,replacement,monitoring,153,2.85,34.24,0,"Cause non confirmée, mesures complémentaires nécessaires.",2026-S1
MNT-2026S1-0710,EVT-2026S1-0092,EQ-VALVE-200,2026-03-20T07:34:00Z,2026-03-20T07:49:00Z,corrective,no_fault_found,13,2.05,211.26,1,"Réglage effectué, surveillance demandée à la prochaine ronde.",2026-S1
MNT-2026S1-0711,EVT-2026S1-0185,EQ-ROBOT-335,2026-01-05T13:17:00Z,2026-01-05T16:06:00Z,replacement,resolved,169,3.7,44.45,0,Contrôle visuel et essai fonctionnel réalisés.,2026-S1
MNT-2026S1-0712,EVT-2026S1-0280,EQ-FAN-180,2026-06-17T15:06:00Z,2026-06-17T15:59:00Z,preventive,parts_ordered,53,3.35,40.19,0,"Réglage effectué, surveillance demandée à la prochaine ronde.",2026-S1
MNT-2026S1-0713,EVT-2026S1-0481,EQ-VALVE-360,2026-02-25T09:20:00Z,2026-02-25T11:35:00Z,preventive,no_fault_found,135,4.63,55.56,0,"Réglage effectué, surveillance demandée à la prochaine ronde.",2026-S1
MNT-2026S1-0714,EVT-2026S1-0498,EQ-VALVE-178,2026-01-03T05:15:00Z,2026-01-03T05:54:00Z,inspection,resolved,39,0.25,208.32,1,"Cause non confirmée, mesures complémentaires nécessaires.",2026-S1
MNT-2026S1-0715,EVT-2026S1-0249,EQ-MIX-139,2026-04-16T16:08:00Z,2026-04-16T19:00:00Z,corrective,resolved,172,2.54,269.85,1,"Réglage effectué, surveillance demandée à la prochaine ronde.",2026-S1
MNT-2026S1-0716,EVT-2026S1-0406,EQ-VALVE-366,2026-01-09T17:02:00Z,2026-01-09T18:11:00Z,inspection,follow_up_required,69,2.49,683.74,3,Intervention préventive conforme au plan.,2026-S1
MNT-2026S1-0717,EVT-2026S1-0136,EQ-CONV-396,2026-02-24T15:21:00Z,2026-02-24T18:00:00Z,calibration,parts_ordered,159,3.3,39.64,0,Pièce remplacée puis remise en service progressive.,2026-S1
MNT-2026S1-0718,EVT-2026S1-0202,EQ-CONV-222,2026-03-07T23:26:00Z,2026-03-08T00:23:00Z,preventive,no_fault_found,57,2.02,530.43,2,Contrôle visuel et essai fonctionnel réalisés.,2026-S1
MNT-2026S1-0719,EVT-2026S1-0229,EQ-MIX-219,2026-02-21T07:01:00Z,2026-02-21T08:54:00Z,preventive,resolved,113,3.74,232.85,1,"Cause non confirmée, mesures complémentaires nécessaires.",2026-S1
MNT-2026S1-0720,EVT-2026S1-0379,EQ-COMP-369,2026-03-18T23:34:00Z,2026-03-19T02:12:00Z,preventive,resolved,158,4.6,146.92,1,Contrôle visuel et essai fonctionnel réalisés.,2026-S1
MNT-2026S1-0721,EVT-2026S1-0140,EQ-FAN-140,2026-03-30T06:11:00Z,2026-03-30T07:09:00Z,inspection,parts_ordered,58,0.25,3.0,0,Intervention préventive conforme au plan.,2026-S1
MNT-2026S1-0722,EVT-2026S1-0221,EQ-PUMP-131,2026-03-27T16:24:00Z,2026-03-27T19:33:00Z,corrective,follow_up_required,189,3.97,47.67,0,"Cause non confirmée, mesures complémentaires nécessaires.",2026-S1
MNT-2026S1-0723,EVT-2026S1-0437,EQ-COMP-107,2026-01-02T16:33:00Z,2026-01-02T17:44:00Z,replacement,follow_up_required,71,1.96,23.54,0,"Cause non confirmée, mesures complémentaires nécessaires.",2026-S1
MNT-2026S1-0724,EVT-2026S1-0370,EQ-PUMP-270,2026-03-12T16:57:00Z,2026-03-12T19:07:00Z,calibration,follow_up_required,130,5.35,221.01,1,Contrôle visuel et essai fonctionnel réalisés.,2026-S1
MNT-2026S1-0725,EVT-2026S1-0344,EQ-FAN-284,2026-01-10T12:34:00Z,2026-01-10T18:04:00Z,calibration,follow_up_required,330,7.93,569.18,3,Intervention préventive conforme au plan.,2026-S1
MNT-2026S1-0726,EVT-2026S1-0198,EQ-ROBOT-178,2026-01-27T01:13:00Z,2026-01-27T04:13:00Z,inspection,follow_up_required,180,3.83,46.01,0,"Cause non confirmée, mesures complémentaires nécessaires.",2026-S1
MNT-2026S1-0727,EVT-2026S1-0464,EQ-CHILL-104,2026-06-13T18:51:00Z,2026-06-13T21:27:00Z,inspection,follow_up_required,156,5.05,305.93,1,"Réglage effectué, surveillance demandée à la prochaine ronde.",2026-S1
MNT-2026S1-0728,EVT-2026S1-0201,EQ-PUMP-211,2026-03-26T14:56:00Z,2026-03-26T18:26:00Z,replacement,parts_ordered,210,5.64,106.97,1,"Réglage effectué, surveillance demandée à la prochaine ronde.",2026-S1
MNT-2026S1-0729,EVT-2026S1-0177,EQ-PUMP-247,2026-01-31T17:22:00Z,2026-01-31T18:50:00Z,inspection,parts_ordered,88,3.25,531.26,2,Pièce remplacée puis remise en service progressive.,2026-S1
MNT-2026S1-0730,EVT-2026S1-0014,EQ-PRESS-002,2026-03-28T20:03:00Z,2026-03-29T01:14:00Z,preventive,no_fault_found,311,7.45,535.29,2,Intervention préventive conforme au plan.,2026-S1
MNT-2026S1-0731,EVT-2026S1-0044,EQ-FAN-284,2026-02-24T00:16:00Z,2026-02-24T04:08:00Z,corrective,no_fault_found,232,6.99,134.61,1,"Cause non confirmée, mesures complémentaires nécessaires.",2026-S1
MNT-2026S1-0732,EVT-2026S1-0142,EQ-CONV-162,2026-06-18T10:41:00Z,2026-06-18T12:58:00Z,corrective,resolved,137,3.86,46.3,0,Pièce remplacée puis remise en service progressive.,2026-S1
MNT-2026S1-0733,EVT-2026S1-X011,EQ-FAN-304,2026-01-20T10:00:00Z,2026-01-20T12:31:00Z,inspection,follow_up_required,151,2.13,25.53,0,Contrôle visuel et essai fonctionnel réalisés.,2026-S1
MNT-2026S1-0734,EVT-2026S1-0178,EQ-ROBOT-258,2026-06-19T14:07:00Z,2026-06-19T15:26:00Z,preventive,follow_up_required,79,2.24,177.06,1,Intervention préventive conforme au plan.,2026-S1
MNT-2026S1-0735,EVT-2026S1-0103,EQ-COMP-333,2026-02-14T01:57:00Z,2026-02-14T06:14:00Z,calibration,parts_ordered,257,6.1,581.35,2,"Cause non confirmée, mesures complémentaires nécessaires.",2026-S1
MNT-2026S1-0736,EVT-2026S1-0440,EQ-COMP-140,2026-04-12T08:02:00Z,2026-04-12T09:34:00Z,replacement,no_fault_found,92,2.17,321.85,2,"Cause non confirmée, mesures complémentaires nécessaires.",2026-S1
MNT-2026S1-0737,EVT-2026S1-0346,EQ-OVEN-306,2026-04-25T00:22:00Z,2026-04-25T02:11:00Z,preventive,monitoring,109,4.57,229.67,1,Contrôle visuel et essai fonctionnel réalisés.,2026-S1
MNT-2026S1-0738,EVT-2026S1-0159,EQ-COMP-349,2026-01-14T14:04:00Z,2026-01-14T18:02:00Z,calibration,monitoring,238,5.51,122.78,1,Intervention préventive conforme au plan.,2026-S1
MNT-2026S1-0739,EVT-2026S1-0432,EQ-STEAM-352,2026-05-21T08:45:00Z,2026-05-21T10:56:00Z,preventive,parts_ordered,131,3.62,555.44,2,Intervention préventive conforme au plan.,2026-S1
MNT-2026S1-0740,EVT-2026S1-0370,EQ-PUMP-270,2026-03-12T17:21:00Z,,preventive,follow_up_required,123,3.12,37.42,0,Pièce remplacée puis remise en service progressive.,2026-S1
MNT-2026S1-0741,EVT-2026S1-0361,EQ-PUMP-171,2026-06-11T22:32:00Z,2026-06-12T01:04:00Z,inspection,no_fault_found,152,2.6,31.23,0,"Cause non confirmée, mesures complémentaires nécessaires.",2026-S1
MNT-2026S1-0742,EVT-2026S1-0187,EQ-PRESS-357,2026-04-24T19:05:00Z,2026-04-24T23:36:00Z,replacement,resolved,271,7.28,303.67,1,Contrôle visuel et essai fonctionnel réalisés.,2026-S1
MNT-2026S1-0743,EVT-2026S1-0107,EQ-PRESS-377,2026-05-22T19:10:00Z,2026-05-22T23:53:00Z,inspection,parts_ordered,283,6.87,628.07,4,Intervention préventive conforme au plan.,2026-S1
MNT-2026S1-0744,EVT-2026S1-X026,EQ-MIX-379,2026-03-08T18:35:00Z,2026-03-08T20:01:00Z,inspection,resolved,86,1.34,16.05,0,Pièce remplacée puis remise en service progressive.,2026-S1
MNT-2026S1-0745,EVT-2026S1-0334,EQ-PRESS-174,2026-01-25T06:54:00Z,2026-01-25T11:11:00Z,preventive,parts_ordered,257,7.96,329.03,1,Intervention préventive conforme au plan.,2026-S1
MNT-2026S1-0746,EVT-2026S1-0098,EQ-ROBOT-278,2026-01-30T00:29:00Z,2026-01-30T02:01:00Z,replacement,resolved,92,4.04,48.44,0,Pièce remplacée puis remise en service progressive.,2026-S1
MNT-2026S1-0747,EVT-2026S1-0489,EQ-ROBOT-379,2026-04-12T22:43:00Z,2026-04-13T03:19:00Z,preventive,no_fault_found,276,6.88,425.75,2,Contrôle visuel et essai fonctionnel réalisés.,2026-S1
MNT-2026S1-0748,EVT-2026S1-0169,EQ-MIX-159,2026-01-12T20:33:00Z,2026-01-12T21:44:00Z,corrective,parts_ordered,71,1.82,21.81,0,Pièce remplacée puis remise en service progressive.,2026-S1
MNT-2026S1-0749,EVT-2026S1-0365,EQ-ROBOT-215,2026-01-05T09:41:00Z,2026-01-05T13:37:00Z,replacement,resolved,236,4.11,531.69,2,Pièce remplacée puis remise en service progressive.,2026-S1
MNT-2026S1-0750,EVT-2026S1-0223,EQ-COMP-153,2026-02-25T20:19:00Z,2026-02-26T01:03:00Z,replacement,no_fault_found,284,5.18,62.19,0,"Cause non confirmée, mesures complémentaires nécessaires.",2026-S1
MNT-2026S1-0751,EVT-2026S1-0430,EQ-LIFT-330,2026-04-14T03:40:00Z,2026-04-14T06:30:00Z,preventive,monitoring,170,3.99,101.82,1,"Réglage effectué, surveillance demandée à la prochaine ronde.",2026-S1
MNT-2026S1-0752,EVT-2026S1-X008,EQ-CHILL-168,2026-04-25T23:42:00Z,2026-04-26T03:01:00Z,inspection,resolved,199,4.8,642.71,4,"Réglage effectué, surveillance demandée à la prochaine ronde.",2026-S1
MNT-2026S1-0753,EVT-2026S1-0413,EQ-GEAR-143,2026-01-11T18:23:00Z,2026-01-11T20:59:00Z,corrective,follow_up_required,156,4.3,124.68,1,Pièce remplacée puis remise en service progressive.,2026-S1
MNT-2026S1-0754,EVT-2026S1-0025,EQ-MIX-002,2026-01-29T03:15:00Z,2026-01-29T05:15:00Z,inspection,follow_up_required,120,2.74,103.61,1,Pièce remplacée puis remise en service progressive.,2026-S1
MNT-2026S1-0755,EVT-2026S1-0311,EQ-EXTRA-405,2026-03-08T02:52:00Z,2026-03-08T04:32:00Z,calibration,resolved,100,2.89,91.79,1,Pièce remplacée puis remise en service progressive.,2026-S1
MNT-2026S1-0756,EVT-2026S1-0176,EQ-CONV-236,2026-03-13T14:43:00Z,2026-03-13T17:48:00Z,preventive,resolved,185,5.48,65.73,0,Contrôle visuel et essai fonctionnel réalisés.,2026-S1
MNT-2026S1-0757,EVT-2026S1-0257,EQ-PUMP-227,2026-04-12T14:46:00Z,2026-04-12T19:16:00Z,corrective,parts_ordered,270,5.39,605.86,3,"Cause non confirmée, mesures complémentaires nécessaires.",2026-S1
MNT-2026S1-0758,EVT-2026S1-0271,EQ-OVEN-123,2026-04-13T04:27:00Z,2026-04-13T06:13:00Z,calibration,follow_up_required,106,2.85,34.17,0,Pièce remplacée puis remise en service progressive.,2026-S1
MNT-2026S1-0759,EVT-2026S1-0439,EQ-COMP-129,2026-03-26T04:16:00Z,2026-03-26T05:38:00Z,corrective,no_fault_found,82,1.69,20.31,0,Contrôle visuel et essai fonctionnel réalisés.,2026-S1
MNT-2026S1-0760,EVT-2026S1-0028,EQ-ROBOT-001,2026-05-26T12:14:00Z,2026-05-26T15:38:00Z,replacement,follow_up_required,204,5.4,252.86,1,Contrôle visuel et essai fonctionnel réalisés.,2026-S1
MNT-2026S1-0761,EVT-2026S1-X020,EQ-EXTRA-414,2026-02-25T16:11:00Z,2026-02-25T17:45:00Z,preventive,parts_ordered,94,2.89,34.65,0,Pièce remplacée puis remise en service progressive.,2026-S1
MNT-2026S1-0762,EVT-2026S1-0377,EQ-PUMP-347,2026-05-14T12:42:00Z,2026-05-14T15:52:00Z,calibration,no_fault_found,190,3.5,141.24,2,"Réglage effectué, surveillance demandée à la prochaine ronde.",2026-S1
MNT-2026S1-0763,EVT-2026S1-0476,EQ-COMP-233,2026-03-21T18:52:00Z,2026-03-21T19:24:00Z,replacement,follow_up_required,32,0.8,9.59,0,Intervention préventive conforme au plan.,2026-S1
MNT-2026S1-0764,EVT-2026S1-X024,EQ-VALVE-338,2026-05-09T21:14:00Z,2026-05-09T23:29:00Z,preventive,resolved,135,3.55,471.55,2,"Cause non confirmée, mesures complémentaires nécessaires.",2026-S1
MNT-2026S1-0765,EVT-2026S1-0224,EQ-FAN-164,2026-04-01T13:28:00Z,2026-04-01T17:21:00Z,inspection,resolved,233,6.89,611.06,3,"Cause non confirmée, mesures complémentaires nécessaires.",2026-S1
MNT-2026S1-0766,EVT-2026S1-X047,EQ-PUMP-214,2026-02-14T07:10:00Z,2026-02-14T11:06:00Z,preventive,monitoring,236,4.79,230.5,1,Contrôle visuel et essai fonctionnel réalisés.,2026-S1
MNT-2026S1-0767,EVT-2026S1-0236,EQ-CONV-296,2026-01-18T19:35:00Z,2026-01-18T23:16:00Z,inspection,resolved,221,5.05,151.31,1,Intervention préventive conforme au plan.,2026-S1
MNT-2026S1-0768,EVT-2026S1-0473,EQ-PUMP-203,2026-02-17T11:14:00Z,2026-02-17T14:21:00Z,replacement,resolved,187,3.75,44.94,0,"Cause non confirmée, mesures complémentaires nécessaires.",2026-S1
MNT-2026S1-0769,EVT-2026S1-0381,EQ-PUMP-391,2026-01-07T23:43:00Z,2026-01-08T02:54:00Z,calibration,monitoring,191,5.24,239.41,1,Contrôle visuel et essai fonctionnel réalisés.,2026-S1
MNT-2026S1-0770,EVT-2026S1-0325,EQ-ROBOT-375,2026-05-30T11:40:00Z,2026-05-30T13:59:00Z,corrective,monitoring,139,3.76,45.13,0,"Réglage effectué, surveillance demandée à la prochaine ronde.",2026-S1
MNT-2026S1-0771,EVT-2026S1-0409,EQ-VALVE-399,2026-01-11T17:26:00Z,2026-01-11T19:30:00Z,replacement,resolved,124,1.82,21.84,0,Pièce remplacée puis remise en service progressive.,2026-S1
MNT-2026S1-0772,EVT-2026S1-0003,EQ-COMP-002,2026-04-11T08:03:00Z,2026-04-11T11:19:00Z,replacement,resolved,196,5.81,366.77,2,"Réglage effectué, surveillance demandée à la prochaine ronde.",2026-S1
MNT-2026S1-0773,EVT-2026S1-0218,EQ-ROBOT-398,2026-06-05T06:59:00Z,2026-06-05T07:35:00Z,corrective,resolved,36,1.01,12.14,0,"Réglage effectué, surveillance demandée à la prochaine ronde.",2026-S1
MNT-2026S1-0774,EVT-2026S1-0339,EQ-COMP-229,2026-06-06T21:46:00Z,2026-06-07T00:30:00Z,corrective,no_fault_found,164,3.73,44.71,0,Intervention préventive conforme au plan.,2026-S1
MNT-2026S1-0775,EVT-2026S1-X026,EQ-MIX-379,2026-03-08T16:54:00Z,2026-03-08T18:33:00Z,inspection,monitoring,99,3.61,250.95,1,"Réglage effectué, surveillance demandée à la prochaine ronde.",2026-S1
MNT-2026S1-0776,EVT-2026S1-0092,EQ-VALVE-200,2026-03-20T06:54:00Z,2026-03-20T08:40:00Z,preventive,parts_ordered,106,1.97,23.67,0,"Cause non confirmée, mesures complémentaires nécessaires.",2026-S1
MNT-2026S1-0777,EVT-2026S1-0259,EQ-COMP-249,2026-03-25T15:00:00Z,,corrective,monitoring,203,2.94,35.22,0,Intervention préventive conforme au plan.,2026-S1
MNT-2026S1-0778,EVT-2026S1-0158,EQ-ROBOT-338,2026-03-01T15:47:00Z,2026-03-01T18:14:00Z,replacement,monitoring,147,4.74,168.02,1,Pièce remplacée puis remise en service progressive.,2026-S1
MNT-2026S1-0779,EVT-2026S1-X037,EQ-STEAM-341,2026-03-17T18:21:00Z,2026-03-17T19:52:00Z,preventive,parts_ordered,91,1.55,375.61,2,Contrôle visuel et essai fonctionnel réalisés.,2026-S1
MNT-2026S1-0780,EVT-2026S1-0407,EQ-VALVE-377,2026-05-20T07:44:00Z,2026-05-20T09:38:00Z,inspection,follow_up_required,114,2.53,125.35,2,Contrôle visuel et essai fonctionnel réalisés.,2026-S1
MNT-2026S1-0781,EVT-2026S1-0007,EQ-OVEN-001,2026-02-06T09:43:00Z,2026-02-06T12:04:00Z,corrective,monitoring,141,2.91,132.38,1,Contrôle visuel et essai fonctionnel réalisés.,2026-S1
MNT-2026S1-0782,EVT-2026S1-0488,EQ-ROBOT-368,2026-01-18T04:09:00Z,2026-01-18T08:14:00Z,corrective,monitoring,245,8.03,290.51,3,"Réglage effectué, surveillance demandée à la prochaine ronde.",2026-S1
MNT-2026S1-0783,EVT-2026S1-0321,EQ-PUMP-331,2026-06-06T12:32:00Z,2026-06-06T15:58:00Z,corrective,follow_up_required,206,3.12,324.14,2,"Réglage effectué, surveillance demandée à la prochaine ronde.",2026-S1
MNT-2026S1-0784,EVT-2026S1-0082,EQ-CONV-102,2026-05-11T06:35:00Z,2026-05-11T08:55:00Z,inspection,resolved,140,3.04,267.1,1,Contrôle visuel et essai fonctionnel réalisés.,2026-S1
MNT-2026S1-0785,EVT-2026S1-0426,EQ-LIFT-286,2026-05-21T21:18:00Z,2026-05-22T00:14:00Z,replacement,monitoring,176,4.4,52.83,0,Contrôle visuel et essai fonctionnel réalisés.,2026-S1
MNT-2026S1-0786,EVT-2026S1-0160,EQ-FAN-360,2026-05-31T21:39:00Z,2026-05-31T23:41:00Z,inspection,no_fault_found,122,0.65,7.79,0,"Réglage effectué, surveillance demandée à la prochaine ronde.",2026-S1
MNT-2026S1-0787,EVT-2026S1-X014,EQ-PUMP-171,2026-06-07T18:47:00Z,2026-06-07T20:14:00Z,replacement,monitoring,87,3.14,37.72,0,Pièce remplacée puis remise en service progressive.,2026-S1
MNT-2026S1-0788,EVT-2026S1-X046,EQ-FAN-260,2026-05-27T13:50:00Z,2026-05-27T15:44:00Z,inspection,follow_up_required,114,3.08,36.91,0,"Réglage effectué, surveillance demandée à la prochaine ronde.",2026-S1
MNT-2026S1-0789,EVT-2026S1-X029,EQ-ROBOT-155,2026-06-16T00:40:00Z,2026-06-16T02:23:00Z,calibration,follow_up_required,103,2.42,351.24,2,"Réglage effectué, surveillance demandée à la prochaine ronde.",2026-S1
MNT-2026S1-0790,EVT-2026S1-0089,EQ-MIX-179,2026-06-19T16:20:00Z,2026-06-19T18:32:00Z,inspection,parts_ordered,132,3.71,44.53,0,Pièce remplacée puis remise en service progressive.,2026-S1
MNT-2026S1-0791,EVT-2026S1-0033,EQ-CONV-005,2026-03-30T17:12:00Z,2026-03-30T18:29:00Z,preventive,resolved,77,1.0,224.93,1,Intervention préventive conforme au plan.,2026-S1
MNT-2026S1-0792,EVT-2026S1-X002,EQ-ROBOT-175,2026-04-21T20:21:00Z,2026-04-21T21:52:00Z,inspection,parts_ordered,91,2.84,246.23,1,Intervention préventive conforme au plan.,2026-S1
MNT-2026S1-0793,EVT-2026S1-0230,EQ-PUMP-230,2026-01-27T22:41:00Z,2026-01-28T01:04:00Z,corrective,no_fault_found,143,5.44,,2,Intervention préventive conforme au plan.,2026-S1
MNT-2026S1-0794,EVT-2026S1-0364,EQ-FAN-204,2026-02-16T12:24:00Z,2026-02-16T16:47:00Z,inspection,follow_up_required,263,6.12,158.97,1,Intervention préventive conforme au plan.,2026-S1
MNT-2026S1-0795,EVT-2026S1-0467,EQ-CONV-137,2026-01-24T19:24:00Z,2026-01-24T22:38:00Z,preventive,follow_up_required,194,4.99,270.83,1,Pièce remplacée puis remise en service progressive.,2026-S1
MNT-2026S1-0796,EVT-2026S1-0040,EQ-CONV-003,2026-01-24T08:10:00Z,2026-01-24T09:34:00Z,inspection,no_fault_found,84,2.43,29.1,0,Pièce remplacée puis remise en service progressive.,2026-S1
MNT-2026S1-0797,EVT-2026S1-0151,EQ-CAB-134,2026-06-18T22:13:00Z,2026-06-19T00:57:00Z,preventive,no_fault_found,164,2.61,31.34,0,Contrôle visuel et essai fonctionnel réalisés.,2026-S1
MNT-2026S1-0798,EVT-2026S1-0270,EQ-PUMP-370,2026-01-30T12:45:00Z,2026-01-30T15:42:00Z,calibration,monitoring,177,4.57,465.08,3,"Réglage effectué, surveillance demandée à la prochaine ronde.",2026-S1
MNT-2026S1-0799,EVT-2026S1-X043,EQ-EXTRA-421,2026-03-28T20:07:00Z,2026-03-28T20:43:00Z,inspection,monitoring,36,2.51,169.61,1,"Réglage effectué, surveillance demandée à la prochaine ronde.",2026-S1
MNT-2026S1-0800,EVT-2026S1-0169,EQ-MIX-159,2026-01-12T22:37:00Z,2026-01-13T00:52:00Z,corrective,resolved,135,3.31,39.66,0,"Réglage effectué, surveillance demandée à la prochaine ronde.",2026-S1
MNT-2026S1-0801,EVT-2026S1-0018,EQ-COMP-002,2026-05-18T09:48:00Z,2026-05-18T13:03:00Z,replacement,monitoring,195,3.96,263.1,1,"Réglage effectué, surveillance demandée à la prochaine ronde.",2026-S1
MNT-2026S1-0802,EVT-2026S1-0397,EQ-PUMP-267,2026-02-01T03:21:00Z,2026-02-01T06:55:00Z,preventive,monitoring,214,4.52,346.98,2,Contrôle visuel et essai fonctionnel réalisés.,2026-S1
MNT-2026S1-0803,EVT-2026S1-0289,EQ-MIX-279,2026-01-12T23:04:00Z,2026-01-13T00:29:00Z,inspection,parts_ordered,85,3.04,36.47,0,Pièce remplacée puis remise en service progressive.,2026-S1
MNT-2026S1-0804,EVT-2026S1-0176,EQ-CONV-236,2026-03-13T15:11:00Z,2026-03-13T17:47:00Z,inspection,parts_ordered,156,3.6,245.76,3,Contrôle visuel et essai fonctionnel réalisés.,2026-S1
MNT-2026S1-0805,EVT-2026S1-0395,EQ-SENSOR-245,2026-01-25T15:40:00Z,2026-01-25T17:41:00Z,preventive,parts_ordered,121,3.54,42.52,0,"Réglage effectué, surveillance demandée à la prochaine ronde.",2026-S1
MNT-2026S1-0806,EVT-2026S1-0423,EQ-DRYER-253,2026-03-09T10:43:00Z,2026-03-09T12:15:00Z,replacement,resolved,92,0.62,7.39,0,Contrôle visuel et essai fonctionnel réalisés.,2026-S1
MNT-2026S1-0807,EVT-2026S1-0298,EQ-ROBOT-378,2026-05-04T08:24:00Z,2026-05-04T09:22:00Z,inspection,no_fault_found,58,0.96,11.47,0,"Réglage effectué, surveillance demandée à la prochaine ronde.",2026-S1
MNT-2026S1-0808,EVT-2026S1-0376,EQ-CONV-336,2026-06-20T14:53:00Z,2026-06-20T18:37:00Z,inspection,no_fault_found,224,3.89,223.67,1,"Cause non confirmée, mesures complémentaires nécessaires.",2026-S1
MNT-2026S1-0809,EVT-2026S1-X051,EQ-COMP-396,2026-03-21T19:13:00Z,2026-03-21T20:11:00Z,calibration,parts_ordered,58,0.59,7.07,0,Intervention préventive conforme au plan.,2026-S1
MNT-2026S1-0810,EVT-2026S1-0112,EQ-CONV-142,2026-05-24T13:48:00Z,2026-05-24T14:03:00Z,preventive,no_fault_found,0,1.24,14.86,0,Contrôle visuel et essai fonctionnel réalisés.,2026-S1
MNT-2026S1-0811,EVT-2026S1-0162,EQ-CONV-382,2026-03-01T06:19:00Z,2026-03-01T07:37:00Z,corrective,parts_ordered,78,4.86,229.86,1,"Réglage effectué, surveillance demandée à la prochaine ronde.",2026-S1
MNT-2026S1-0812,EVT-2026S1-0027,EQ-PUMP-002,2026-04-03T15:27:00Z,2026-04-03T16:52:00Z,calibration,monitoring,85,2.02,,1,"Réglage effectué, surveillance demandée à la prochaine ronde.",2026-S1
MNT-2026S1-0813,EVT-2026S1-0101,EQ-PUMP-311,2026-06-14T16:29:00Z,2026-06-14T19:56:00Z,corrective,parts_ordered,207,4.96,336.04,2,"Cause non confirmée, mesures complémentaires nécessaires.",2026-S1
MNT-2026S1-0814,EVT-2026S1-0425,EQ-DRYER-275,2026-03-24T09:50:00Z,,preventive,parts_ordered,94,2.68,416.91,2,"Réglage effectué, surveillance demandée à la prochaine ronde.",2026-S1
MNT-2026S1-0815,EVT-2026S1-0292,EQ-MIX-259,2026-01-12T02:13:00Z,2026-01-12T03:50:00Z,preventive,monitoring,97,0.85,10.24,0,"Cause non confirmée, mesures complémentaires nécessaires.",2026-S1
MNT-2026S1-0816,EVT-2026S1-0494,EQ-CAB-134,2026-01-25T21:20:00Z,2026-01-26T02:05:00Z,corrective,parts_ordered,285,6.36,265.85,4,Contrôle visuel et essai fonctionnel réalisés.,2026-S1
MNT-2026S1-0817,EVT-2026S1-X036,EQ-PUMP-001,2026-01-08T23:03:00Z,2026-01-09T00:30:00Z,inspection,resolved,87,3.07,36.84,0,"Cause non confirmée, mesures complémentaires nécessaires.",2026-S1
MNT-2026S1-0818,EVT-2026S1-0232,EQ-FAN-284,2026-04-15T15:01:00Z,2026-04-15T15:16:00Z,preventive,monitoring,0,0.88,10.55,0,Intervention préventive conforme au plan.,2026-S1
MNT-2026S1-0819,EVT-2026S1-0001,EQ-PUMP-001,2026-02-20T00:27:00Z,2026-02-20T01:36:00Z,corrective,no_fault_found,69,4.18,50.1,0,Pièce remplacée puis remise en service progressive.,2026-S1
MNT-2026S1-0820,EVT-2026S1-0441,EQ-ROBOT-151,2026-03-01T18:30:00Z,2026-03-01T19:59:00Z,preventive,resolved,89,3.09,37.02,0,Contrôle visuel et essai fonctionnel réalisés.,2026-S1
MNT-2026S1-0821,EVT-2026S1-0360,EQ-FAN-160,2026-01-14T05:30:00Z,2026-01-14T06:30:00Z,preventive,monitoring,60,1.29,152.06,1,Contrôle visuel et essai fonctionnel réalisés.,2026-S1
MNT-2026S1-0822,EVT-2026S1-0422,EQ-DRYER-242,2026-01-07T01:38:00Z,2026-01-07T02:43:00Z,inspection,resolved,65,3.24,38.84,0,"Réglage effectué, surveillance demandée à la prochaine ronde.",2026-S1
MNT-2026S1-0823,EVT-2026S1-0379,EQ-COMP-369,2026-03-18T23:30:00Z,2026-03-19T02:27:00Z,corrective,monitoring,177,4.34,394.37,2,Contrôle visuel et essai fonctionnel réalisés.,2026-S1
MNT-2026S1-0824,EVT-2026S1-X052,EQ-SENSOR-185,2026-05-29T20:49:00Z,2026-05-29T23:13:00Z,calibration,follow_up_required,144,3.06,460.7,2,"Cause non confirmée, mesures complémentaires nécessaires.",2026-S1
MNT-2026S1-0825,EVT-2026S1-0320,EQ-FAN-320,2026-06-06T18:30:00Z,2026-06-06T18:45:00Z,calibration,resolved,0,0.28,141.89,1,Intervention préventive conforme au plan.,2026-S1
MNT-2026S1-0826,EVT-2026S1-0222,EQ-CONV-142,2026-06-06T18:27:00Z,2026-06-06T20:06:00Z,inspection,no_fault_found,99,2.11,124.4,1,"Réglage effectué, surveillance demandée à la prochaine ronde.",2026-S1
MNT-2026S1-0827,EVT-2026S1-X036,EQ-PUMP-001,2026-01-09T00:29:00Z,2026-01-09T01:49:00Z,corrective,resolved,80,2.95,35.4,0,Contrôle visuel et essai fonctionnel réalisés.,2026-S1
MNT-2026S1-0828,EVT-2026S1-0104,EQ-FAN-344,2026-05-29T09:40:00Z,2026-05-29T13:28:00Z,corrective,monitoring,228,6.47,339.6,3,Contrôle visuel et essai fonctionnel réalisés.,2026-S1
MNT-2026S1-0829,EVT-2026S1-0292,EQ-MIX-259,2026-01-12T00:28:00Z,2026-01-12T01:29:00Z,calibration,follow_up_required,61,2.1,25.21,0,Contrôle visuel et essai fonctionnel réalisés.,2026-S1
MNT-2026S1-0830,EVT-2026S1-0229,EQ-MIX-219,2026-02-21T05:21:00Z,2026-02-21T06:55:00Z,preventive,parts_ordered,94,1.2,198.55,1,Intervention préventive conforme au plan.,2026-S1
MNT-2026S1-0831,EVT-2026S1-0176,EQ-CONV-236,2026-03-13T14:55:00Z,2026-03-13T18:45:00Z,inspection,parts_ordered,230,4.94,155.87,1,"Cause non confirmée, mesures complémentaires nécessaires.",2026-S1
MNT-2026S1-0832,EVT-2026S1-0169,EQ-MIX-159,2026-01-12T22:23:00Z,2026-01-12T23:20:00Z,calibration,follow_up_required,57,5.04,60.45,0,Contrôle visuel et essai fonctionnel réalisés.,2026-S1
MNT-2026S1-0833,EVT-2026S1-0261,EQ-PUMP-271,2026-02-08T16:25:00Z,2026-02-08T20:02:00Z,inspection,no_fault_found,217,4.29,205.76,1,Contrôle visuel et essai fonctionnel réalisés.,2026-S1
MNT-2026S1-0834,EVT-2026S1-0067,EQ-PRESS-237,2026-02-24T20:46:00Z,2026-02-25T01:50:00Z,replacement,resolved,304,7.27,590.58,2,"Réglage effectué, surveillance demandée à la prochaine ronde.",2026-S1
MNT-2026S1-0835,EVT-2026S1-0133,EQ-OVEN-363,2026-02-16T01:14:00Z,2026-02-16T02:14:00Z,replacement,parts_ordered,60,1.14,13.68,0,Contrôle visuel et essai fonctionnel réalisés.,2026-S1
MNT-2026S1-0836,EVT-2026S1-0244,EQ-FAN-384,2026-02-24T20:04:00Z,2026-02-24T23:38:00Z,preventive,resolved,214,5.91,494.9,3,Contrôle visuel et essai fonctionnel réalisés.,2026-S1
MNT-2026S1-0837,EVT-2026S1-0487,EQ-ROBOT-357,2026-04-09T09:57:00Z,2026-04-09T15:01:00Z,calibration,no_fault_found,304,8.59,231.46,1,Contrôle visuel et essai fonctionnel réalisés.,2026-S1
MNT-2026S1-0838,EVT-2026S1-0079,EQ-COMP-369,2026-04-23T07:38:00Z,2026-04-23T11:02:00Z,replacement,follow_up_required,204,5.53,124.98,1,Pièce remplacée puis remise en service progressive.,2026-S1
MNT-2026S1-0839,EVT-2026S1-X018,EQ-OVEN-186,2026-04-26T23:15:00Z,2026-04-26T23:43:00Z,replacement,monitoring,28,2.0,208.93,1,"Cause non confirmée, mesures complémentaires nécessaires.",2026-S1
MNT-2026S1-0840,EVT-2026S1-X018,EQ-OVEN-186,2026-04-26T20:59:00Z,2026-04-26T21:29:00Z,preventive,follow_up_required,30,0.31,3.7,0,Pièce remplacée puis remise en service progressive.,2026-S1
MNT-2026S1-0841,EVT-2026S1-0293,EQ-OVEN-323,2026-03-21T10:26:00Z,2026-03-21T11:35:00Z,corrective,no_fault_found,69,1.57,99.3,1,Intervention préventive conforme au plan.,2026-S1
MNT-2026S1-0842,EVT-2026S1-0265,EQ-ROBOT-315,2026-03-25T01:23:00Z,2026-03-25T04:26:00Z,corrective,parts_ordered,183,4.64,55.72,0,Pièce remplacée puis remise en service progressive.,2026-S1
MNT-2026S1-0843,EVT-2026S1-0313,EQ-OVEN-243,2026-04-19T18:15:00Z,2026-04-19T18:30:00Z,inspection,resolved,14,0.78,9.38,0,"Cause non confirmée, mesures complémentaires nécessaires.",2026-S1
MNT-2026S1-0844,EVT-2026S1-X052,EQ-SENSOR-185,2026-05-29T19:10:00Z,2026-05-29T21:06:00Z,preventive,parts_ordered,116,3.42,41.03,0,Intervention préventive conforme au plan.,2026-S1
MNT-2026S1-0845,EVT-2026S1-0088,EQ-CHILL-168,2026-06-07T18:20:00Z,2026-06-07T21:12:00Z,corrective,parts_ordered,172,4.9,121.67,1,"Réglage effectué, surveillance demandée à la prochaine ronde.",2026-S1
MNT-2026S1-0846,EVT-2026S1-0071,EQ-ROBOT-368,2026-03-17T07:37:00Z,2026-03-17T09:34:00Z,replacement,monitoring,117,3.65,43.79,0,"Cause non confirmée, mesures complémentaires nécessaires.",2026-S1
MNT-2026S1-0847,EVT-2026S1-0105,EQ-ROBOT-355,2026-04-09T20:19:00Z,2026-04-09T22:24:00Z,preventive,monitoring,125,5.05,293.23,1,"Réglage effectué, surveillance demandée à la prochaine ronde.",2026-S1
MNT-2026S1-0848,EVT-2026S1-X016,EQ-COMP-002,2026-05-26T17:50:00Z,2026-05-26T19:06:00Z,inspection,no_fault_found,76,3.55,186.41,1,"Cause non confirmée, mesures complémentaires nécessaires.",2026-S1
MNT-2026S1-0849,EVT-2026S1-X046,EQ-FAN-260,2026-05-27T15:26:00Z,2026-05-27T18:05:00Z,calibration,no_fault_found,159,2.2,26.45,0,"Cause non confirmée, mesures complémentaires nécessaires.",2026-S1
MNT-2026S1-0850,EVT-2026S1-0335,EQ-SENSOR-185,2026-06-10T15:22:00Z,2026-06-10T17:36:00Z,inspection,resolved,134,2.54,409.31,2,Pièce remplacée puis remise en service progressive.,2026-S1
MNT-2026S1-0851,EVT-2026S1-0296,EQ-CONV-356,2026-06-19T11:15:00Z,,inspection,monitoring,186,3.78,130.01,1,"Cause non confirmée, mesures complémentaires nécessaires.",2026-S1
MNT-2026S1-0852,EVT-2026S1-0272,EQ-MIX-259,2026-05-11T16:50:00Z,2026-05-11T17:34:00Z,replacement,monitoring,44,0.98,262.48,2,"Cause non confirmée, mesures complémentaires nécessaires.",2026-S1
MNT-2026S1-0853,EVT-2026S1-0082,EQ-CONV-102,2026-05-11T06:23:00Z,2026-05-11T08:23:00Z,replacement,no_fault_found,120,3.3,163.91,1,"Réglage effectué, surveillance demandée à la prochaine ronde.",2026-S1
MNT-2026S1-0854,EVT-2026S1-0394,EQ-PRESS-234,2026-03-30T20:36:00Z,2026-03-31T01:22:00Z,preventive,monitoring,286,7.65,276.24,3,Pièce remplacée puis remise en service progressive.,2026-S1
MNT-2026S1-0855,EVT-2026S1-0463,EQ-CHILL-393,2026-02-10T05:06:00Z,2026-02-10T09:04:00Z,corrective,follow_up_required,238,6.66,223.87,2,"Réglage effectué, surveillance demandée à la prochaine ronde.",2026-S1
MNT-2026S1-0856,EVT-2026S1-0403,EQ-MOTOR-333,2026-04-14T08:39:00Z,2026-04-14T11:39:00Z,replacement,parts_ordered,180,4.22,50.58,0,Pièce remplacée puis remise en service progressive.,2026-S1
MNT-2026S1-0858,EVT-2026S1-0221,EQ-PUMP-131,2026-03-27T14:58:00Z,2026-03-27T18:31:00Z,corrective,follow_up_required,213,5.77,858.37,4,Contrôle visuel et essai fonctionnel réalisés.,2026-S1
MNT-2026S1-0859,EVT-2026S1-0065,EQ-ROBOT-215,2026-01-20T00:03:00Z,2026-01-20T03:06:00Z,preventive,follow_up_required,183,5.02,144.61,1,Intervention préventive conforme au plan.,2026-S1
MNT-2026S1-0860,EVT-2026S1-0006,EQ-ROBOT-001,2026-01-30T05:22:00Z,2026-01-30T07:30:00Z,inspection,parts_ordered,128,5.11,653.51,3,Contrôle visuel et essai fonctionnel réalisés.,2026-S1
MNT-2026S1-0861,EVT-2026S1-0341,EQ-PUMP-251,2026-04-21T23:17:00Z,2026-04-22T01:23:00Z,replacement,resolved,126,3.06,199.51,1,"Réglage effectué, surveillance demandée à la prochaine ronde.",2026-S1
MNT-2026S1-0862,EVT-2026S1-0092,EQ-VALVE-200,2026-03-20T08:55:00Z,2026-03-20T09:56:00Z,replacement,no_fault_found,61,0.74,8.89,0,"Réglage effectué, surveillance demandée à la prochaine ronde.",2026-S1
MNT-2026S1-0863,EVT-2026S1-0357,EQ-PUMP-127,2026-05-25T08:40:00Z,2026-05-25T11:56:00Z,preventive,parts_ordered,196,4.02,432.72,2,Pièce remplacée puis remise en service progressive.,2026-S1
MNT-2026S1-0864,EVT-2026S1-X035,EQ-PUMP-187,2026-02-16T02:18:00Z,2026-02-16T03:49:00Z,inspection,parts_ordered,91,1.77,21.2,0,Pièce remplacée puis remise en service progressive.,2026-S1
MNT-2026S1-0865,EVT-2026S1-0362,EQ-CONV-182,2026-05-31T04:20:00Z,2026-05-31T06:08:00Z,corrective,follow_up_required,108,1.38,16.51,0,"Réglage effectué, surveillance demandée à la prochaine ronde.",2026-S1
MNT-2026S1-0866,EVT-2026S1-0017,EQ-ROBOT-002,2026-06-16T13:51:00Z,2026-06-16T14:51:00Z,calibration,monitoring,60,2.41,28.87,0,Contrôle visuel et essai fonctionnel réalisés.,2026-S1
MNT-2026S1-0867,EVT-2026S1-0433,EQ-STEAM-363,2026-02-12T10:24:00Z,2026-02-12T12:01:00Z,calibration,resolved,97,3.5,41.95,0,"Réglage effectué, surveillance demandée à la prochaine ronde.",2026-S1
MNT-2026S1-0868,EVT-2026S1-0190,EQ-PUMP-390,2026-03-27T02:07:00Z,2026-03-27T05:17:00Z,preventive,no_fault_found,190,5.18,62.17,0,Contrôle visuel et essai fonctionnel réalisés.,2026-S1
MNT-2026S1-0869,EVT-2026S1-0128,EQ-CHILL-308,2026-05-25T22:40:00Z,2026-05-26T01:07:00Z,replacement,monitoring,147,3.91,192.5,3,"Réglage effectué, surveillance demandée à la prochaine ronde.",2026-S1
MNT-2026S1-0870,EVT-2026S1-0332,EQ-ROBOT-275,2026-03-11T20:25:00Z,2026-03-11T21:09:00Z,corrective,follow_up_required,44,1.1,13.22,0,Intervention préventive conforme au plan.,2026-S1
MNT-2026S1-0871,EVT-2026S1-0172,EQ-OVEN-223,2026-06-13T12:36:00Z,2026-06-13T14:05:00Z,corrective,monitoring,89,2.71,32.52,0,Contrôle visuel et essai fonctionnel réalisés.,2026-S1
MNT-2026S1-0872,EVT-2026S1-0254,EQ-PRESS-194,2026-04-02T17:18:00Z,2026-04-02T21:59:00Z,replacement,parts_ordered,281,6.62,613.28,4,Contrôle visuel et essai fonctionnel réalisés.,2026-S1
MNT-2026S1-0873,EVT-2026S1-X018,EQ-OVEN-186,2026-04-26T23:30:00Z,2026-04-27T00:41:00Z,preventive,resolved,71,0.9,448.2,2,Intervention préventive conforme au plan.,2026-S1
MNT-2026S1-0874,EVT-2026S1-0273,EQ-OVEN-103,2026-04-24T18:46:00Z,2026-04-24T19:01:00Z,inspection,monitoring,12,2.04,259.5,1,Intervention préventive conforme au plan.,2026-S1
MNT-2026S1-0875,EVT-2026S1-0101,EQ-PUMP-311,2026-06-14T16:10:00Z,2026-06-14T18:42:00Z,replacement,no_fault_found,152,5.32,102.53,1,Pièce remplacée puis remise en service progressive.,2026-S1
MNT-2026S1-0876,EVT-2026S1-0269,EQ-MIX-359,2026-01-11T11:51:00Z,2026-01-11T14:35:00Z,calibration,resolved,164,3.59,368.32,2,Intervention préventive conforme au plan.,2026-S1
MNT-2026S1-0877,EVT-2026S1-0207,EQ-PRESS-277,2026-05-27T03:20:00Z,2026-05-27T08:38:00Z,calibration,follow_up_required,318,8.24,839.15,4,"Cause non confirmée, mesures complémentaires nécessaires.",2026-S1
MNT-2026S1-0878,EVT-2026S1-0175,EQ-SENSOR-225,2026-03-21T03:10:00Z,2026-03-21T05:15:00Z,replacement,monitoring,125,2.92,81.71,1,"Réglage effectué, surveillance demandée à la prochaine ronde.",2026-S1
MNT-2026S1-0879,EVT-2026S1-X002,EQ-ROBOT-175,2026-04-21T22:16:00Z,2026-04-22T00:19:00Z,calibration,monitoring,123,2.94,319.84,2,"Réglage effectué, surveillance demandée à la prochaine ronde.",2026-S1
MNT-2026S1-0880,EVT-2026S1-0259,EQ-COMP-249,2026-03-25T12:19:00Z,2026-03-25T14:02:00Z,inspection,no_fault_found,103,3.03,36.4,0,Intervention préventive conforme au plan.,2026-S1
MNT-2026S1-0881,EVT-2026S1-0257,EQ-PUMP-227,2026-04-12T13:36:00Z,2026-04-12T17:01:00Z,preventive,resolved,205,4.6,324.18,3,Intervention préventive conforme au plan.,2026-S1
MNT-2026S1-0882,EVT-2026S1-0490,EQ-ROBOT-390,2026-03-16T07:39:00Z,2026-03-16T12:29:00Z,corrective,monitoring,290,6.41,764.58,5,Pièce remplacée puis remise en service progressive.,2026-S1
MNT-2026S1-0883,EVT-2026S1-0233,EQ-OVEN-263,2026-05-11T20:38:00Z,2026-05-11T22:37:00Z,calibration,monitoring,119,1.5,56.61,1,"Cause non confirmée, mesures complémentaires nécessaires.",2026-S1
MNT-2026S1-0884,EVT-2026S1-0064,EQ-FAN-204,2026-05-07T13:42:00Z,2026-05-07T18:31:00Z,replacement,resolved,289,7.33,587.83,3,"Cause non confirmée, mesures complémentaires nécessaires.",2026-S1
MNT-2026S1-0885,EVT-2026S1-0465,EQ-CHILL-115,2026-01-15T23:43:00Z,2026-01-16T03:06:00Z,calibration,monitoring,203,4.68,392.32,3,Intervention préventive conforme au plan.,2026-S1
MNT-2026S1-0886,EVT-2026S1-0177,EQ-PUMP-247,2026-01-31T17:25:00Z,2026-01-31T20:15:00Z,inspection,monitoring,170,6.09,188.51,1,Intervention préventive conforme au plan.,2026-S1
MNT-2026S1-0887,EVT-2026S1-0096,EQ-CONV-256,2026-05-09T16:29:00Z,2026-05-09T19:51:00Z,corrective,parts_ordered,202,5.4,162.55,1,Pièce remplacée puis remise en service progressive.,2026-S1
MNT-2026S1-0888,EVT-2026S1-0002,EQ-CONV-003,2026-05-22T15:08:00Z,,corrective,no_fault_found,116,4.31,51.74,0,Intervention préventive conforme au plan.,2026-S1
MNT-2026S1-0889,EVT-2026S1-0490,EQ-ROBOT-390,2026-03-16T06:39:00Z,2026-03-16T11:49:00Z,inspection,no_fault_found,310,7.07,282.03,2,"Réglage effectué, surveillance demandée à la prochaine ronde.",2026-S1
MNT-2026S1-0890,EVT-2026S1-X048,EQ-CHILL-288,2026-03-27T19:44:00Z,2026-03-27T22:28:00Z,inspection,monitoring,164,2.91,241.95,1,"Cause non confirmée, mesures complémentaires nécessaires.",2026-S1
MNT-2026S1-0891,EVT-2026S1-0371,EQ-MIX-159,2026-05-07T04:20:00Z,2026-05-07T05:50:00Z,inspection,follow_up_required,90,3.01,36.11,0,Contrôle visuel et essai fonctionnel réalisés.,2026-S1
MNT-2026S1-0892,EVT-2026S1-0445,EQ-ROBOT-195,2026-04-25T08:35:00Z,2026-04-25T11:06:00Z,preventive,monitoring,151,3.71,44.52,0,Intervention préventive conforme au plan.,2026-S1
MNT-2026S1-0893,EVT-2026S1-0235,EQ-SENSOR-285,2026-05-14T15:11:00Z,2026-05-14T16:50:00Z,replacement,no_fault_found,99,2.14,25.7,0,"Cause non confirmée, mesures complémentaires nécessaires.",2026-S1
MNT-2026S1-0894,EVT-2026S1-0073,EQ-OVEN-303,2026-05-21T11:11:00Z,2026-05-21T12:42:00Z,calibration,parts_ordered,91,2.62,209.02,1,Pièce remplacée puis remise en service progressive.,2026-S1
MNT-2026S1-0895,EVT-2026S1-0424,EQ-DRYER-264,2026-05-24T11:38:00Z,2026-05-24T13:07:00Z,corrective,follow_up_required,89,1.32,15.8,0,"Cause non confirmée, mesures complémentaires nécessaires.",2026-S1
MNT-2026S1-0896,EVT-2026S1-0236,EQ-CONV-296,2026-01-18T17:53:00Z,2026-01-18T22:14:00Z,inspection,parts_ordered,261,4.2,475.1,3,"Réglage effectué, surveillance demandée à la prochaine ronde.",2026-S1
MNT-2026S1-0897,EVT-2026S1-0397,EQ-PUMP-267,2026-02-01T02:27:00Z,2026-02-01T05:50:00Z,corrective,follow_up_required,203,3.79,89.04,1,"Cause non confirmée, mesures complémentaires nécessaires.",2026-S1
MNT-2026S1-0898,EVT-2026S1-0254,EQ-PRESS-194,2026-04-02T18:09:00Z,2026-04-02T22:25:00Z,calibration,resolved,256,7.0,555.72,2,"Cause non confirmée, mesures complémentaires nécessaires.",2026-S1
MNT-2026S1-0899,EVT-2026S1-0366,EQ-OVEN-226,2026-02-23T03:51:00Z,2026-02-23T06:22:00Z,corrective,no_fault_found,151,6.17,527.18,2,Intervention préventive conforme au plan.,2026-S1
MNT-2026S1-0900,EVT-2026S1-0346,EQ-OVEN-306,2026-04-25T00:02:00Z,2026-04-25T02:19:00Z,replacement,monitoring,137,5.11,455.88,2,"Cause non confirmée, mesures complémentaires nécessaires.",2026-S1
MNT-2026S1-0901,EVT-2026S1-X027,EQ-CAB-134,2026-01-18T10:26:00Z,2026-01-18T12:42:00Z,corrective,parts_ordered,136,5.09,818.45,3,Contrôle visuel et essai fonctionnel réalisés.,2026-S1
MNT-2026S1-0902,EVT-2026S1-X002,EQ-ROBOT-175,2026-04-21T22:51:00Z,2026-04-21T23:42:00Z,calibration,parts_ordered,51,2.7,32.35,0,Contrôle visuel et essai fonctionnel réalisés.,2026-S1
MNT-2026S1-0903,EVT-2026S1-0076,EQ-CONV-336,2026-01-11T15:31:00Z,2026-01-11T17:58:00Z,inspection,follow_up_required,147,4.45,443.36,2,"Cause non confirmée, mesures complémentaires nécessaires.",2026-S1
MNT-2026S1-0904,EVT-2026S1-0178,EQ-ROBOT-258,2026-06-19T14:36:00Z,2026-06-19T15:58:00Z,replacement,follow_up_required,82,2.14,25.66,0,Pièce remplacée puis remise en service progressive.,2026-S1
MNT-2026S1-0905,EVT-2026S1-0463,EQ-CHILL-393,2026-02-10T05:23:00Z,2026-02-10T09:06:00Z,preventive,monitoring,223,2.49,29.94,0,Contrôle visuel et essai fonctionnel réalisés.,2026-S1
MNT-2026S1-0906,EVT-2026S1-0117,EQ-PUMP-187,2026-05-09T13:16:00Z,2026-05-09T15:50:00Z,calibration,follow_up_required,154,2.82,33.88,0,"Cause non confirmée, mesures complémentaires nécessaires.",2026-S1
MNT-2026S1-0907,EVT-2026S1-0233,EQ-OVEN-263,2026-05-11T19:24:00Z,2026-05-11T19:39:00Z,calibration,follow_up_required,0,1.37,69.93,1,Intervention préventive conforme au plan.,2026-S1
MNT-2026S1-0908,EVT-2026S1-0262,EQ-CONV-282,2026-01-18T06:58:00Z,2026-01-18T08:07:00Z,replacement,parts_ordered,69,1.45,,0,"Cause non confirmée, mesures complémentaires nécessaires.",2026-S1
MNT-2026S1-0909,EVT-2026S1-0120,EQ-FAN-220,2026-05-24T09:26:00Z,2026-05-24T10:17:00Z,preventive,no_fault_found,51,1.21,14.5,0,"Cause non confirmée, mesures complémentaires nécessaires.",2026-S1
MNT-2026S1-0910,EVT-2026S1-X003,EQ-FAN-144,2026-01-18T01:55:00Z,2026-01-18T03:42:00Z,corrective,no_fault_found,107,3.37,196.98,1,"Cause non confirmée, mesures complémentaires nécessaires.",2026-S1
MNT-2026S1-0911,EVT-2026S1-X047,EQ-PUMP-214,2026-02-14T09:24:00Z,2026-02-14T12:32:00Z,inspection,monitoring,188,3.95,543.78,2,"Réglage effectué, surveillance demandée à la prochaine ronde.",2026-S1
MNT-2026S1-0913,EVT-2026S1-0309,EQ-MIX-199,2026-05-30T11:36:00Z,2026-05-30T13:38:00Z,corrective,parts_ordered,122,3.24,38.82,0,"Cause non confirmée, mesures complémentaires nécessaires.",2026-S1
MNT-2026S1-0914,EVT-2026S1-0230,EQ-PUMP-230,2026-01-27T22:26:00Z,2026-01-28T00:29:00Z,calibration,monitoring,123,3.38,93.49,1,Intervention préventive conforme au plan.,2026-S1
MNT-2026S1-0915,EVT-2026S1-0289,EQ-MIX-279,2026-01-12T22:06:00Z,2026-01-12T23:26:00Z,corrective,no_fault_found,80,1.99,23.92,0,"Cause non confirmée, mesures complémentaires nécessaires.",2026-S1
MNT-2026S1-0916,EVT-2026S1-0327,EQ-PRESS-397,2026-04-27T14:27:00Z,2026-04-27T18:51:00Z,inspection,follow_up_required,264,7.18,455.87,2,"Réglage effectué, surveillance demandée à la prochaine ronde.",2026-S1
MNT-2026S1-0917,EVT-2026S1-0415,EQ-GEAR-165,2026-06-10T21:48:00Z,2026-06-11T00:17:00Z,inspection,no_fault_found,149,3.57,170.69,1,"Cause non confirmée, mesures complémentaires nécessaires.",2026-S1
MNT-2026S1-0918,EVT-2026S1-0330,EQ-PUMP-130,2026-01-29T11:04:00Z,2026-01-29T14:09:00Z,inspection,no_fault_found,185,5.11,104.07,1,Intervention préventive conforme au plan.,2026-S1
MNT-2026S1-0919,EVT-2026S1-X054,EQ-CHILL-188,2026-03-03T10:39:00Z,2026-03-03T13:26:00Z,inspection,resolved,167,4.67,56.1,0,"Cause non confirmée, mesures complémentaires nécessaires.",2026-S1
MNT-2026S1-0920,EVT-2026S1-X008,EQ-CHILL-168,2026-04-25T22:35:00Z,2026-04-26T01:52:00Z,inspection,parts_ordered,197,3.9,561.73,2,Pièce remplacée puis remise en service progressive.,2026-S1
MNT-2026S1-0921,EVT-2026S1-0038,EQ-COMP-001,2026-05-24T09:06:00Z,2026-05-24T09:29:00Z,corrective,follow_up_required,23,1.07,12.86,0,Intervention préventive conforme au plan.,2026-S1
MNT-2026S1-0922,EVT-2026S1-0087,EQ-PRESS-157,2026-01-09T12:01:00Z,2026-01-09T15:49:00Z,preventive,follow_up_required,228,6.38,257.73,2,Pièce remplacée puis remise en service progressive.,2026-S1
MNT-2026S1-0923,EVT-2026S1-0154,EQ-PRESS-294,2026-02-01T02:00:00Z,2026-02-01T05:55:00Z,replacement,no_fault_found,235,7.04,274.63,2,"Réglage effectué, surveillance demandée à la prochaine ronde.",2026-S1
MNT-2026S1-0924,EVT-2026S1-0071,EQ-ROBOT-368,2026-03-17T09:59:00Z,2026-03-17T11:37:00Z,calibration,parts_ordered,98,2.01,24.08,0,Pièce remplacée puis remise en service progressive.,2026-S1
MNT-2026S1-0925,EVT-2026S1-0472,EQ-PUMP-192,2026-02-02T04:31:00Z,,replacement,no_fault_found,221,4.47,410.67,2,"Réglage effectué, surveillance demandée à la prochaine ronde.",2026-S1
MNT-2026S1-0926,EVT-2026S1-0224,EQ-FAN-164,2026-04-01T13:19:00Z,2026-04-01T17:42:00Z,inspection,monitoring,263,9.18,245.72,2,Pièce remplacée puis remise en service progressive.,2026-S1
MNT-2026S1-0927,EVT-2026S1-0379,EQ-COMP-369,2026-03-18T22:01:00Z,2026-03-19T00:07:00Z,preventive,monitoring,126,4.89,227.93,1,Pièce remplacée puis remise en service progressive.,2026-S1
MNT-2026S1-0928,EVT-2026S1-0070,EQ-PUMP-270,2026-05-07T21:46:00Z,2026-05-08T01:29:00Z,corrective,monitoring,223,4.09,146.99,1,"Cause non confirmée, mesures complémentaires nécessaires.",2026-S1
MNT-2026S1-0929,EVT-2026S1-0169,EQ-MIX-159,2026-01-12T21:27:00Z,2026-01-12T22:57:00Z,inspection,follow_up_required,90,2.66,110.02,1,Intervention préventive conforme au plan.,2026-S1
MNT-2026S1-0930,EVT-2026S1-0446,EQ-CAB-206,2026-01-28T18:39:00Z,2026-01-28T22:05:00Z,preventive,parts_ordered,206,2.81,417.02,2,Intervention préventive conforme au plan.,2026-S1
MNT-2026S1-0931,EVT-2026S1-0277,EQ-PUMP-147,2026-02-03T19:36:00Z,2026-02-03T21:38:00Z,replacement,no_fault_found,122,3.48,41.81,0,Intervention préventive conforme au plan.,2026-S1
MNT-2026S1-0932,EVT-2026S1-0269,EQ-MIX-359,2026-01-11T12:57:00Z,2026-01-11T14:09:00Z,corrective,parts_ordered,72,2.8,33.55,0,"Cause non confirmée, mesures complémentaires nécessaires.",2026-S1
MNT-2026S1-0933,EVT-2026S1-0432,EQ-STEAM-352,2026-05-21T08:21:00Z,2026-05-21T10:32:00Z,corrective,resolved,131,2.04,473.05,2,Intervention préventive conforme au plan.,2026-S1
MNT-2026S1-0934,EVT-2026S1-0330,EQ-PUMP-130,2026-01-29T12:15:00Z,2026-01-29T15:29:00Z,calibration,no_fault_found,194,5.65,67.86,0,Intervention préventive conforme au plan.,2026-S1
MNT-2026S1-0935,EVT-2026S1-0371,EQ-MIX-159,2026-05-07T05:27:00Z,2026-05-07T06:59:00Z,calibration,monitoring,92,0.76,262.28,2,"Cause non confirmée, mesures complémentaires nécessaires.",2026-S1
MNT-2026S1-0936,EVT-2026S1-0094,EQ-PRESS-234,2026-01-17T17:53:00Z,2026-01-17T22:49:00Z,preventive,parts_ordered,296,7.91,228.46,3,"Réglage effectué, surveillance demandée à la prochaine ronde.",2026-S1
MNT-2026S1-0937,EVT-2026S1-X040,EQ-FAN-304,2026-04-02T05:43:00Z,2026-04-02T09:05:00Z,corrective,no_fault_found,202,5.21,153.2,1,"Cause non confirmée, mesures complémentaires nécessaires.",2026-S1
MNT-2026S1-0938,EVT-2026S1-0278,EQ-ROBOT-158,2026-01-29T02:54:00Z,2026-01-29T04:15:00Z,calibration,parts_ordered,81,3.8,45.59,0,"Réglage effectué, surveillance demandée à la prochaine ronde.",2026-S1
MNT-2026S1-0939,EVT-2026S1-0354,EQ-PRESS-394,2026-04-07T11:15:00Z,2026-04-07T15:46:00Z,replacement,resolved,271,6.92,342.83,2,Contrôle visuel et essai fonctionnel réalisés.,2026-S1
MNT-2026S1-0940,EVT-2026S1-0035,EQ-MIX-001,2026-05-20T22:44:00Z,2026-05-21T00:12:00Z,replacement,parts_ordered,88,2.53,30.42,0,"Cause non confirmée, mesures complémentaires nécessaires.",2026-S1
MNT-2026S1-0941,EVT-2026S1-0254,EQ-PRESS-194,2026-04-02T18:31:00Z,2026-04-03T00:13:00Z,preventive,resolved,342,7.02,159.35,1,Pièce remplacée puis remise en service progressive.,2026-S1
MNT-2026S1-0942,EVT-2026S1-0403,EQ-MOTOR-333,2026-04-14T09:55:00Z,2026-04-14T13:03:00Z,corrective,follow_up_required,188,4.56,486.56,3,"Réglage effectué, surveillance demandée à la prochaine ronde.",2026-S1
MNT-2026S1-0943,EVT-2026S1-0170,EQ-PUMP-170,2026-03-05T02:53:00Z,2026-03-05T05:22:00Z,replacement,follow_up_required,149,3.05,182.99,2,"Réglage effectué, surveillance demandée à la prochaine ronde.",2026-S1
MNT-2026S1-0944,EVT-2026S1-0087,EQ-PRESS-157,2026-01-09T12:56:00Z,2026-01-09T17:49:00Z,inspection,resolved,293,6.34,362.24,3,Contrôle visuel et essai fonctionnel réalisés.,2026-S1
MNT-2026S1-0945,EVT-2026S1-X023,EQ-PUMP-351,2026-01-24T14:12:00Z,2026-01-24T15:41:00Z,replacement,parts_ordered,89,3.01,271.83,1,Pièce remplacée puis remise en service progressive.,2026-S1
MNT-2026S1-0946,EVT-2026S1-X025,EQ-PUMP-307,2026-01-09T06:17:00Z,2026-01-09T11:17:00Z,replacement,follow_up_required,300,8.89,418.96,2,Pièce remplacée puis remise en service progressive.,2026-S1
MNT-2026S1-0947,EVT-2026S1-0150,EQ-PUMP-250,2026-06-04T20:19:00Z,2026-06-04T23:28:00Z,calibration,parts_ordered,189,4.43,308.64,1,Pièce remplacée puis remise en service progressive.,2026-S1
MNT-2026S1-0948,EVT-2026S1-0124,EQ-FAN-264,2026-01-20T00:39:00Z,2026-01-20T06:10:00Z,preventive,parts_ordered,331,8.12,242.7,1,Pièce remplacée puis remise en service progressive.,2026-S1
MNT-2026S1-0949,EVT-2026S1-0321,EQ-PUMP-331,2026-06-06T12:49:00Z,2026-06-06T15:43:00Z,replacement,parts_ordered,174,3.84,456.18,2,"Réglage effectué, surveillance demandée à la prochaine ronde.",2026-S1
MNT-2026S1-0950,EVT-2026S1-0092,EQ-VALVE-200,2026-03-20T07:59:00Z,2026-03-20T09:25:00Z,preventive,follow_up_required,86,0.63,328.25,2,Pièce remplacée puis remise en service progressive.,2026-S1
MNT-2026S1-0951,EVT-2026S1-0083,EQ-COMP-113,2026-04-09T12:27:00Z,2026-04-09T15:01:00Z,calibration,follow_up_required,154,4.82,57.81,0,"Cause non confirmée, mesures complémentaires nécessaires.",2026-S1
MNT-2026S1-0952,EVT-2026S1-0399,EQ-COMP-289,2026-04-12T16:17:00Z,2026-04-12T19:14:00Z,replacement,parts_ordered,177,2.41,105.66,2,Pièce remplacée puis remise en service progressive.,2026-S1
MNT-2026S1-0953,EVT-2026S1-0472,EQ-PUMP-192,2026-02-02T04:59:00Z,2026-02-02T08:24:00Z,inspection,monitoring,205,3.95,530.68,2,"Cause non confirmée, mesures complémentaires nécessaires.",2026-S1
MNT-2026S1-0954,EVT-2026S1-0420,EQ-PACK-220,2026-04-18T23:24:00Z,2026-04-19T02:00:00Z,corrective,resolved,156,3.75,123.33,1,"Cause non confirmée, mesures complémentaires nécessaires.",2026-S1
MNT-2026S1-0955,EVT-2026S1-0248,EQ-CHILL-128,2026-03-15T02:35:00Z,2026-03-15T05:36:00Z,preventive,follow_up_required,181,5.08,181.89,1,Contrôle visuel et essai fonctionnel réalisés.,2026-S1
MNT-2026S1-0956,EVT-2026S1-0361,EQ-PUMP-171,2026-06-12T00:13:00Z,2026-06-12T02:47:00Z,preventive,parts_ordered,154,5.28,63.37,0,Pièce remplacée puis remise en service progressive.,2026-S1
MNT-2026S1-0957,EVT-2026S1-X001,EQ-PUMP-330,2026-02-14T01:51:00Z,2026-02-14T03:09:00Z,calibration,monitoring,78,0.25,3.0,0,"Cause non confirmée, mesures complémentaires nécessaires.",2026-S1
MNT-2026S1-0958,EVT-2026S1-0144,EQ-FAN-184,2026-03-13T10:42:00Z,2026-03-13T14:21:00Z,calibration,parts_ordered,219,5.82,360.48,2,"Cause non confirmée, mesures complémentaires nécessaires.",2026-S1
MNT-2026S1-0959,EVT-2026S1-0201,EQ-PUMP-211,2026-03-26T14:52:00Z,2026-03-26T18:13:00Z,replacement,no_fault_found,201,5.36,260.17,1,Contrôle visuel et essai fonctionnel réalisés.,2026-S1
MNT-2026S1-0960,EVT-2026S1-0208,EQ-CHILL-288,2026-05-03T09:56:00Z,2026-05-03T12:42:00Z,corrective,resolved,166,4.17,301.51,1,Pièce remplacée puis remise en service progressive.,2026-S1
MNT-2026S1-0961,EVT-2026S1-0474,EQ-PUMP-214,2026-05-18T17:55:00Z,2026-05-18T20:38:00Z,calibration,follow_up_required,163,3.96,178.81,2,Contrôle visuel et essai fonctionnel réalisés.,2026-S1
MNT-2026S1-0962,EVT-2026S1-0433,EQ-STEAM-363,2026-02-12T12:01:00Z,,corrective,no_fault_found,125,2.28,27.36,0,"Cause non confirmée, mesures complémentaires nécessaires.",2026-S1
MNT-2026S1-0963,EVT-2026S1-X019,EQ-OVEN-203,2026-06-13T21:13:00Z,2026-06-13T21:29:00Z,preventive,no_fault_found,16,0.25,351.32,2,"Réglage effectué, surveillance demandée à la prochaine ronde.",2026-S1
MNT-2026S1-0964,EVT-2026S1-0499,EQ-VALVE-189,2026-05-01T13:49:00Z,2026-05-01T14:15:00Z,calibration,parts_ordered,26,1.15,233.64,1,Pièce remplacée puis remise en service progressive.,2026-S1
MNT-2026S1-0965,EVT-2026S1-0118,EQ-ROBOT-198,2026-01-06T11:31:00Z,2026-01-06T12:49:00Z,calibration,monitoring,78,1.52,155.25,1,Pièce remplacée puis remise en service progressive.,2026-S1
MNT-2026S1-0966,EVT-2026S1-0059,EQ-COMP-149,2026-03-09T11:29:00Z,2026-03-09T14:36:00Z,preventive,resolved,187,4.99,,0,Pièce remplacée puis remise en service progressive.,2026-S1
MNT-2026S1-0967,EVT-2026S1-0172,EQ-OVEN-223,2026-06-13T12:56:00Z,2026-06-13T13:43:00Z,calibration,parts_ordered,47,1.33,15.92,0,"Réglage effectué, surveillance demandée à la prochaine ronde.",2026-S1
MNT-2026S1-0968,EVT-2026S1-0479,EQ-CHILL-393,2026-01-30T11:52:00Z,2026-01-30T13:04:00Z,corrective,resolved,72,1.37,16.42,0,"Cause non confirmée, mesures complémentaires nécessaires.",2026-S1
MNT-2026S1-0969,EVT-2026S1-X014,EQ-PUMP-171,2026-06-07T18:25:00Z,2026-06-07T19:14:00Z,inspection,parts_ordered,49,2.68,206.53,1,"Cause non confirmée, mesures complémentaires nécessaires.",2026-S1
MNT-2026S1-0970,EVT-2026S1-0160,EQ-FAN-360,2026-05-31T21:17:00Z,2026-05-31T22:05:00Z,replacement,follow_up_required,48,1.75,21.06,0,"Cause non confirmée, mesures complémentaires nécessaires.",2026-S1
MNT-2026S1-0971,EVT-2026S1-0325,EQ-ROBOT-375,2026-05-30T09:27:00Z,2026-05-30T12:15:00Z,replacement,parts_ordered,168,3.81,533.23,2,Intervention préventive conforme au plan.,2026-S1
MNT-2026S1-0972,EVT-2026S1-0349,EQ-MIX-339,2026-01-13T10:52:00Z,2026-01-13T13:28:00Z,replacement,follow_up_required,156,1.83,,0,Intervention préventive conforme au plan.,2026-S1
MNT-2026S1-0973,EVT-2026S1-0412,EQ-GEAR-132,2026-06-02T00:34:00Z,2026-06-02T04:41:00Z,inspection,no_fault_found,247,7.18,86.18,0,Contrôle visuel et essai fonctionnel réalisés.,2026-S1
MNT-2026S1-0974,EVT-2026S1-0154,EQ-PRESS-294,2026-02-01T00:34:00Z,2026-02-01T06:06:00Z,preventive,resolved,332,7.24,571.04,3,"Réglage effectué, surveillance demandée à la prochaine ronde.",2026-S1
MNT-2026S1-0975,EVT-2026S1-0281,EQ-PUMP-191,2026-03-07T01:56:00Z,2026-03-07T05:00:00Z,replacement,monitoring,184,4.9,239.33,3,"Réglage effectué, surveillance demandée à la prochaine ronde.",2026-S1
MNT-2026S1-0976,EVT-2026S1-0391,EQ-MIX-272,2026-03-31T12:04:00Z,2026-03-31T13:37:00Z,preventive,parts_ordered,93,2.36,28.38,0,Contrôle visuel et essai fonctionnel réalisés.,2026-S1
MNT-2026S1-0977,EVT-2026S1-0479,EQ-CHILL-393,2026-01-30T12:04:00Z,2026-01-30T13:31:00Z,replacement,parts_ordered,87,1.97,262.83,1,Contrôle visuel et essai fonctionnel réalisés.,2026-S1
MNT-2026S1-0978,EVT-2026S1-X028,EQ-PUMP-350,2026-05-09T12:05:00Z,2026-05-09T16:43:00Z,corrective,parts_ordered,278,7.68,536.05,2,"Réglage effectué, surveillance demandée à la prochaine ronde.",2026-S1
MNT-2026S1-0979,EVT-2026S1-0026,EQ-CONV-002,2026-05-31T22:12:00Z,2026-06-01T01:20:00Z,preventive,parts_ordered,188,3.41,238.7,2,"Réglage effectué, surveillance demandée à la prochaine ronde.",2026-S1
MNT-2026S1-0980,EVT-2026S1-0390,EQ-PUMP-190,2026-03-25T05:27:00Z,2026-03-25T07:17:00Z,calibration,parts_ordered,110,3.55,191.23,2,Contrôle visuel et essai fonctionnel réalisés.,2026-S1
MNT-2026S1-0981,EVT-2026S1-0140,EQ-FAN-140,2026-03-30T05:17:00Z,2026-03-30T06:04:00Z,preventive,no_fault_found,47,1.24,14.86,0,Pièce remplacée puis remise en service progressive.,2026-S1
MNT-2026S1-0982,EVT-2026S1-0065,EQ-ROBOT-215,2026-01-20T01:21:00Z,2026-01-20T04:24:00Z,preventive,follow_up_required,183,4.19,105.44,1,"Cause non confirmée, mesures complémentaires nécessaires.",2026-S1
MNT-2026S1-0983,EVT-2026S1-0293,EQ-OVEN-323,2026-03-21T12:12:00Z,2026-03-21T12:47:00Z,inspection,no_fault_found,35,2.29,27.42,0,Contrôle visuel et essai fonctionnel réalisés.,2026-S1
MNT-2026S1-0984,EVT-2026S1-X009,EQ-COMP-233,2026-06-07T22:12:00Z,2026-06-08T01:18:00Z,corrective,resolved,186,5.92,520.54,2,"Réglage effectué, surveillance demandée à la prochaine ronde.",2026-S1
MNT-2026S1-0985,EVT-2026S1-0127,EQ-PRESS-297,2026-05-28T10:59:00Z,2026-05-28T15:48:00Z,replacement,follow_up_required,289,7.16,241.61,1,Pièce remplacée puis remise en service progressive.,2026-S1
MNT-2026S1-0986,EVT-2026S1-0033,EQ-CONV-005,2026-03-30T17:19:00Z,2026-03-30T19:07:00Z,corrective,no_fault_found,108,3.91,46.93,0,Pièce remplacée puis remise en service progressive.,2026-S1
MNT-2026S1-0987,EVT-2026S1-0276,EQ-CONV-136,2026-03-26T02:05:00Z,2026-03-26T04:22:00Z,corrective,follow_up_required,137,4.34,362.8,2,"Cause non confirmée, mesures complémentaires nécessaires.",2026-S1
MNT-2026S1-0988,EVT-2026S1-0393,EQ-OVEN-223,2026-03-26T18:40:00Z,2026-03-26T19:26:00Z,calibration,monitoring,46,1.89,22.73,0,"Cause non confirmée, mesures complémentaires nécessaires.",2026-S1
MNT-2026S1-0989,EVT-2026S1-0105,EQ-ROBOT-355,2026-04-09T20:27:00Z,2026-04-10T00:31:00Z,calibration,resolved,244,4.99,249.26,1,"Réglage effectué, surveillance demandée à la prochaine ronde.",2026-S1
MNT-2026S1-0990,EVT-2026S1-0046,EQ-OVEN-306,2026-03-27T01:24:00Z,2026-03-27T04:45:00Z,inspection,follow_up_required,201,4.65,343.61,2,Contrôle visuel et essai fonctionnel réalisés.,2026-S1
MNT-2026S1-0991,EVT-2026S1-0120,EQ-FAN-220,2026-05-24T09:11:00Z,2026-05-24T09:40:00Z,replacement,monitoring,29,1.43,17.21,0,"Réglage effectué, surveillance demandée à la prochaine ronde.",2026-S1
MNT-2026S1-0992,EVT-2026S1-0388,EQ-CHILL-168,2026-03-20T05:43:00Z,2026-03-20T08:55:00Z,calibration,resolved,192,4.8,57.59,0,Intervention préventive conforme au plan.,2026-S1
MNT-2026S1-0993,EVT-2026S1-X001,EQ-PUMP-330,2026-02-14T00:55:00Z,2026-02-14T01:10:00Z,corrective,parts_ordered,5,1.22,68.48,1,"Cause non confirmée, mesures complémentaires nécessaires.",2026-S1
MNT-2026S1-0994,EVT-2026S1-0383,EQ-COMP-113,2026-02-04T14:11:00Z,2026-02-04T17:11:00Z,preventive,monitoring,180,4.63,343.25,3,"Cause non confirmée, mesures complémentaires nécessaires.",2026-S1
MNT-2026S1-0995,EVT-2026S1-0178,EQ-ROBOT-258,2026-06-19T13:34:00Z,2026-06-19T16:12:00Z,preventive,resolved,158,2.27,27.3,0,"Cause non confirmée, mesures complémentaires nécessaires.",2026-S1
MNT-2026S1-0996,EVT-2026S1-0476,EQ-COMP-233,2026-03-21T16:52:00Z,2026-03-21T18:37:00Z,preventive,monitoring,105,2.6,149.95,1,"Cause non confirmée, mesures complémentaires nécessaires.",2026-S1
MNT-2026S1-0997,EVT-2026S1-0233,EQ-OVEN-263,2026-05-11T21:19:00Z,2026-05-11T22:52:00Z,corrective,follow_up_required,93,4.42,53.01,0,Contrôle visuel et essai fonctionnel réalisés.,2026-S1
MNT-2026S1-0998,EVT-2026S1-0457,EQ-VALVE-327,2026-04-05T15:42:00Z,2026-04-05T17:18:00Z,inspection,no_fault_found,96,3.24,38.92,0,Pièce remplacée puis remise en service progressive.,2026-S1
MNT-2026S1-0999,EVT-2026S1-0038,EQ-COMP-001,2026-05-24T08:37:00Z,,calibration,no_fault_found,52,3.18,38.14,0,Intervention préventive conforme au plan.,2026-S1
MNT-2026S1-1000,EVT-2026S1-0185,EQ-ROBOT-335,2026-01-05T12:56:00Z,2026-01-05T16:37:00Z,preventive,no_fault_found,221,5.44,206.91,1,Pièce remplacée puis remise en service progressive.,2026-S1
MNT-2026S1-1001,EVT-2026S1-0069,EQ-MIX-259,2026-01-07T16:05:00Z,2026-01-07T16:44:00Z,inspection,resolved,39,2.21,26.48,0,Contrôle visuel et essai fonctionnel réalisés.,2026-S1
MNT-2026S1-1002,EVT-2026S1-0280,EQ-FAN-180,2026-06-17T14:05:00Z,2026-06-17T15:47:00Z,corrective,follow_up_required,102,1.86,22.32,0,"Cause non confirmée, mesures complémentaires nécessaires.",2026-S1
MNT-2026S1-1003,EVT-2026S1-0144,EQ-FAN-184,2026-03-13T10:41:00Z,2026-03-13T15:46:00Z,replacement,parts_ordered,305,7.48,517.82,3,Pièce remplacée puis remise en service progressive.,2026-S1
MNT-2026S1-1004,EVT-2026S1-0432,EQ-STEAM-352,2026-05-21T08:05:00Z,2026-05-21T09:12:00Z,inspection,parts_ordered,67,2.57,171.43,1,Pièce remplacée puis remise en service progressive.,2026-S1
MNT-2026S1-1005,EVT-2026S1-0413,EQ-GEAR-143,2026-01-11T17:25:00Z,2026-01-11T20:46:00Z,corrective,follow_up_required,201,4.62,301.8,4,"Cause non confirmée, mesures complémentaires nécessaires.",2026-S1
MNT-2026S1-1007,EVT-2026S1-0285,EQ-ROBOT-235,2026-02-27T13:20:00Z,2026-02-27T17:24:00Z,inspection,no_fault_found,244,5.28,286.54,1,Pièce remplacée puis remise en service progressive.,2026-S1
MNT-2026S1-1008,EVT-2026S1-0095,EQ-SENSOR-245,2026-03-10T13:15:00Z,2026-03-10T14:27:00Z,preventive,no_fault_found,72,3.02,36.27,0,"Cause non confirmée, mesures complémentaires nécessaires.",2026-S1
MNT-2026S1-1009,EVT-2026S1-0151,EQ-CAB-134,2026-06-18T21:39:00Z,2026-06-19T00:01:00Z,preventive,resolved,142,2.75,32.95,0,Pièce remplacée puis remise en service progressive.,2026-S1
MNT-2026S1-1010,EVT-2026S1-X045,EQ-CONV-102,2026-03-25T15:26:00Z,2026-03-25T19:09:00Z,replacement,resolved,223,6.21,,2,Pièce remplacée puis remise en service progressive.,2026-S1
MNT-2026S1-1011,EVT-2026S1-0039,EQ-PUMP-006,2026-04-29T14:41:00Z,2026-04-29T19:18:00Z,corrective,monitoring,277,6.71,372.96,4,Pièce remplacée puis remise en service progressive.,2026-S1
MNT-2026S1-1012,EVT-2026S1-X049,EQ-ROBOT-357,2026-03-19T12:45:00Z,2026-03-19T14:07:00Z,calibration,follow_up_required,82,1.56,18.74,0,Pièce remplacée puis remise en service progressive.,2026-S1
MNT-2026S1-1013,EVT-2026S1-0306,EQ-OVEN-166,2026-01-22T11:45:00Z,2026-01-22T15:17:00Z,replacement,follow_up_required,212,4.65,294.31,1,Intervention préventive conforme au plan.,2026-S1
MNT-2026S1-1014,EVT-2026S1-0338,EQ-ROBOT-218,2026-05-11T14:39:00Z,2026-05-11T17:07:00Z,corrective,parts_ordered,148,2.41,247.46,2,"Réglage effectué, surveillance demandée à la prochaine ronde.",2026-S1
MNT-2026S1-1015,EVT-2026S1-X012,EQ-CONV-003,2026-05-20T05:35:00Z,2026-05-20T10:23:00Z,inspection,resolved,288,7.35,298.14,3,Intervention préventive conforme au plan.,2026-S1
MNT-2026S1-1016,EVT-2026S1-0218,EQ-ROBOT-398,2026-06-05T07:42:00Z,2026-06-05T09:10:00Z,corrective,no_fault_found,88,2.22,26.64,0,"Cause non confirmée, mesures complémentaires nécessaires.",2026-S1
MNT-2026S1-1017,EVT-2026S1-0116,EQ-CONV-176,2026-04-21T21:09:00Z,2026-04-22T00:11:00Z,preventive,no_fault_found,182,4.68,219.15,1,"Réglage effectué, surveillance demandée à la prochaine ronde.",2026-S1
MNT-2026S1-1018,EVT-2026S1-0314,EQ-PRESS-254,2026-06-03T09:10:00Z,2026-06-03T13:40:00Z,inspection,no_fault_found,270,8.17,98.05,0,"Réglage effectué, surveillance demandée à la prochaine ronde.",2026-S1
MNT-2026S1-1019,EVT-2026S1-0201,EQ-PUMP-211,2026-03-26T14:14:00Z,2026-03-26T16:53:00Z,replacement,follow_up_required,159,6.26,429.73,2,"Cause non confirmée, mesures complémentaires nécessaires.",2026-S1
MNT-2026S1-1020,EVT-2026S1-X043,EQ-EXTRA-421,2026-03-28T21:45:00Z,2026-03-28T23:39:00Z,inspection,parts_ordered,114,1.38,16.59,0,Intervention préventive conforme au plan.,2026-S1
MNT-2026S1-1021,EVT-2026S1-X032,EQ-STEAM-341,2026-04-21T00:34:00Z,2026-04-21T01:40:00Z,preventive,no_fault_found,66,2.8,33.57,0,Pièce remplacée puis remise en service progressive.,2026-S1
MNT-2026S1-1022,EVT-2026S1-0366,EQ-OVEN-226,2026-02-23T06:35:00Z,2026-02-23T09:46:00Z,inspection,parts_ordered,191,3.97,124.15,2,"Réglage effectué, surveillance demandée à la prochaine ronde.",2026-S1
MNT-2026S1-1023,EVT-2026S1-0127,EQ-PRESS-297,2026-05-28T09:45:00Z,2026-05-28T14:06:00Z,inspection,parts_ordered,261,5.68,172.96,2,Contrôle visuel et essai fonctionnel réalisés.,2026-S1
MNT-2026S1-1024,EVT-2026S1-0186,EQ-OVEN-346,2026-03-30T04:09:00Z,2026-03-30T07:52:00Z,preventive,resolved,223,4.5,163.56,2,Intervention préventive conforme au plan.,2026-S1
MNT-2026S1-1025,EVT-2026S1-X040,EQ-FAN-304,2026-04-02T06:32:00Z,2026-04-02T10:18:00Z,corrective,parts_ordered,226,3.65,161.3,1,Contrôle visuel et essai fonctionnel réalisés.,2026-S1
MNT-2026S1-1026,EVT-2026S1-0257,EQ-PUMP-227,2026-04-12T13:14:00Z,2026-04-12T16:53:00Z,replacement,resolved,219,4.09,49.12,0,Contrôle visuel et essai fonctionnel réalisés.,2026-S1
MNT-2026S1-1027,EVT-2026S1-0391,EQ-MIX-272,2026-03-31T11:29:00Z,2026-03-31T12:26:00Z,inspection,follow_up_required,57,2.59,31.13,0,"Cause non confirmée, mesures complémentaires nécessaires.",2026-S1
MNT-2026S1-1028,EVT-2026S1-0050,EQ-PUMP-350,2026-02-10T14:45:00Z,2026-02-10T17:02:00Z,corrective,parts_ordered,137,3.99,47.91,0,Pièce remplacée puis remise en service progressive.,2026-S1
MNT-2026S1-1029,EVT-2026S1-0499,EQ-VALVE-189,2026-05-01T13:51:00Z,2026-05-01T14:06:00Z,replacement,no_fault_found,0,0.85,10.21,0,"Réglage effectué, surveillance demandée à la prochaine ronde.",2026-S1
MNT-2026S1-1030,EVT-2026S1-0434,EQ-STEAM-374,2026-01-24T09:58:00Z,2026-01-24T11:54:00Z,inspection,no_fault_found,116,3.57,42.8,0,"Réglage effectué, surveillance demandée à la prochaine ronde.",2026-S1
MNT-2026S1-1031,EVT-2026S1-0472,EQ-PUMP-192,2026-02-02T05:59:00Z,2026-02-02T09:13:00Z,corrective,parts_ordered,194,5.23,134.92,1,"Cause non confirmée, mesures complémentaires nécessaires.",2026-S1
MNT-2026S1-1032,EVT-2026S1-0352,EQ-PUMP-331,2026-03-19T12:51:00Z,2026-03-19T14:08:00Z,calibration,follow_up_required,77,1.97,291.37,2,Pièce remplacée puis remise en service progressive.,2026-S1
MNT-2026S1-1033,EVT-2026S1-0423,EQ-DRYER-253,2026-03-09T13:10:00Z,2026-03-09T14:51:00Z,calibration,parts_ordered,101,1.14,90.63,1,Contrôle visuel et essai fonctionnel réalisés.,2026-S1
MNT-2026S1-1034,EVT-2026S1-0246,EQ-OVEN-106,2026-01-12T09:04:00Z,2026-01-12T11:48:00Z,corrective,no_fault_found,164,3.82,820.15,3,"Cause non confirmée, mesures complémentaires nécessaires.",2026-S1
MNT-2026S1-1035,EVT-2026S1-0289,EQ-MIX-279,2026-01-12T22:43:00Z,2026-01-13T00:29:00Z,replacement,follow_up_required,106,3.11,37.36,0,Contrôle visuel et essai fonctionnel réalisés.,2026-S1
MNT-2026S1-1036,EVT-2026S1-X033,EQ-PUMP-006,2026-05-28T19:03:00Z,,replacement,parts_ordered,176,5.45,493.65,2,Contrôle visuel et essai fonctionnel réalisés.,2026-S1
MNT-2026S1-1037,EVT-2026S1-0242,EQ-CONV-362,2026-01-13T00:13:00Z,2026-01-13T01:00:00Z,replacement,parts_ordered,47,1.91,135.41,1,Contrôle visuel et essai fonctionnel réalisés.,2026-S1
MNT-2026S1-1038,EVT-2026S1-0425,EQ-DRYER-275,2026-03-24T09:13:00Z,2026-03-24T11:10:00Z,replacement,follow_up_required,117,3.9,201.72,1,Intervention préventive conforme au plan.,2026-S1
MNT-2026S1-1039,EVT-2026S1-0076,EQ-CONV-336,2026-01-11T16:05:00Z,2026-01-11T17:49:00Z,corrective,parts_ordered,104,4.09,209.24,1,"Cause non confirmée, mesures complémentaires nécessaires.",2026-S1
MNT-2026S1-1040,EVT-2026S1-X033,EQ-PUMP-006,2026-05-28T20:20:00Z,2026-05-28T23:21:00Z,preventive,resolved,181,3.13,284.8,1,Contrôle visuel et essai fonctionnel réalisés.,2026-S1
MNT-2026S1-1041,EVT-2026S1-0176,EQ-CONV-236,2026-03-13T13:27:00Z,2026-03-13T16:42:00Z,calibration,no_fault_found,195,1.92,399.16,3,Contrôle visuel et essai fonctionnel réalisés.,2026-S1
MNT-2026S1-1042,EVT-2026S1-0400,EQ-FAN-300,2026-04-01T15:37:00Z,2026-04-01T17:16:00Z,calibration,follow_up_required,99,1.61,58.15,1,"Réglage effectué, surveillance demandée à la prochaine ronde.",2026-S1
MNT-2026S1-1043,EVT-2026S1-X005,EQ-FAN-200,2026-05-25T06:38:00Z,2026-05-25T07:36:00Z,replacement,resolved,58,2.47,29.58,0,"Réglage effectué, surveillance demandée à la prochaine ronde.",2026-S1
MNT-2026S1-1044,EVT-2026S1-0024,EQ-PRESS-001,2026-01-20T09:01:00Z,2026-01-20T14:11:00Z,corrective,parts_ordered,310,5.95,548.32,4,"Cause non confirmée, mesures complémentaires nécessaires.",2026-S1
MNT-2026S1-1045,EVT-2026S1-0028,EQ-ROBOT-001,2026-05-26T14:31:00Z,2026-05-26T16:51:00Z,inspection,follow_up_required,140,3.99,411.7,2,Contrôle visuel et essai fonctionnel réalisés.,2026-S1
MNT-2026S1-1046,EVT-2026S1-0267,EQ-PRESS-337,2026-01-26T19:23:00Z,2026-01-26T23:47:00Z,inspection,parts_ordered,264,6.34,719.08,4,"Cause non confirmée, mesures complémentaires nécessaires.",2026-S1
MNT-2026S1-1047,EVT-2026S1-0082,EQ-CONV-102,2026-05-11T06:53:00Z,2026-05-11T08:34:00Z,replacement,monitoring,101,2.32,,0,Intervention préventive conforme au plan.,2026-S1
MNT-2026S1-1048,EVT-2026S1-0086,EQ-OVEN-146,2026-06-14T23:50:00Z,2026-06-15T02:53:00Z,preventive,monitoring,183,4.55,140.18,2,Intervention préventive conforme au plan.,2026-S1
MNT-2026S1-1049,EVT-2026S1-0341,EQ-PUMP-251,2026-04-21T21:01:00Z,2026-04-21T23:42:00Z,calibration,resolved,161,4.72,56.67,0,Contrôle visuel et essai fonctionnel réalisés.,2026-S1
MNT-2026S1-1050,EVT-2026S1-0398,EQ-ROBOT-278,2026-03-10T19:16:00Z,2026-03-10T20:54:00Z,corrective,monitoring,98,1.45,99.25,1,Intervention préventive conforme au plan.,2026-S1
MNT-2026S1-1051,EVT-2026S1-0335,EQ-SENSOR-185,2026-06-10T15:40:00Z,2026-06-10T17:38:00Z,calibration,resolved,118,1.75,21.06,0,Pièce remplacée puis remise en service progressive.,2026-S1
MNT-2026S1-1052,EVT-2026S1-0042,EQ-CONV-262,2026-02-27T09:06:00Z,2026-02-27T10:59:00Z,inspection,monitoring,113,2.9,34.75,0,Contrôle visuel et essai fonctionnel réalisés.,2026-S1
MNT-2026S1-1053,EVT-2026S1-0329,EQ-MIX-119,2026-04-07T01:32:00Z,2026-04-07T04:00:00Z,replacement,no_fault_found,148,3.24,38.85,0,"Réglage effectué, surveillance demandée à la prochaine ronde.",2026-S1
MNT-2026S1-1054,EVT-2026S1-0173,EQ-OVEN-203,2026-06-21T06:22:00Z,2026-06-21T07:02:00Z,inspection,resolved,40,1.97,122.56,2,Pièce remplacée puis remise en service progressive.,2026-S1
MNT-2026S1-1055,EVT-2026S1-0002,EQ-CONV-003,2026-05-22T15:17:00Z,2026-05-22T16:15:00Z,inspection,resolved,58,2.86,34.35,0,"Réglage effectué, surveillance demandée à la prochaine ronde.",2026-S1
MNT-2026S1-1056,EVT-2026S1-0322,EQ-CONV-342,2026-01-16T16:43:00Z,2026-01-16T19:13:00Z,replacement,follow_up_required,150,4.32,51.79,0,Contrôle visuel et essai fonctionnel réalisés.,2026-S1
MNT-2026S1-1057,EVT-2026S1-0479,EQ-CHILL-393,2026-01-30T11:53:00Z,2026-01-30T13:28:00Z,inspection,follow_up_required,95,2.56,187.78,1,"Réglage effectué, surveillance demandée à la prochaine ronde.",2026-S1
MNT-2026S1-1058,EVT-2026S1-0101,EQ-PUMP-311,2026-06-14T16:41:00Z,2026-06-14T19:12:00Z,corrective,follow_up_required,151,3.71,298.77,1,Intervention préventive conforme au plan.,2026-S1
MNT-2026S1-1059,EVT-2026S1-0217,EQ-PUMP-387,2026-05-03T18:48:00Z,2026-05-03T20:59:00Z,inspection,resolved,131,4.23,270.94,1,Contrôle visuel et essai fonctionnel réalisés.,2026-S1
MNT-2026S1-1060,EVT-2026S1-0489,EQ-ROBOT-379,2026-04-12T20:32:00Z,2026-04-13T01:13:00Z,replacement,monitoring,281,7.79,585.53,2,Pièce remplacée puis remise en service progressive.,2026-S1
MNT-2026S1-1061,EVT-2026S1-0474,EQ-PUMP-214,2026-05-18T19:23:00Z,2026-05-18T21:50:00Z,calibration,parts_ordered,147,4.66,564.53,2,Intervention préventive conforme au plan.,2026-S1
MNT-2026S1-1062,EVT-2026S1-0131,EQ-EXTRA-420,2026-06-12T02:26:00Z,2026-06-12T03:51:00Z,corrective,no_fault_found,85,3.01,36.18,0,Intervention préventive conforme au plan.,2026-S1
MNT-2026S1-1063,EVT-2026S1-0084,EQ-FAN-124,2026-02-04T12:52:00Z,2026-02-04T18:11:00Z,inspection,parts_ordered,319,7.08,316.19,2,"Réglage effectué, surveillance demandée à la prochaine ronde.",2026-S1
MNT-2026S1-1064,EVT-2026S1-X037,EQ-STEAM-341,2026-03-17T18:20:00Z,2026-03-17T20:17:00Z,corrective,monitoring,117,3.04,193.62,1,Contrôle visuel et essai fonctionnel réalisés.,2026-S1
MNT-2026S1-1065,EVT-2026S1-0204,EQ-FAN-244,2026-01-19T14:09:00Z,2026-01-19T18:20:00Z,inspection,resolved,251,5.16,277.62,3,Contrôle visuel et essai fonctionnel réalisés.,2026-S1
MNT-2026S1-1066,EVT-2026S1-0370,EQ-PUMP-270,2026-03-12T16:38:00Z,2026-03-12T20:10:00Z,corrective,resolved,212,5.54,337.51,3,"Cause non confirmée, mesures complémentaires nécessaires.",2026-S1
MNT-2026S1-1067,EVT-2026S1-0145,EQ-ROBOT-195,2026-06-03T09:10:00Z,2026-06-03T12:50:00Z,inspection,parts_ordered,220,5.4,455.96,2,Pièce remplacée puis remise en service progressive.,2026-S1
MNT-2026S1-1068,EVT-2026S1-0018,EQ-COMP-002,2026-05-18T09:57:00Z,2026-05-18T13:31:00Z,replacement,monitoring,214,4.7,188.87,1,"Réglage effectué, surveillance demandée à la prochaine ronde.",2026-S1
MNT-2026S1-1069,EVT-2026S1-0235,EQ-SENSOR-285,2026-05-14T12:59:00Z,2026-05-14T13:35:00Z,corrective,resolved,36,2.35,28.2,0,"Réglage effectué, surveillance demandée à la prochaine ronde.",2026-S1
MNT-2026S1-1070,EVT-2026S1-0078,EQ-ROBOT-358,2026-01-23T23:10:00Z,2026-01-24T00:55:00Z,inspection,parts_ordered,105,3.92,171.32,1,"Réglage effectué, surveillance demandée à la prochaine ronde.",2026-S1
MNT-2026S1-1071,EVT-2026S1-0467,EQ-CONV-137,2026-01-24T19:14:00Z,2026-01-24T22:21:00Z,preventive,resolved,187,3.57,42.85,0,Pièce remplacée puis remise en service progressive.,2026-S1
MNT-2026S1-1072,EVT-2026S1-0400,EQ-FAN-300,2026-04-01T14:23:00Z,2026-04-01T15:06:00Z,preventive,resolved,43,2.17,253.24,1,"Cause non confirmée, mesures complémentaires nécessaires.",2026-S1
MNT-2026S1-1073,EVT-2026S1-0333,EQ-OVEN-163,2026-04-23T04:22:00Z,,replacement,no_fault_found,16,0.25,116.0,1,Contrôle visuel et essai fonctionnel réalisés.,2026-S1
MNT-2026S1-1074,EVT-2026S1-0196,EQ-CONV-156,2026-01-03T17:12:00Z,2026-01-03T19:28:00Z,preventive,no_fault_found,136,4.21,113.88,1,Intervention préventive conforme au plan.,2026-S1
MNT-2026S1-1075,EVT-2026S1-0301,EQ-PUMP-111,2026-04-12T18:42:00Z,2026-04-12T22:27:00Z,corrective,resolved,225,3.6,121.75,1,Pièce remplacée puis remise en service progressive.,2026-S1
MNT-2026S1-1076,EVT-2026S1-0119,EQ-COMP-209,2026-02-28T05:09:00Z,2026-02-28T08:54:00Z,inspection,follow_up_required,225,4.91,483.47,3,Intervention préventive conforme au plan.,2026-S1
MNT-2026S1-1077,EVT-2026S1-0042,EQ-CONV-262,2026-02-27T10:15:00Z,2026-02-27T11:42:00Z,preventive,monitoring,87,2.85,240.02,1,Pièce remplacée puis remise en service progressive.,2026-S1
MNT-2026S1-1078,EVT-2026S1-0435,EQ-STEAM-385,2026-05-30T00:38:00Z,2026-05-30T02:17:00Z,corrective,resolved,99,2.67,31.98,0,Contrôle visuel et essai fonctionnel réalisés.,2026-S1
MNT-2026S1-1079,EVT-2026S1-0454,EQ-MIX-294,2026-05-11T02:03:00Z,2026-05-11T04:41:00Z,calibration,follow_up_required,158,4.47,273.85,1,"Cause non confirmée, mesures complémentaires nécessaires.",2026-S1
MNT-2026S1-1080,EVT-2026S1-0359,EQ-COMP-149,2026-03-26T00:22:00Z,2026-03-26T02:50:00Z,preventive,follow_up_required,148,3.9,176.37,1,"Cause non confirmée, mesures complémentaires nécessaires.",2026-S1
MNT-2026S1-1081,EVT-2026S1-0020,EQ-OVEN-002,2026-03-05T10:41:00Z,2026-03-05T15:47:00Z,inspection,follow_up_required,306,6.74,438.84,3,Intervention préventive conforme au plan.,2026-S1
MNT-2026S1-1082,EVT-2026S1-0005,EQ-PUMP-002,2026-01-27T09:19:00Z,2026-01-27T11:09:00Z,inspection,parts_ordered,110,1.93,243.95,1,Contrôle visuel et essai fonctionnel réalisés.,2026-S1
MNT-2026S1-1083,EVT-2026S1-0170,EQ-PUMP-170,2026-03-05T02:10:00Z,2026-03-05T04:43:00Z,preventive,follow_up_required,153,3.55,167.17,1,Pièce remplacée puis remise en service progressive.,2026-S1
MNT-2026S1-1084,EVT-2026S1-0035,EQ-MIX-001,2026-05-20T23:28:00Z,2026-05-21T00:09:00Z,preventive,no_fault_found,41,0.25,3.0,0,"Réglage effectué, surveillance demandée à la prochaine ronde.",2026-S1
MNT-2026S1-1085,EVT-2026S1-0467,EQ-CONV-137,2026-01-24T17:11:00Z,2026-01-24T21:14:00Z,calibration,follow_up_required,243,6.07,558.33,2,Contrôle visuel et essai fonctionnel réalisés.,2026-S1
MNT-2026S1-1086,EVT-2026S1-0275,EQ-SENSOR-125,2026-05-18T13:58:00Z,2026-05-18T16:05:00Z,replacement,resolved,127,4.06,48.72,0,Contrôle visuel et essai fonctionnel réalisés.,2026-S1
MNT-2026S1-1087,EVT-2026S1-0367,EQ-PRESS-237,2026-03-20T14:45:00Z,2026-03-20T20:05:00Z,calibration,monitoring,320,7.96,760.23,3,Contrôle visuel et essai fonctionnel réalisés.,2026-S1
MNT-2026S1-1088,EVT-2026S1-0374,EQ-PRESS-314,2026-02-28T04:34:00Z,2026-02-28T09:24:00Z,corrective,monitoring,290,5.14,263.32,2,"Cause non confirmée, mesures complémentaires nécessaires.",2026-S1
MNT-2026S1-1089,EVT-2026S1-0057,EQ-PUMP-127,2026-03-03T12:40:00Z,2026-03-03T15:34:00Z,calibration,no_fault_found,174,4.47,495.98,2,"Réglage effectué, surveillance demandée à la prochaine ronde.",2026-S1
MNT-2026S1-1090,EVT-2026S1-0169,EQ-MIX-159,2026-01-12T21:55:00Z,2026-01-12T23:35:00Z,replacement,monitoring,100,2.44,523.54,2,Intervention préventive conforme au plan.,2026-S1
MNT-2026S1-1091,EVT-2026S1-0359,EQ-COMP-149,2026-03-26T02:14:00Z,2026-03-26T05:24:00Z,corrective,resolved,190,4.24,382.9,3,"Réglage effectué, surveillance demandée à la prochaine ronde.",2026-S1
MNT-2026S1-1092,EVT-2026S1-0198,EQ-ROBOT-178,2026-01-27T02:29:00Z,2026-01-27T04:54:00Z,calibration,follow_up_required,145,2.28,210.05,1,Intervention préventive conforme au plan.,2026-S1
MNT-2026S1-1093,EVT-2026S1-0428,EQ-LIFT-308,2026-01-08T13:56:00Z,2026-01-08T17:39:00Z,preventive,follow_up_required,223,4.53,155.37,1,"Réglage effectué, surveillance demandée à la prochaine ronde.",2026-S1
MNT-2026S1-1094,EVT-2026S1-0365,EQ-ROBOT-215,2026-01-05T09:39:00Z,2026-01-05T13:10:00Z,corrective,no_fault_found,211,4.46,453.31,2,Intervention préventive conforme au plan.,2026-S1
MNT-2026S1-1095,EVT-2026S1-0410,EQ-VALVE-110,2026-02-06T13:42:00Z,2026-02-06T15:30:00Z,calibration,monitoring,108,3.32,39.79,0,"Cause non confirmée, mesures complémentaires nécessaires.",2026-S1
MNT-2026S1-1096,EVT-2026S1-0084,EQ-FAN-124,2026-02-04T11:37:00Z,2026-02-04T15:58:00Z,inspection,follow_up_required,261,6.34,687.4,3,"Cause non confirmée, mesures complémentaires nécessaires.",2026-S1
MNT-2026S1-1097,EVT-2026S1-0221,EQ-PUMP-131,2026-03-27T16:22:00Z,2026-03-27T18:25:00Z,corrective,resolved,123,5.55,66.59,0,Contrôle visuel et essai fonctionnel réalisés.,2026-S1
MNT-2026S1-1098,EVT-2026S1-0258,EQ-ROBOT-238,2026-02-04T21:46:00Z,2026-02-04T22:17:00Z,preventive,parts_ordered,31,1.86,278.8,1,Intervention préventive conforme au plan.,2026-S1
MNT-2026S1-1099,EVT-2026S1-0493,EQ-CAB-123,2026-04-26T19:58:00Z,2026-04-26T23:35:00Z,preventive,follow_up_required,217,6.03,162.52,2,"Cause non confirmée, mesures complémentaires nécessaires.",2026-S1
MNT-2026S1-1100,EVT-2026S1-0235,EQ-SENSOR-285,2026-05-14T12:43:00Z,2026-05-14T14:26:00Z,calibration,resolved,103,1.86,22.31,0,Contrôle visuel et essai fonctionnel réalisés.,2026-S1
MNT-2026S1-1101,EVT-2026S1-0478,EQ-FAN-001,2026-04-23T09:30:00Z,2026-04-23T11:05:00Z,preventive,monitoring,95,3.6,43.17,0,Contrôle visuel et essai fonctionnel réalisés.,2026-S1
MNT-2026S1-1102,EVT-2026S1-0234,EQ-PRESS-274,2026-04-16T22:24:00Z,2026-04-17T03:26:00Z,preventive,monitoring,302,6.16,514.93,2,Contrôle visuel et essai fonctionnel réalisés.,2026-S1
MNT-2026S1-1103,EVT-2026S1-0263,EQ-COMP-293,2026-05-22T20:34:00Z,2026-05-22T23:42:00Z,replacement,parts_ordered,188,5.63,67.53,0,Contrôle visuel et essai fonctionnel réalisés.,2026-S1
MNT-2026S1-1104,EVT-2026S1-0380,EQ-FAN-380,2026-02-07T08:36:00Z,2026-02-07T09:35:00Z,inspection,monitoring,59,1.85,22.25,0,Intervention préventive conforme au plan.,2026-S1
MNT-2026S1-1105,EVT-2026S1-0432,EQ-STEAM-352,2026-05-21T08:55:00Z,2026-05-21T10:49:00Z,replacement,resolved,114,5.25,249.79,2,"Réglage effectué, surveillance demandée à la prochaine ronde.",2026-S1
MNT-2026S1-1106,EVT-2026S1-0305,EQ-ROBOT-155,2026-03-13T04:30:00Z,2026-03-13T07:43:00Z,calibration,monitoring,193,5.21,175.09,1,Contrôle visuel et essai fonctionnel réalisés.,2026-S1
MNT-2026S1-1107,EVT-2026S1-0491,EQ-CAB-101,2026-01-26T01:07:00Z,2026-01-26T05:14:00Z,corrective,parts_ordered,247,6.09,801.76,5,"Cause non confirmée, mesures complémentaires nécessaires.",2026-S1
MNT-2026S1-1108,EVT-2026S1-0196,EQ-CONV-156,2026-01-03T17:34:00Z,2026-01-03T21:29:00Z,replacement,follow_up_required,235,3.84,240.35,1,Contrôle visuel et essai fonctionnel réalisés.,2026-S1
MNT-2026S1-1109,EVT-2026S1-0054,EQ-PRESS-394,2026-01-11T18:36:00Z,2026-01-11T22:26:00Z,preventive,no_fault_found,230,7.19,146.84,1,"Réglage effectué, surveillance demandée à la prochaine ronde.",2026-S1
MNT-2026S1-1110,EVT-2026S1-0169,EQ-MIX-159,2026-01-12T19:58:00Z,,inspection,resolved,109,3.35,208.95,1,Contrôle visuel et essai fonctionnel réalisés.,2026-S1
MNT-2026S1-1111,EVT-2026S1-0251,EQ-SENSOR-165,2026-01-04T09:30:00Z,2026-01-04T11:23:00Z,inspection,follow_up_required,113,3.63,43.51,0,Contrôle visuel et essai fonctionnel réalisés.,2026-S1
MNT-2026S1-1112,EVT-2026S1-0296,EQ-CONV-356,2026-06-19T11:05:00Z,2026-06-19T13:04:00Z,calibration,resolved,119,2.74,75.44,1,"Cause non confirmée, mesures complémentaires nécessaires.",2026-S1
MNT-2026S1-1113,EVT-2026S1-0013,EQ-CHILL-001,2026-01-02T15:02:00Z,2026-01-02T17:54:00Z,calibration,resolved,172,4.43,296.08,2,"Réglage effectué, surveillance demandée à la prochaine ronde.",2026-S1
MNT-2026S1-1114,EVT-2026S1-0284,EQ-FAN-224,2026-05-17T15:15:00Z,2026-05-17T19:56:00Z,corrective,follow_up_required,281,6.35,669.35,3,"Cause non confirmée, mesures complémentaires nécessaires.",2026-S1
MNT-2026S1-1115,EVT-2026S1-0057,EQ-PUMP-127,2026-03-03T12:52:00Z,2026-03-03T16:05:00Z,corrective,parts_ordered,193,6.07,154.04,1,Contrôle visuel et essai fonctionnel réalisés.,2026-S1
MNT-2026S1-1116,EVT-2026S1-0360,EQ-FAN-160,2026-01-14T04:33:00Z,2026-01-14T05:20:00Z,preventive,no_fault_found,47,0.51,6.08,0,"Cause non confirmée, mesures complémentaires nécessaires.",2026-S1
MNT-2026S1-1117,EVT-2026S1-0492,EQ-CAB-112,2026-05-25T10:29:00Z,2026-05-25T14:26:00Z,inspection,parts_ordered,237,8.79,794.32,3,Pièce remplacée puis remise en service progressive.,2026-S1
MNT-2026S1-1118,EVT-2026S1-0404,EQ-MOTOR-344,2026-01-27T13:50:00Z,2026-01-27T16:21:00Z,corrective,parts_ordered,151,4.47,278.62,1,Pièce remplacée puis remise en service progressive.,2026-S1
MNT-2026S1-1119,EVT-2026S1-0097,EQ-PUMP-267,2026-05-05T14:09:00Z,2026-05-05T16:53:00Z,calibration,parts_ordered,164,3.86,225.03,2,"Cause non confirmée, mesures complémentaires nécessaires.",2026-S1
MNT-2026S1-1120,EVT-2026S1-0342,EQ-CONV-262,2026-05-21T13:02:00Z,2026-05-21T14:29:00Z,replacement,parts_ordered,87,3.87,95.75,1,Pièce remplacée puis remise en service progressive.,2026-S1
MNT-2026S1-1121,EVT-2026S1-0474,EQ-PUMP-214,2026-05-18T18:00:00Z,2026-05-18T20:21:00Z,calibration,parts_ordered,141,6.42,211.93,1,Rappeler [personne] au [telephone].,2026-S1
MNT-2026S1-1122,EVT-2026S1-0061,EQ-PUMP-171,2026-01-15T20:03:00Z,2026-01-15T23:32:00Z,preventive,monitoring,209,5.38,303.58,1,Pièce remplacée puis remise en service progressive.,2026-S1
MNT-2026S1-1123,EVT-2026S1-0451,EQ-MIX-261,2026-02-23T03:49:00Z,2026-02-23T05:15:00Z,calibration,parts_ordered,86,1.1,13.25,0,Intervention préventive conforme au plan.,2026-S1
MNT-2026S1-1124,EVT-2026S1-X035,EQ-PUMP-187,2026-02-16T01:34:00Z,2026-02-16T03:38:00Z,replacement,follow_up_required,124,2.95,35.43,0,Contrôle visuel et essai fonctionnel réalisés.,2026-S1
MNT-2026S1-1125,EVT-2026S1-0062,EQ-CONV-182,2026-01-13T10:18:00Z,2026-01-13T12:25:00Z,replacement,resolved,127,1.4,155.85,2,Intervention préventive conforme au plan.,2026-S1
MNT-2026S1-1126,EVT-2026S1-X033,EQ-PUMP-006,2026-05-28T19:34:00Z,2026-05-28T21:38:00Z,inspection,follow_up_required,124,6.17,266.82,1,Pièce remplacée puis remise en service progressive.,2026-S1
MNT-2026S1-1127,EVT-2026S1-0268,EQ-CHILL-348,2026-04-14T18:35:00Z,2026-04-14T21:30:00Z,replacement,resolved,175,4.45,53.44,0,Intervention préventive conforme au plan.,2026-S1
MNT-2026S1-1128,EVT-2026S1-0259,EQ-COMP-249,2026-03-25T14:04:00Z,2026-03-25T16:35:00Z,corrective,monitoring,151,3.13,498.18,2,"Réglage effectué, surveillance demandée à la prochaine ronde.",2026-S1
MNT-2026S1-1129,EVT-2026S1-0319,EQ-COMP-309,2026-03-14T12:37:00Z,2026-03-14T15:54:00Z,replacement,resolved,197,3.16,85.15,1,Intervention préventive conforme au plan.,2026-S1
MNT-2026S1-1130,EVT-2026S1-0431,EQ-STEAM-341,2026-02-18T14:47:00Z,2026-02-18T16:02:00Z,corrective,parts_ordered,75,3.88,46.51,0,"Réglage effectué, surveillance demandée à la prochaine ronde.",2026-S1
MNT-2026S1-1131,EVT-2026S1-0143,EQ-COMP-173,2026-02-19T17:26:00Z,2026-02-19T19:58:00Z,inspection,resolved,152,4.87,214.81,1,Intervention préventive conforme au plan.,2026-S1
MNT-2026S1-1132,EVT-2026S1-0074,EQ-PRESS-314,2026-05-22T19:16:00Z,2026-05-23T00:10:00Z,calibration,resolved,294,6.18,590.78,2,"Cause non confirmée, mesures complémentaires nécessaires.",2026-S1
MNT-2026S1-1133,EVT-2026S1-X051,EQ-COMP-396,2026-03-21T19:04:00Z,2026-03-21T19:53:00Z,preventive,monitoring,49,1.8,185.77,2,Intervention préventive conforme au plan.,2026-S1
MNT-2026S1-1134,EVT-2026S1-0403,EQ-MOTOR-333,2026-04-14T08:30:00Z,2026-04-14T11:52:00Z,inspection,parts_ordered,202,3.72,480.5,2,"Cause non confirmée, mesures complémentaires nécessaires.",2026-S1
MNT-2026S1-1135,EVT-2026S1-0190,EQ-PUMP-390,2026-03-27T03:20:00Z,2026-03-27T06:41:00Z,inspection,follow_up_required,201,3.66,439.43,2,"Cause non confirmée, mesures complémentaires nécessaires.",2026-S1
MNT-2026S1-1136,EVT-2026S1-0037,EQ-ROBOT-003,2026-03-14T04:10:00Z,2026-03-14T05:35:00Z,preventive,monitoring,85,1.8,178.71,1,"Cause non confirmée, mesures complémentaires nécessaires.",2026-S1
MNT-2026S1-1137,EVT-2026S1-0251,EQ-SENSOR-165,2026-01-04T08:23:00Z,2026-01-04T09:55:00Z,replacement,parts_ordered,92,3.48,41.79,0,"Cause non confirmée, mesures complémentaires nécessaires.",2026-S1
MNT-2026S1-1138,EVT-2026S1-0436,EQ-COMP-396,2026-02-14T02:40:00Z,2026-02-14T03:23:00Z,inspection,follow_up_required,43,1.74,20.84,0,"Réglage effectué, surveillance demandée à la prochaine ronde.",2026-S1
MNT-2026S1-1139,EVT-2026S1-0141,EQ-PUMP-151,2026-04-19T00:13:00Z,2026-04-19T03:13:00Z,replacement,resolved,180,3.03,233.24,1,"Réglage effectué, surveillance demandée à la prochaine ronde.",2026-S1
MNT-2026S1-1140,EVT-2026S1-X009,EQ-COMP-233,2026-06-07T21:45:00Z,2026-06-08T01:17:00Z,corrective,parts_ordered,212,3.87,242.38,1,Contrôle visuel et essai fonctionnel réalisés.,2026-S1
MNT-2026S1-1141,EVT-2026S1-0147,EQ-PRESS-217,2026-04-22T21:36:00Z,2026-04-23T01:12:00Z,replacement,no_fault_found,216,6.27,479.28,3,Contrôle visuel et essai fonctionnel réalisés.,2026-S1
MNT-2026S1-1142,EVT-2026S1-0124,EQ-FAN-264,2026-01-20T02:42:00Z,2026-01-20T06:56:00Z,inspection,resolved,254,7.65,311.64,2,"Cause non confirmée, mesures complémentaires nécessaires.",2026-S1
MNT-2026S1-1143,EVT-2026S1-0003,EQ-COMP-002,2026-04-11T07:58:00Z,2026-04-11T11:07:00Z,preventive,follow_up_required,189,5.14,384.85,2,"Réglage effectué, surveillance demandée à la prochaine ronde.",2026-S1
MNT-2026S1-1144,EVT-2026S1-X026,EQ-MIX-379,2026-03-08T17:52:00Z,2026-03-08T19:25:00Z,inspection,parts_ordered,93,1.92,23.0,0,"Réglage effectué, surveillance demandée à la prochaine ronde.",2026-S1
MNT-2026S1-1145,EVT-2026S1-0065,EQ-ROBOT-215,2026-01-19T23:53:00Z,2026-01-20T03:17:00Z,replacement,follow_up_required,204,3.92,341.16,2,Intervention préventive conforme au plan.,2026-S1
MNT-2026S1-1146,EVT-2026S1-0017,EQ-ROBOT-002,2026-06-16T15:26:00Z,2026-06-16T18:10:00Z,replacement,follow_up_required,164,2.83,113.86,1,Contrôle visuel et essai fonctionnel réalisés.,2026-S1
MNT-2026S1-1147,EVT-2026S1-0237,EQ-PUMP-307,2026-03-14T03:32:00Z,,corrective,parts_ordered,146,4.52,524.89,2,"Réglage effectué, surveillance demandée à la prochaine ronde.",2026-S1
MNT-2026S1-1148,EVT-2026S1-0430,EQ-LIFT-330,2026-04-14T01:12:00Z,2026-04-14T03:00:00Z,corrective,no_fault_found,108,3.96,300.79,1,Contrôle visuel et essai fonctionnel réalisés.,2026-S1
MNT-2026S1-1149,EVT-2026S1-X007,EQ-STEAM-352,2026-06-03T23:01:00Z,2026-06-04T02:28:00Z,inspection,parts_ordered,207,4.89,379.03,3,Contrôle visuel et essai fonctionnel réalisés.,2026-S1
MNT-2026S1-1150,EVT-2026S1-0316,EQ-CONV-276,2026-01-14T18:27:00Z,2026-01-14T21:14:00Z,calibration,resolved,167,3.84,46.04,0,"Réglage effectué, surveillance demandée à la prochaine ronde.",2026-S1
MNT-2026S1-1151,EVT-2026S1-0414,EQ-GEAR-154,2026-05-07T05:19:00Z,2026-05-07T08:05:00Z,replacement,parts_ordered,166,5.61,270.5,1,"Cause non confirmée, mesures complémentaires nécessaires.",2026-S1
MNT-2026S1-1152,EVT-2026S1-0313,EQ-OVEN-243,2026-04-19T17:24:00Z,2026-04-19T18:00:00Z,replacement,parts_ordered,36,0.8,9.64,0,Contrôle visuel et essai fonctionnel réalisés.,2026-S1
MNT-2026S1-1153,EVT-2026S1-0470,EQ-CONV-170,2026-03-16T20:58:00Z,2026-03-17T00:28:00Z,preventive,follow_up_required,210,5.18,194.11,1,Pièce remplacée puis remise en service progressive.,2026-S1
MNT-2026S1-1154,EVT-2026S1-0134,EQ-PRESS-374,2026-02-13T21:33:00Z,2026-02-14T03:16:00Z,replacement,parts_ordered,343,6.43,788.79,3,Contrôle visuel et essai fonctionnel réalisés.,2026-S1
MNT-2026S1-1155,EVT-2026S1-0190,EQ-PUMP-390,2026-03-27T02:18:00Z,2026-03-27T04:34:00Z,preventive,follow_up_required,136,6.19,763.81,3,Intervention préventive conforme au plan.,2026-S1
MNT-2026S1-1156,EVT-2026S1-0165,EQ-ROBOT-115,2026-05-15T08:33:00Z,2026-05-15T10:49:00Z,calibration,resolved,136,3.68,418.25,2,Contrôle visuel et essai fonctionnel réalisés.,2026-S1
MNT-2026S1-1157,EVT-2026S1-0261,EQ-PUMP-271,2026-02-08T18:18:00Z,2026-02-08T21:02:00Z,preventive,parts_ordered,164,4.14,505.94,2,"Cause non confirmée, mesures complémentaires nécessaires.",2026-S1
MNT-2026S1-1158,EVT-2026S1-0002,EQ-CONV-003,2026-05-22T16:20:00Z,2026-05-22T17:38:00Z,inspection,no_fault_found,78,3.36,40.38,0,Intervention préventive conforme au plan.,2026-S1
MNT-2026S1-1159,EVT-2026S1-0248,EQ-CHILL-128,2026-03-15T02:52:00Z,2026-03-15T05:57:00Z,corrective,follow_up_required,185,5.8,314.53,1,"Cause non confirmée, mesures complémentaires nécessaires.",2026-S1
MNT-2026S1-1160,EVT-2026S1-0249,EQ-MIX-139,2026-04-16T16:34:00Z,2026-04-16T18:22:00Z,calibration,parts_ordered,108,2.78,33.38,0,"Réglage effectué, surveillance demandée à la prochaine ronde.",2026-S1
MNT-2026S1-1161,EVT-2026S1-X027,EQ-CAB-134,2026-01-18T07:51:00Z,2026-01-18T11:18:00Z,preventive,no_fault_found,207,4.66,92.63,1,"Réglage effectué, surveillance demandée à la prochaine ronde.",2026-S1
MNT-2026S1-1162,EVT-2026S1-0485,EQ-SENSOR-305,2026-02-13T06:39:00Z,2026-02-13T09:58:00Z,preventive,parts_ordered,199,3.82,121.21,1,Intervention préventive conforme au plan.,2026-S1
MNT-2026S1-1163,EVT-2026S1-0185,EQ-ROBOT-335,2026-01-05T12:57:00Z,2026-01-05T17:34:00Z,inspection,no_fault_found,277,6.67,675.67,3,Pièce remplacée puis remise en service progressive.,2026-S1
MNT-2026S1-1164,EVT-2026S1-0365,EQ-ROBOT-215,2026-01-05T09:26:00Z,2026-01-05T12:37:00Z,corrective,resolved,191,4.99,155.84,1,"Cause non confirmée, mesures complémentaires nécessaires.",2026-S1
MNT-2026S1-1165,EVT-2026S1-0220,EQ-FAN-120,2026-03-30T01:36:00Z,2026-03-30T02:36:00Z,inspection,follow_up_required,60,1.14,232.99,1,"Réglage effectué, surveillance demandée à la prochaine ronde.",2026-S1
MNT-2026S1-1166,EVT-2026S1-0389,EQ-MIX-179,2026-04-17T01:55:00Z,2026-04-17T03:25:00Z,preventive,parts_ordered,90,2.99,35.9,0,Pièce remplacée puis remise en service progressive.,2026-S1
MNT-2026S1-1167,EVT-2026S1-0147,EQ-PRESS-217,2026-04-22T21:01:00Z,2026-04-23T02:48:00Z,corrective,monitoring,347,6.7,568.84,3,Pièce remplacée puis remise en service progressive.,2026-S1
MNT-2026S1-1168,EVT-2026S1-0451,EQ-MIX-261,2026-02-23T03:19:00Z,2026-02-23T04:24:00Z,preventive,parts_ordered,65,2.34,120.47,1,"Réglage effectué, surveillance demandée à la prochaine ronde.",2026-S1
MNT-2026S1-1169,EVT-2026S1-0276,EQ-CONV-136,2026-03-26T02:42:00Z,2026-03-26T05:04:00Z,replacement,resolved,142,6.05,563.41,2,"Réglage effectué, surveillance demandée à la prochaine ronde.",2026-S1
MNT-2026S1-1170,EVT-2026S1-0289,EQ-MIX-279,2026-01-12T23:16:00Z,2026-01-13T00:24:00Z,replacement,parts_ordered,68,1.78,217.94,1,"Réglage effectué, surveillance demandée à la prochaine ronde.",2026-S1
MNT-2026S1-1171,EVT-2026S1-0016,EQ-MIX-001,2026-04-05T00:54:00Z,2026-04-05T01:09:00Z,replacement,no_fault_found,7,1.43,17.18,0,"Réglage effectué, surveillance demandée à la prochaine ronde.",2026-S1
MNT-2026S1-1172,EVT-2026S1-0281,EQ-PUMP-191,2026-03-07T00:54:00Z,2026-03-07T03:12:00Z,preventive,parts_ordered,138,2.91,314.7,2,Contrôle visuel et essai fonctionnel réalisés.,2026-S1
MNT-2026S1-1173,EVT-2026S1-0121,EQ-PUMP-231,2026-02-06T15:38:00Z,2026-02-06T18:02:00Z,calibration,follow_up_required,144,4.52,54.28,0,Intervention préventive conforme au plan.,2026-S1
MNT-2026S1-1174,EVT-2026S1-0098,EQ-ROBOT-278,2026-01-29T23:42:00Z,2026-01-30T00:49:00Z,corrective,no_fault_found,67,3.2,266.48,1,Intervention préventive conforme au plan.,2026-S1
MNT-2026S1-1175,EVT-2026S1-0329,EQ-MIX-119,2026-04-07T01:31:00Z,2026-04-07T03:00:00Z,corrective,resolved,89,3.71,44.51,0,Pièce remplacée puis remise en service progressive.,2026-S1
MNT-2026S1-1176,EVT-2026S1-X005,EQ-FAN-200,2026-05-25T07:14:00Z,2026-05-25T08:56:00Z,calibration,parts_ordered,102,1.68,20.15,0,"Réglage effectué, surveillance demandée à la prochaine ronde.",2026-S1
MNT-2026S1-1177,EVT-2026S1-0289,EQ-MIX-279,2026-01-12T20:31:00Z,2026-01-12T22:10:00Z,calibration,follow_up_required,99,2.58,30.98,0,Pièce remplacée puis remise en service progressive.,2026-S1
MNT-2026S1-1178,EVT-2026S1-0015,EQ-PUMP-001,2026-06-18T04:15:00Z,2026-06-18T05:44:00Z,replacement,follow_up_required,89,2.15,66.06,1,Contrôle visuel et essai fonctionnel réalisés.,2026-S1
MNT-2026S1-1179,EVT-2026S1-0178,EQ-ROBOT-258,2026-06-19T13:58:00Z,2026-06-19T16:01:00Z,preventive,monitoring,123,1.96,383.61,2,Pièce remplacée puis remise en service progressive.,2026-S1
MNT-2026S1-1180,EVT-2026S1-X002,EQ-ROBOT-175,2026-04-21T20:35:00Z,2026-04-21T23:03:00Z,inspection,resolved,148,2.25,26.97,0,Contrôle visuel et essai fonctionnel réalisés.,2026-S1
MNT-2026S1-1181,EVT-2026S1-0484,EQ-CHILL-115,2026-06-06T15:32:00Z,2026-06-06T18:22:00Z,inspection,no_fault_found,170,5.83,69.91,0,Pièce remplacée puis remise en service progressive.,2026-S1
MNT-2026S1-1182,EVT-2026S1-0320,EQ-FAN-320,2026-06-06T17:39:00Z,2026-06-06T18:22:00Z,preventive,follow_up_required,43,2.61,31.33,0,Intervention préventive conforme au plan.,2026-S1
MNT-2026S1-1183,EVT-2026S1-0298,EQ-ROBOT-378,2026-05-04T07:25:00Z,2026-05-04T10:04:00Z,calibration,no_fault_found,159,3.39,40.69,0,Pièce remplacée puis remise en service progressive.,2026-S1
MNT-2026S1-1184,EVT-2026S1-0360,EQ-FAN-160,2026-01-14T04:49:00Z,,preventive,no_fault_found,43,2.7,32.42,0,Contrôle visuel et essai fonctionnel réalisés.,2026-S1
MNT-2026S1-1185,EVT-2026S1-0225,EQ-ROBOT-175,2026-01-20T21:32:00Z,2026-01-21T00:18:00Z,preventive,resolved,166,3.98,545.54,2,"Réglage effectué, surveillance demandée à la prochaine ronde.",2026-S1
MNT-2026S1-1186,EVT-2026S1-0013,EQ-CHILL-001,2026-01-02T15:03:00Z,2026-01-02T18:18:00Z,calibration,monitoring,195,3.47,488.81,2,"Cause non confirmée, mesures complémentaires nécessaires.",2026-S1
MNT-2026S1-1187,EVT-2026S1-0286,EQ-OVEN-246,2026-05-12T01:39:00Z,2026-05-12T05:38:00Z,calibration,monitoring,239,4.31,375.33,4,"Cause non confirmée, mesures complémentaires nécessaires.",2026-S1
MNT-2026S1-1188,EVT-2026S1-0182,EQ-CONV-302,2026-01-17T06:03:00Z,2026-01-17T07:37:00Z,inspection,parts_ordered,94,4.25,51.04,0,Intervention préventive conforme au plan.,2026-S1
MNT-2026S1-1189,EVT-2026S1-0451,EQ-MIX-261,2026-02-23T04:59:00Z,2026-02-23T08:14:00Z,preventive,monitoring,195,3.76,126.82,1,"Cause non confirmée, mesures complémentaires nécessaires.",2026-S1
MNT-2026S1-1191,EVT-2026S1-0307,EQ-PRESS-177,2026-02-23T09:37:00Z,2026-02-23T14:30:00Z,preventive,parts_ordered,293,7.38,581.99,4,"Réglage effectué, surveillance demandée à la prochaine ronde.",2026-S1
MNT-2026S1-1192,EVT-2026S1-0100,EQ-FAN-300,2026-06-16T17:39:00Z,2026-06-16T19:14:00Z,inspection,monitoring,95,0.63,7.51,0,"Cause non confirmée, mesures complémentaires nécessaires.",2026-S1
MNT-2026S1-1193,EVT-2026S1-0213,EQ-OVEN-343,2026-05-06T05:37:00Z,2026-05-06T06:53:00Z,calibration,parts_ordered,76,2.01,104.57,1,Contrôle visuel et essai fonctionnel réalisés.,2026-S1
MNT-2026S1-1194,EVT-2026S1-0414,EQ-GEAR-154,2026-05-07T03:32:00Z,2026-05-07T06:11:00Z,calibration,parts_ordered,159,4.44,53.27,0,Intervention préventive conforme au plan.,2026-S1
MNT-2026S1-1195,EVT-2026S1-0430,EQ-LIFT-330,2026-04-14T03:08:00Z,2026-04-14T06:03:00Z,preventive,no_fault_found,175,4.89,58.74,0,"Cause non confirmée, mesures complémentaires nécessaires.",2026-S1
MNT-2026S1-1196,EVT-2026S1-0021,EQ-PUMP-004,2026-06-12T22:31:00Z,2026-06-13T00:46:00Z,replacement,no_fault_found,135,3.74,357.73,2,Pièce remplacée puis remise en service progressive.,2026-S1
MNT-2026S1-1197,EVT-2026S1-0404,EQ-MOTOR-344,2026-01-27T12:57:00Z,2026-01-27T17:17:00Z,preventive,no_fault_found,260,5.07,493.01,2,"Cause non confirmée, mesures complémentaires nécessaires.",2026-S1
MNT-2026S1-1198,EVT-2026S1-0263,EQ-COMP-293,2026-05-22T21:23:00Z,2026-05-23T00:15:00Z,preventive,monitoring,172,4.63,227.34,2,Contrôle visuel et essai fonctionnel réalisés.,2026-S1
MNT-2026S1-1199,EVT-2026S1-0301,EQ-PUMP-111,2026-04-12T20:27:00Z,2026-04-12T22:56:00Z,corrective,follow_up_required,149,2.64,31.73,0,Contrôle visuel et essai fonctionnel réalisés.,2026-S1
MNT-2026S1-1200,EVT-2026S1-0395,EQ-SENSOR-245,2026-01-25T15:23:00Z,2026-01-25T17:15:00Z,corrective,follow_up_required,112,3.3,39.6,0,Pièce remplacée puis remise en service progressive.,2026-S1
MNT-2026S1-1201,EVT-2026S1-0204,EQ-FAN-244,2026-01-19T13:21:00Z,2026-01-19T17:42:00Z,replacement,parts_ordered,261,8.31,303.38,5,"Cause non confirmée, mesures complémentaires nécessaires.",2026-S1
MNT-2026S1-1202,EVT-2026S1-0374,EQ-PRESS-314,2026-02-28T03:27:00Z,2026-02-28T08:05:00Z,calibration,monitoring,278,7.32,390.15,4,Intervention préventive conforme au plan.,2026-S1
MNT-2026S1-1203,EVT-2026S1-0362,EQ-CONV-182,2026-05-31T04:17:00Z,2026-05-31T06:01:00Z,replacement,follow_up_required,104,3.07,667.36,3,Intervention préventive conforme au plan.,2026-S1
MNT-2026S1-1204,EVT-2026S1-0475,EQ-PUMP-225,2026-03-21T11:55:00Z,2026-03-21T14:57:00Z,inspection,resolved,182,4.67,56.08,0,Contrôle visuel et essai fonctionnel réalisés.,2026-S1
MNT-2026S1-1205,EVT-2026S1-0099,EQ-COMP-289,2026-02-03T05:09:00Z,2026-02-03T07:29:00Z,calibration,no_fault_found,140,2.65,381.79,2,Pièce remplacée puis remise en service progressive.,2026-S1
MNT-2026S1-1206,EVT-2026S1-0389,EQ-MIX-179,2026-04-17T00:09:00Z,2026-04-17T03:24:00Z,replacement,resolved,195,3.17,344.42,2,Intervention préventive conforme au plan.,2026-S1
MNT-2026S1-1207,EVT-2026S1-0295,EQ-SENSOR-345,2026-05-11T23:59:00Z,2026-05-12T02:00:00Z,calibration,no_fault_found,121,3.33,39.99,0,"Réglage effectué, surveillance demandée à la prochaine ronde.",2026-S1
MNT-2026S1-1208,EVT-2026S1-0392,EQ-PRESS-117,2026-04-06T22:36:00Z,2026-04-07T00:17:00Z,calibration,no_fault_found,101,3.01,36.18,0,"Réglage effectué, surveillance demandée à la prochaine ronde.",2026-S1
MNT-2026S1-1209,EVT-2026S1-0029,EQ-COMP-003,2026-03-13T17:16:00Z,2026-03-13T20:03:00Z,calibration,monitoring,167,3.1,263.7,1,Intervention préventive conforme au plan.,2026-S1
MNT-2026S1-1210,EVT-2026S1-0217,EQ-PUMP-387,2026-05-03T18:24:00Z,2026-05-03T21:08:00Z,replacement,parts_ordered,164,5.31,309.51,1,"Cause non confirmée, mesures complémentaires nécessaires.",2026-S1
MNT-2026S1-1211,EVT-2026S1-0064,EQ-FAN-204,2026-05-07T13:26:00Z,2026-05-07T17:34:00Z,calibration,resolved,248,7.57,210.83,1,"Cause non confirmée, mesures complémentaires nécessaires.",2026-S1
MNT-2026S1-1212,EVT-2026S1-0430,EQ-LIFT-330,2026-04-14T02:35:00Z,2026-04-14T04:56:00Z,replacement,monitoring,141,3.95,427.38,2,Pièce remplacée puis remise en service progressive.,2026-S1
MNT-2026S1-1213,EVT-2026S1-0191,EQ-EXTRA-405,2026-01-24T18:40:00Z,2026-01-24T19:55:00Z,calibration,parts_ordered,75,2.64,31.68,0,Contrôle visuel et essai fonctionnel réalisés.,2026-S1
MNT-2026S1-1214,EVT-2026S1-0131,EQ-EXTRA-420,2026-06-12T01:03:00Z,2026-06-12T03:21:00Z,preventive,parts_ordered,138,3.48,469.02,2,Pièce remplacée puis remise en service progressive.,2026-S1
MNT-2026S1-1215,EVT-2026S1-0107,EQ-PRESS-377,2026-05-22T20:17:00Z,2026-05-23T00:04:00Z,replacement,monitoring,227,6.9,475.92,3,Contrôle visuel et essai fonctionnel réalisés.,2026-S1
MNT-2026S1-1216,EVT-2026S1-0246,EQ-OVEN-106,2026-01-12T09:17:00Z,2026-01-12T12:00:00Z,corrective,follow_up_required,163,3.48,164.98,2,"Réglage effectué, surveillance demandée à la prochaine ronde.",2026-S1
MNT-2026S1-1217,EVT-2026S1-0495,EQ-CAB-145,2026-06-15T13:52:00Z,2026-06-15T18:44:00Z,corrective,parts_ordered,292,7.13,656.67,4,Pièce remplacée puis remise en service progressive.,2026-S1
MNT-2026S1-1218,EVT-2026S1-0280,EQ-FAN-180,2026-06-17T15:10:00Z,2026-06-17T16:59:00Z,replacement,follow_up_required,109,2.21,26.5,0,Contrôle visuel et essai fonctionnel réalisés.,2026-S1
MNT-2026S1-1219,EVT-2026S1-0022,EQ-FAN-003,2026-04-30T22:26:00Z,2026-04-30T22:41:00Z,calibration,monitoring,6,1.91,22.94,0,"Réglage effectué, surveillance demandée à la prochaine ronde.",2026-S1
MNT-2026S1-1220,EVT-2026S1-0277,EQ-PUMP-147,2026-02-03T21:44:00Z,2026-02-04T01:05:00Z,calibration,resolved,201,4.99,247.46,1,Contrôle visuel et essai fonctionnel réalisés.,2026-S1
MNT-2026S1-1221,EVT-2026S1-0414,EQ-GEAR-154,2026-05-07T05:41:00Z,,corrective,monitoring,164,4.11,301.11,1,Pièce remplacée puis remise en service progressive.,2026-S1
MNT-2026S1-1222,EVT-2026S1-0284,EQ-FAN-224,2026-05-17T13:44:00Z,2026-05-17T19:29:00Z,replacement,follow_up_required,345,8.42,101.0,0,Pièce remplacée puis remise en service progressive.,2026-S1
MNT-2026S1-1223,EVT-2026S1-0274,EQ-PRESS-114,2026-04-03T18:05:00Z,2026-04-03T21:49:00Z,preventive,no_fault_found,224,6.53,688.59,3,Contrôle visuel et essai fonctionnel réalisés.,2026-S1
MNT-2026S1-1224,EVT-2026S1-X030,EQ-VALVE-388,2026-03-03T20:47:00Z,2026-03-03T23:14:00Z,corrective,resolved,147,2.07,209.32,2,Contrôle visuel et essai fonctionnel réalisés.,2026-S1
MNT-2026S1-1225,EVT-2026S1-0270,EQ-PUMP-370,2026-01-30T10:04:00Z,2026-01-30T13:24:00Z,replacement,monitoring,200,2.81,225.55,1,Intervention préventive conforme au plan.,2026-S1
MNT-2026S1-1226,EVT-2026S1-0457,EQ-VALVE-327,2026-04-05T15:16:00Z,2026-04-05T16:34:00Z,inspection,follow_up_required,78,1.08,12.91,0,Pièce remplacée puis remise en service progressive.,2026-S1
MNT-2026S1-1227,EVT-2026S1-0373,EQ-OVEN-303,2026-01-29T12:06:00Z,2026-01-29T12:44:00Z,replacement,resolved,38,1.25,15.05,0,"Cause non confirmée, mesures complémentaires nécessaires.",2026-S1
MNT-2026S1-1228,EVT-2026S1-0015,EQ-PUMP-001,2026-06-18T03:55:00Z,2026-06-18T04:10:00Z,preventive,parts_ordered,1,1.38,184.87,1,Pièce remplacée puis remise en service progressive.,2026-S1
MNT-2026S1-1229,EVT-2026S1-0053,EQ-OVEN-383,2026-02-02T16:44:00Z,2026-02-02T17:55:00Z,calibration,monitoring,71,0.96,11.5,0,Contrôle visuel et essai fonctionnel réalisés.,2026-S1
MNT-2026S1-1230,EVT-2026S1-0009,EQ-COMP-001,2026-01-07T03:53:00Z,2026-01-07T06:45:00Z,calibration,parts_ordered,172,3.76,497.95,2,"Réglage effectué, surveillance demandée à la prochaine ronde.",2026-S1
MNT-2026S1-1231,EVT-2026S1-0066,EQ-OVEN-226,2026-02-03T21:33:00Z,2026-02-04T00:13:00Z,corrective,resolved,160,2.47,73.7,1,"Cause non confirmée, mesures complémentaires nécessaires.",2026-S1
MNT-2026S1-1232,EVT-2026S1-0387,EQ-PRESS-157,2026-02-02T12:52:00Z,2026-02-02T18:32:00Z,corrective,monitoring,340,7.69,672.89,4,"Réglage effectué, surveillance demandée à la prochaine ronde.",2026-S1
MNT-2026S1-1233,EVT-2026S1-X004,EQ-OVEN-123,2026-03-04T02:25:00Z,2026-03-04T07:21:00Z,preventive,parts_ordered,296,4.99,212.51,1,"Réglage effectué, surveillance demandée à la prochaine ronde.",2026-S1
MNT-2026S1-1234,EVT-2026S1-0357,EQ-PUMP-127,2026-05-25T07:20:00Z,2026-05-25T09:41:00Z,replacement,follow_up_required,141,4.29,51.44,0,"Réglage effectué, surveillance demandée à la prochaine ronde.",2026-S1
MNT-2026S1-1235,EVT-2026S1-0302,EQ-CONV-122,2026-04-15T08:59:00Z,2026-04-15T11:34:00Z,corrective,monitoring,155,3.14,419.61,2,Contrôle visuel et essai fonctionnel réalisés.,2026-S1
MNT-2026S1-1236,EVT-2026S1-0077,EQ-PUMP-347,2026-04-12T10:21:00Z,2026-04-12T13:53:00Z,replacement,no_fault_found,212,5.83,308.46,1,Intervention préventive conforme au plan.,2026-S1
MNT-2026S1-1237,EVT-2026S1-0138,EQ-ROBOT-118,2026-04-22T18:08:00Z,2026-04-22T19:15:00Z,replacement,resolved,67,2.39,28.62,0,"Réglage effectué, surveillance demandée à la prochaine ronde.",2026-S1
MNT-2026S1-1238,EVT-2026S1-X035,EQ-PUMP-187,2026-02-16T01:34:00Z,2026-02-16T03:50:00Z,inspection,parts_ordered,136,3.45,420.93,3,"Réglage effectué, surveillance demandée à la prochaine ronde.",2026-S1
MNT-2026S1-1239,EVT-2026S1-0281,EQ-PUMP-191,2026-03-07T00:41:00Z,2026-03-07T03:02:00Z,calibration,parts_ordered,141,3.7,171.01,1,Intervention préventive conforme au plan.,2026-S1
MNT-2026S1-1240,EVT-2026S1-0043,EQ-COMP-273,2026-05-07T06:35:00Z,2026-05-07T09:10:00Z,preventive,no_fault_found,155,4.82,268.39,1,Contrôle visuel et essai fonctionnel réalisés.,2026-S1
MNT-2026S1-1241,EVT-2026S1-0241,EQ-PUMP-351,2026-05-20T08:55:00Z,2026-05-20T11:33:00Z,preventive,monitoring,158,2.45,29.36,0,Intervention préventive conforme au plan.,2026-S1
MNT-2026S1-1242,EVT-2026S1-0122,EQ-CONV-242,2026-02-28T05:55:00Z,2026-02-28T08:53:00Z,preventive,resolved,178,2.61,244.33,1,Contrôle visuel et essai fonctionnel réalisés.,2026-S1
MNT-2026S1-1243,EVT-2026S1-0234,EQ-PRESS-274,2026-04-16T23:42:00Z,2026-04-17T03:51:00Z,corrective,resolved,249,6.8,234.72,3,Intervention préventive conforme au plan.,2026-S1
MNT-2026S1-1244,EVT-2026S1-X009,EQ-COMP-233,2026-06-07T21:26:00Z,2026-06-07T23:54:00Z,corrective,parts_ordered,148,5.07,451.65,2,"Cause non confirmée, mesures complémentaires nécessaires.",2026-S1
MNT-2026S1-1245,EVT-2026S1-0435,EQ-STEAM-385,2026-05-30T01:10:00Z,2026-05-30T02:46:00Z,inspection,parts_ordered,96,1.5,250.83,1,Pièce remplacée puis remise en service progressive.,2026-S1
MNT-2026S1-1246,EVT-2026S1-0383,EQ-COMP-113,2026-02-04T13:09:00Z,2026-02-04T15:37:00Z,replacement,monitoring,148,2.87,765.39,3,"Réglage effectué, surveillance demandée à la prochaine ronde.",2026-S1
MNT-2026S1-1247,EVT-2026S1-X031,EQ-PUMP-181,2026-02-06T18:35:00Z,2026-02-06T19:49:00Z,inspection,monitoring,74,3.16,37.97,0,Contrôle visuel et essai fonctionnel réalisés.,2026-S1
MNT-2026S1-1248,EVT-2026S1-0405,EQ-MOTOR-355,2026-04-03T00:09:00Z,2026-04-03T04:08:00Z,inspection,resolved,239,6.1,441.13,2,"Réglage effectué, surveillance demandée à la prochaine ronde.",2026-S1
MNT-2026S1-1249,EVT-2026S1-0254,EQ-PRESS-194,2026-04-02T18:33:00Z,2026-04-02T23:43:00Z,inspection,parts_ordered,310,6.92,306.4,2,"Cause non confirmée, mesures complémentaires nécessaires.",2026-S1
MNT-2026S1-1250,EVT-2026S1-0321,EQ-PUMP-331,2026-06-06T14:51:00Z,2026-06-06T17:31:00Z,corrective,no_fault_found,160,3.69,553.06,2,"Cause non confirmée, mesures complémentaires nécessaires.",2026-S1
MNT-2026S1-1251,EVT-2026S1-0077,EQ-PUMP-347,2026-04-12T12:46:00Z,2026-04-12T16:26:00Z,calibration,monitoring,220,3.23,38.76,0,"Réglage effectué, surveillance demandée à la prochaine ronde.",2026-S1
MNT-2026S1-1252,EVT-2026S1-0386,EQ-OVEN-146,2026-03-21T06:37:00Z,2026-03-21T09:52:00Z,calibration,follow_up_required,195,5.94,197.24,1,Contrôle visuel et essai fonctionnel réalisés.,2026-S1
MNT-2026S1-1253,EVT-2026S1-X050,EQ-ROBOT-158,2026-05-09T10:41:00Z,2026-05-09T12:55:00Z,preventive,resolved,134,1.61,126.18,2,Pièce remplacée puis remise en service progressive.,2026-S1
MNT-2026S1-1254,EVT-2026S1-0098,EQ-ROBOT-278,2026-01-30T00:38:00Z,2026-01-30T02:21:00Z,preventive,follow_up_required,103,2.2,26.41,0,Pièce remplacée puis remise en service progressive.,2026-S1
MNT-2026S1-1255,EVT-2026S1-0212,EQ-VALVE-316,2026-06-18T18:57:00Z,2026-06-18T20:17:00Z,corrective,no_fault_found,80,1.69,20.31,0,"Cause non confirmée, mesures complémentaires nécessaires.",2026-S1
MNT-2026S1-1256,EVT-2026S1-0073,EQ-OVEN-303,2026-05-21T10:31:00Z,2026-05-21T11:16:00Z,preventive,parts_ordered,45,1.39,462.47,2,Contrôle visuel et essai fonctionnel réalisés.,2026-S1
MNT-2026S1-1257,EVT-2026S1-0186,EQ-OVEN-346,2026-03-30T04:23:00Z,2026-03-30T08:14:00Z,calibration,no_fault_found,231,5.23,644.94,3,Intervention préventive conforme au plan.,2026-S1
MNT-2026S1-1258,EVT-2026S1-0367,EQ-PRESS-237,2026-03-20T17:21:00Z,,preventive,no_fault_found,350,8.19,272.11,2,Intervention préventive conforme au plan.,2026-S1
MNT-2026S1-1259,EVT-2026S1-0064,EQ-FAN-204,2026-05-07T14:36:00Z,2026-05-07T19:58:00Z,inspection,monitoring,322,8.33,374.16,3,Pièce remplacée puis remise en service progressive.,2026-S1
MNT-2026S1-1260,EVT-2026S1-0259,EQ-COMP-249,2026-03-25T13:02:00Z,2026-03-25T16:42:00Z,calibration,follow_up_required,220,5.13,204.73,2,Contrôle visuel et essai fonctionnel réalisés.,2026-S1
MNT-2026S1-1261,EVT-2026S1-0229,EQ-MIX-219,2026-02-21T07:35:00Z,2026-02-21T09:05:00Z,replacement,resolved,90,3.05,78.75,1,"Cause non confirmée, mesures complémentaires nécessaires.",2026-S1
MNT-2026S1-1262,EVT-2026S1-0279,EQ-COMP-169,2026-03-02T16:05:00Z,2026-03-02T17:55:00Z,preventive,monitoring,110,3.61,43.34,0,"Réglage effectué, surveillance demandée à la prochaine ronde.",2026-S1
MNT-2026S1-1263,EVT-2026S1-0145,EQ-ROBOT-195,2026-06-03T09:02:00Z,2026-06-03T11:54:00Z,replacement,follow_up_required,172,5.35,231.47,2,Contrôle visuel et essai fonctionnel réalisés.,2026-S1
MNT-2026S1-1264,EVT-2026S1-0038,EQ-COMP-001,2026-05-24T10:08:00Z,2026-05-24T11:07:00Z,inspection,parts_ordered,59,1.85,22.14,0,"Cause non confirmée, mesures complémentaires nécessaires.",2026-S1
MNT-2026S1-1265,EVT-2026S1-0052,EQ-EXTRA-422,2026-05-04T20:23:00Z,2026-05-04T20:41:00Z,inspection,parts_ordered,18,0.25,3.0,0,Pièce remplacée puis remise en service progressive.,2026-S1
MNT-2026S1-1266,EVT-2026S1-0272,EQ-MIX-259,2026-05-11T16:23:00Z,2026-05-11T17:04:00Z,replacement,resolved,41,0.88,10.61,0,Contrôle visuel et essai fonctionnel réalisés.,2026-S1
MNT-2026S1-1267,EVT-2026S1-0396,EQ-CONV-256,2026-02-22T11:21:00Z,2026-02-22T14:12:00Z,corrective,parts_ordered,171,4.8,163.68,2,"Cause non confirmée, mesures complémentaires nécessaires.",2026-S1
MNT-2026S1-1268,EVT-2026S1-0400,EQ-FAN-300,2026-04-01T15:50:00Z,2026-04-01T17:21:00Z,calibration,resolved,91,1.44,17.31,0,"Réglage effectué, surveillance demandée à la prochaine ronde.",2026-S1
MNT-2026S1-1269,EVT-2026S1-0269,EQ-MIX-359,2026-01-11T12:05:00Z,2026-01-11T13:15:00Z,calibration,monitoring,70,2.77,33.19,0,"Réglage effectué, surveillance demandée à la prochaine ronde.",2026-S1
MNT-2026S1-1270,EVT-2026S1-0308,EQ-CHILL-188,2026-06-07T10:00:00Z,2026-06-07T12:13:00Z,calibration,monitoring,133,6.88,82.53,0,"Cause non confirmée, mesures complémentaires nécessaires.",2026-S1
MNT-2026S1-1271,EVT-2026S1-X019,EQ-OVEN-203,2026-06-13T22:28:00Z,2026-06-13T22:43:00Z,replacement,resolved,0,1.18,14.15,0,Pièce remplacée puis remise en service progressive.,2026-S1
MNT-2026S1-1272,EVT-2026S1-0441,EQ-ROBOT-151,2026-03-01T21:14:00Z,2026-03-01T23:31:00Z,preventive,monitoring,137,2.88,34.59,0,Pièce remplacée puis remise en service progressive.,2026-S1
MNT-2026S1-1273,EVT-2026S1-0266,EQ-OVEN-326,2026-01-21T21:48:00Z,2026-01-22T01:04:00Z,preventive,monitoring,196,5.11,348.88,3,"Réglage effectué, surveillance demandée à la prochaine ronde.",2026-S1
MNT-2026S1-1274,EVT-2026S1-0370,EQ-PUMP-270,2026-03-12T17:23:00Z,2026-03-12T20:12:00Z,inspection,parts_ordered,169,3.67,85.71,1,"Réglage effectué, surveillance demandée à la prochaine ronde.",2026-S1
MNT-2026S1-1275,EVT-2026S1-X044,EQ-PACK-209,2026-06-20T01:07:00Z,2026-06-20T03:09:00Z,inspection,monitoring,122,3.38,40.59,0,Intervention préventive conforme au plan.,2026-S1
MNT-2026S1-1276,EVT-2026S1-0227,EQ-PRESS-197,2026-06-09T22:52:00Z,2026-06-10T04:24:00Z,replacement,monitoring,332,7.09,308.32,1,Contrôle visuel et essai fonctionnel réalisés.,2026-S1
MNT-2026S1-1277,EVT-2026S1-X030,EQ-VALVE-388,2026-03-03T21:18:00Z,2026-03-03T22:41:00Z,calibration,monitoring,83,1.61,167.4,2,Intervention préventive conforme au plan.,2026-S1
MNT-2026S1-1278,EVT-2026S1-0396,EQ-CONV-256,2026-02-22T10:44:00Z,2026-02-22T13:51:00Z,corrective,follow_up_required,187,5.53,66.41,0,Pièce remplacée puis remise en service progressive.,2026-S1
MNT-2026S1-1279,EVT-2026S1-0146,EQ-OVEN-206,2026-04-11T04:21:00Z,2026-04-11T07:02:00Z,calibration,no_fault_found,161,3.45,376.85,3,"Cause non confirmée, mesures complémentaires nécessaires.",2026-S1
MNT-2026S1-1280,EVT-2026S1-0124,EQ-FAN-264,2026-01-20T01:42:00Z,2026-01-20T06:38:00Z,calibration,monitoring,296,8.48,533.35,2,Pièce remplacée puis remise en service progressive.,2026-S1
MNT-2026S1-1281,EVT-2026S1-0448,EQ-CAB-228,2026-06-16T15:43:00Z,2026-06-16T17:03:00Z,calibration,no_fault_found,80,3.05,36.59,0,"Réglage effectué, surveillance demandée à la prochaine ronde.",2026-S1
MNT-2026S1-1282,EVT-2026S1-0208,EQ-CHILL-288,2026-05-03T09:35:00Z,2026-05-03T12:30:00Z,calibration,monitoring,175,6.11,73.3,0,"Cause non confirmée, mesures complémentaires nécessaires.",2026-S1
MNT-2026S1-1283,EVT-2026S1-0176,EQ-CONV-236,2026-03-13T13:46:00Z,2026-03-13T16:49:00Z,calibration,no_fault_found,183,5.07,463.11,2,Contrôle visuel et essai fonctionnel réalisés.,2026-S1
MNT-2026S1-1284,EVT-2026S1-0137,EQ-PUMP-107,2026-01-08T09:13:00Z,2026-01-08T11:17:00Z,calibration,monitoring,124,6.39,211.77,2,"Réglage effectué, surveillance demandée à la prochaine ronde.",2026-S1
MNT-2026S1-1285,EVT-2026S1-0479,EQ-CHILL-393,2026-01-30T12:44:00Z,2026-01-30T13:29:00Z,calibration,follow_up_required,45,2.19,369.74,2,Intervention préventive conforme au plan.,2026-S1
MNT-2026S1-1286,EVT-2026S1-X003,EQ-FAN-144,2026-01-18T00:07:00Z,2026-01-18T01:43:00Z,calibration,parts_ordered,96,3.62,43.46,0,Contrôle visuel et essai fonctionnel réalisés.,2026-S1
MNT-2026S1-1287,EVT-2026S1-0452,EQ-MIX-272,2026-01-26T07:06:00Z,2026-01-26T09:03:00Z,preventive,follow_up_required,117,2.74,32.91,0,"Cause non confirmée, mesures complémentaires nécessaires.",2026-S1
MNT-2026S1-1288,EVT-2026S1-0327,EQ-PRESS-397,2026-04-27T14:53:00Z,2026-04-27T18:54:00Z,replacement,follow_up_required,241,8.07,295.48,4,Contrôle visuel et essai fonctionnel réalisés.,2026-S1
MNT-2026S1-1289,EVT-2026S1-0409,EQ-VALVE-399,2026-01-11T15:41:00Z,2026-01-11T17:22:00Z,calibration,follow_up_required,101,1.69,268.52,3,Intervention préventive conforme au plan.,2026-S1
MNT-2026S1-1290,EVT-2026S1-0436,EQ-COMP-396,2026-02-14T03:24:00Z,2026-02-14T06:14:00Z,preventive,parts_ordered,170,2.33,404.05,3,"Réglage effectué, surveillance demandée à la prochaine ronde.",2026-S1
MNT-2026S1-1291,EVT-2026S1-0225,EQ-ROBOT-175,2026-01-20T20:08:00Z,2026-01-20T23:05:00Z,inspection,no_fault_found,177,4.69,566.13,2,Contrôle visuel et essai fonctionnel réalisés.,2026-S1
MNT-2026S1-1292,EVT-2026S1-0268,EQ-CHILL-348,2026-04-14T18:10:00Z,2026-04-14T20:47:00Z,calibration,follow_up_required,157,5.32,499.99,2,"Cause non confirmée, mesures complémentaires nécessaires.",2026-S1
MNT-2026S1-1293,EVT-2026S1-0300,EQ-FAN-100,2026-05-06T13:11:00Z,2026-05-06T14:58:00Z,replacement,monitoring,107,2.31,27.73,0,Pièce remplacée puis remise en service progressive.,2026-S1
MNT-2026S1-1294,EVT-2026S1-0143,EQ-COMP-173,2026-02-19T17:10:00Z,2026-02-19T20:00:00Z,preventive,parts_ordered,170,4.38,298.04,1,Intervention préventive conforme au plan.,2026-S1
MNT-2026S1-1295,EVT-2026S1-0360,EQ-FAN-160,2026-01-14T04:59:00Z,,replacement,parts_ordered,48,1.81,214.24,1,Pièce remplacée puis remise en service progressive.,2026-S1
MNT-2026S1-1296,EVT-2026S1-0265,EQ-ROBOT-315,2026-03-25T01:07:00Z,2026-03-25T05:38:00Z,replacement,no_fault_found,271,5.42,65.03,0,"Réglage effectué, surveillance demandée à la prochaine ronde.",2026-S1
MNT-2026S1-1297,EVT-2026S1-0328,EQ-CHILL-108,2026-04-29T04:57:00Z,2026-04-29T08:30:00Z,replacement,follow_up_required,213,4.46,99.86,1,Intervention préventive conforme au plan.,2026-S1
MNT-2026S1-1298,EVT-2026S1-0029,EQ-COMP-003,2026-03-13T16:52:00Z,2026-03-13T20:22:00Z,inspection,no_fault_found,210,4.53,220.81,1,Contrôle visuel et essai fonctionnel réalisés.,2026-S1
MNT-2026S1-1299,EVT-2026S1-X049,EQ-ROBOT-357,2026-03-19T12:45:00Z,2026-03-19T13:18:00Z,inspection,no_fault_found,33,0.46,5.47,0,"Cause non confirmée, mesures complémentaires nécessaires.",2026-S1
MNT-2026S1-1300,EVT-2026S1-X029,EQ-ROBOT-155,2026-06-16T00:47:00Z,2026-06-16T01:15:00Z,calibration,no_fault_found,28,3.88,46.52,0,Contrôle visuel et essai fonctionnel réalisés.,2026-S1
MNT-2026S1-1301,EVT-2026S1-0257,EQ-PUMP-227,2026-04-12T14:07:00Z,2026-04-12T15:47:00Z,corrective,follow_up_required,100,3.53,101.14,1,"Réglage effectué, surveillance demandée à la prochaine ronde.",2026-S1
MNT-2026S1-1302,EVT-2026S1-0015,EQ-PUMP-001,2026-06-18T04:19:00Z,2026-06-18T05:17:00Z,corrective,no_fault_found,58,2.13,285.61,1,Intervention préventive conforme au plan.,2026-S1
MNT-2026S1-1303,EVT-2026S1-0157,EQ-PUMP-327,2026-06-14T15:32:00Z,2026-06-14T18:44:00Z,calibration,parts_ordered,192,4.31,723.13,3,"Réglage effectué, surveillance demandée à la prochaine ronde.",2026-S1
MNT-2026S1-1304,EVT-2026S1-0199,EQ-COMP-189,2026-04-12T18:36:00Z,2026-04-12T21:57:00Z,inspection,follow_up_required,201,3.42,194.72,1,Pièce remplacée puis remise en service progressive.,2026-S1
MNT-2026S1-1305,EVT-2026S1-X035,EQ-PUMP-187,2026-02-16T00:54:00Z,2026-02-16T03:18:00Z,corrective,monitoring,144,3.28,39.33,0,Pièce remplacée puis remise en service progressive.,2026-S1
MNT-2026S1-1306,EVT-2026S1-0469,EQ-CONV-159,2026-02-18T06:58:00Z,2026-02-18T08:38:00Z,inspection,parts_ordered,100,3.67,95.4,1,Intervention préventive conforme au plan.,2026-S1
MNT-2026S1-1307,EVT-2026S1-X052,EQ-SENSOR-185,2026-05-29T19:53:00Z,2026-05-29T22:01:00Z,corrective,parts_ordered,128,2.28,83.72,1,"Réglage effectué, surveillance demandée à la prochaine ronde.",2026-S1
MNT-2026S1-1308,EVT-2026S1-0012,EQ-FAN-002,2026-01-22T13:42:00Z,2026-01-22T16:38:00Z,calibration,monitoring,176,2.35,108.63,1,Pièce remplacée puis remise en service progressive.,2026-S1
MNT-2026S1-1309,EVT-2026S1-0232,EQ-FAN-284,2026-04-15T16:07:00Z,2026-04-15T16:51:00Z,inspection,no_fault_found,44,0.67,58.54,1,Contrôle visuel et essai fonctionnel réalisés.,2026-S1
MNT-2026S1-1310,EVT-2026S1-0098,EQ-ROBOT-278,2026-01-29T23:48:00Z,2026-01-30T02:53:00Z,corrective,no_fault_found,185,2.83,34.01,0,Intervention préventive conforme au plan.,2026-S1
MNT-2026S1-1311,EVT-2026S1-0013,EQ-CHILL-001,2026-01-02T15:06:00Z,2026-01-02T18:42:00Z,preventive,no_fault_found,216,5.75,196.19,1,Pièce remplacée puis remise en service progressive.,2026-S1
MNT-2026S1-1312,EVT-2026S1-0189,EQ-MIX-379,2026-02-24T20:46:00Z,2026-02-24T21:58:00Z,corrective,follow_up_required,72,1.1,13.15,0,"Cause non confirmée, mesures complémentaires nécessaires.",2026-S1
MNT-2026S1-1313,EVT-2026S1-0336,EQ-CONV-196,2026-03-19T02:48:00Z,2026-03-19T04:58:00Z,inspection,parts_ordered,130,4.32,51.88,0,Pièce remplacée puis remise en service progressive.,2026-S1
MNT-2026S1-1314,EVT-2026S1-X025,EQ-PUMP-307,2026-01-09T06:31:00Z,2026-01-09T10:54:00Z,corrective,parts_ordered,263,7.75,798.43,4,"Réglage effectué, surveillance demandée à la prochaine ronde.",2026-S1
MNT-2026S1-1315,EVT-2026S1-0382,EQ-CONV-102,2026-01-05T18:09:00Z,2026-01-05T20:30:00Z,inspection,monitoring,141,2.59,31.13,0,Pièce remplacée puis remise en service progressive.,2026-S1
MNT-2026S1-1316,EVT-2026S1-0297,EQ-PUMP-367,2026-06-07T10:15:00Z,2026-06-07T14:21:00Z,preventive,resolved,246,5.38,64.55,0,Contrôle visuel et essai fonctionnel réalisés.,2026-S1
MNT-2026S1-1317,EVT-2026S1-0198,EQ-ROBOT-178,2026-01-27T00:14:00Z,2026-01-27T02:13:00Z,inspection,monitoring,119,2.61,69.7,1,"Réglage effectué, surveillance demandée à la prochaine ronde.",2026-S1
MNT-2026S1-1318,EVT-2026S1-0424,EQ-DRYER-264,2026-05-24T11:24:00Z,2026-05-24T13:47:00Z,corrective,no_fault_found,143,2.41,28.91,0,Intervention préventive conforme au plan.,2026-S1
MNT-2026S1-1319,EVT-2026S1-0438,EQ-COMP-118,2026-06-15T03:47:00Z,2026-06-15T06:05:00Z,preventive,parts_ordered,138,2.2,223.79,1,"Cause non confirmée, mesures complémentaires nécessaires.",2026-S1
MNT-2026S1-1320,EVT-2026S1-0263,EQ-COMP-293,2026-05-22T19:23:00Z,2026-05-22T20:59:00Z,preventive,resolved,96,4.6,168.28,2,"Cause non confirmée, mesures complémentaires nécessaires.",2026-S1
MNT-2026S1-1321,EVT-2026S1-0347,EQ-PRESS-317,2026-02-27T19:21:00Z,2026-02-28T00:02:00Z,preventive,no_fault_found,281,6.43,610.09,4,Intervention préventive conforme au plan.,2026-S1
MNT-2026S1-1322,EVT-2026S1-0314,EQ-PRESS-254,2026-06-03T07:44:00Z,2026-06-03T11:54:00Z,preventive,resolved,250,6.47,187.72,3,Contrôle visuel et essai fonctionnel réalisés.,2026-S1
MNT-2026S1-1323,EVT-2026S1-0081,EQ-PUMP-391,2026-05-30T10:16:00Z,2026-05-30T12:55:00Z,inspection,monitoring,159,2.99,121.91,1,"Cause non confirmée, mesures complémentaires nécessaires.",2026-S1
MNT-2026S1-1324,EVT-2026S1-0404,EQ-MOTOR-344,2026-01-27T13:28:00Z,2026-01-27T16:27:00Z,preventive,follow_up_required,179,2.98,35.8,0,Intervention préventive conforme au plan.,2026-S1
MNT-2026S1-1325,EVT-2026S1-0486,EQ-ROBOT-346,2026-03-11T06:12:00Z,2026-03-11T10:18:00Z,calibration,parts_ordered,246,6.81,501.23,2,Intervention préventive conforme au plan.,2026-S1
MNT-2026S1-1326,EVT-2026S1-0186,EQ-OVEN-346,2026-03-30T02:54:00Z,2026-03-30T05:54:00Z,calibration,resolved,180,5.04,297.14,1,Pièce remplacée puis remise en service progressive.,2026-S1
MNT-2026S1-1327,EVT-2026S1-0392,EQ-PRESS-117,2026-04-06T23:12:00Z,2026-04-07T01:08:00Z,replacement,follow_up_required,116,2.39,28.66,0,Contrôle visuel et essai fonctionnel réalisés.,2026-S1
MNT-2026S1-1328,EVT-2026S1-0430,EQ-LIFT-330,2026-04-14T01:12:00Z,2026-04-14T04:35:00Z,corrective,no_fault_found,203,5.4,64.83,0,"Réglage effectué, surveillance demandée à la prochaine ronde.",2026-S1
MNT-2026S1-1329,EVT-2026S1-0136,EQ-CONV-396,2026-02-24T15:46:00Z,2026-02-24T18:46:00Z,replacement,follow_up_required,180,5.56,468.26,2,Pièce remplacée puis remise en service progressive.,2026-S1
MNT-2026S1-1330,EVT-2026S1-0362,EQ-CONV-182,2026-05-31T04:22:00Z,2026-05-31T06:09:00Z,inspection,monitoring,107,1.56,98.97,1,Intervention préventive conforme au plan.,2026-S1
MNT-2026S1-1331,EVT-2026S1-0474,EQ-PUMP-214,2026-05-18T19:17:00Z,2026-05-18T22:16:00Z,calibration,parts_ordered,179,5.08,149.22,1,"Cause non confirmée, mesures complémentaires nécessaires.",2026-S1
MNT-2026S1-1332,EVT-2026S1-0119,EQ-COMP-209,2026-02-28T04:31:00Z,,corrective,monitoring,139,2.91,253.53,1,Pièce remplacée puis remise en service progressive.,2026-S1
MNT-2026S1-1333,EVT-2026S1-0221,EQ-PUMP-131,2026-03-27T16:32:00Z,2026-03-27T18:41:00Z,replacement,resolved,129,5.15,61.76,0,Contrôle visuel et essai fonctionnel réalisés.,2026-S1
MNT-2026S1-1334,EVT-2026S1-0407,EQ-VALVE-377,2026-05-20T07:42:00Z,2026-05-20T08:37:00Z,preventive,parts_ordered,55,1.49,194.04,1,Compte rendu transmis à [email],2026-S1
MNT-2026S1-1335,EVT-2026S1-0166,EQ-OVEN-126,2026-01-27T02:18:00Z,2026-01-27T05:19:00Z,replacement,no_fault_found,181,4.54,300.59,1,"Cause non confirmée, mesures complémentaires nécessaires.",2026-S1
MNT-2026S1-1336,EVT-2026S1-0020,EQ-OVEN-002,2026-03-05T10:32:00Z,2026-03-05T16:17:00Z,calibration,follow_up_required,345,5.5,529.45,3,"Réglage effectué, surveillance demandée à la prochaine ronde.",2026-S1
MNT-2026S1-1337,EVT-2026S1-X009,EQ-COMP-233,2026-06-07T20:52:00Z,2026-06-07T23:04:00Z,corrective,monitoring,132,4.89,716.38,4,"Réglage effectué, surveillance demandée à la prochaine ronde.",2026-S1
MNT-2026S1-1338,EVT-2026S1-X016,EQ-COMP-002,2026-05-26T18:02:00Z,2026-05-26T19:46:00Z,calibration,no_fault_found,104,2.49,29.87,0,"Réglage effectué, surveillance demandée à la prochaine ronde.",2026-S1
MNT-2026S1-1339,EVT-2026S1-0494,EQ-CAB-134,2026-01-25T22:11:00Z,2026-01-26T02:20:00Z,calibration,follow_up_required,249,7.06,588.96,2,"Réglage effectué, surveillance demandée à la prochaine ronde.",2026-S1
MNT-2026S1-1340,EVT-2026S1-0150,EQ-PUMP-250,2026-06-04T19:38:00Z,2026-06-04T22:11:00Z,corrective,follow_up_required,153,5.64,363.61,2,Contrôle visuel et essai fonctionnel réalisés.,2026-S1
MNT-2026S1-1341,EVT-2026S1-0137,EQ-PUMP-107,2026-01-08T10:52:00Z,2026-01-08T13:24:00Z,corrective,resolved,152,2.89,289.26,1,Pièce remplacée puis remise en service progressive.,2026-S1
MNT-2026S1-1342,EVT-2026S1-0059,EQ-COMP-149,2026-03-09T13:12:00Z,2026-03-09T17:29:00Z,inspection,parts_ordered,257,5.26,63.06,0,"Cause non confirmée, mesures complémentaires nécessaires.",2026-S1
MNT-2026S1-1343,EVT-2026S1-0247,EQ-PRESS-117,2026-04-05T15:47:00Z,2026-04-05T22:12:00Z,replacement,resolved,385,8.8,184.28,2,Pièce remplacée puis remise en service progressive.,2026-S1
MNT-2026S1-1344,EVT-2026S1-X027,EQ-CAB-134,2026-01-18T09:45:00Z,2026-01-18T12:37:00Z,replacement,parts_ordered,172,4.49,816.97,3,Contrôle visuel et essai fonctionnel réalisés.,2026-S1
MNT-2026S1-1345,EVT-2026S1-X032,EQ-STEAM-341,2026-04-20T22:00:00Z,2026-04-20T23:54:00Z,inspection,resolved,114,1.98,23.72,0,"Cause non confirmée, mesures complémentaires nécessaires.",2026-S1
MNT-2026S1-1346,EVT-2026S1-0396,EQ-CONV-256,2026-02-22T10:00:00Z,2026-02-22T13:35:00Z,inspection,resolved,215,4.66,369.32,2,Intervention préventive conforme au plan.,2026-S1
MNT-2026S1-1347,EVT-2026S1-0250,EQ-PUMP-150,2026-01-04T21:25:00Z,2026-01-05T01:20:00Z,replacement,parts_ordered,235,4.09,103.14,1,"Réglage effectué, surveillance demandée à la prochaine ronde.",2026-S1
MNT-2026S1-1348,EVT-2026S1-0443,EQ-ROBOT-173,2026-03-22T00:38:00Z,2026-03-22T02:00:00Z,corrective,resolved,82,2.87,,1,"Cause non confirmée, mesures complémentaires nécessaires.",2026-S1
MNT-2026S1-1349,EVT-2026S1-0333,EQ-OVEN-163,2026-04-23T06:08:00Z,2026-04-23T07:09:00Z,corrective,no_fault_found,61,2.61,31.27,0,"Cause non confirmée, mesures complémentaires nécessaires.",2026-S1
MNT-2026S1-1350,EVT-2026S1-0240,EQ-FAN-340,2026-03-25T15:04:00Z,2026-03-25T15:30:00Z,preventive,parts_ordered,26,2.15,177.53,1,"Cause non confirmée, mesures complémentaires nécessaires.",2026-S1
MNT-2026S1-1351,EVT-2026S1-0054,EQ-PRESS-394,2026-01-11T18:04:00Z,2026-01-11T22:28:00Z,corrective,resolved,264,6.56,477.24,2,Pièce remplacée puis remise en service progressive.,2026-S1
MNT-2026S1-1352,EVT-2026S1-0319,EQ-COMP-309,2026-03-14T14:22:00Z,2026-03-14T17:31:00Z,replacement,no_fault_found,189,4.16,49.95,0,"Cause non confirmée, mesures complémentaires nécessaires.",2026-S1
MNT-2026S1-1353,EVT-2026S1-0082,EQ-CONV-102,2026-05-11T07:57:00Z,2026-05-11T10:17:00Z,corrective,no_fault_found,140,2.56,172.28,1,Intervention préventive conforme au plan.,2026-S1
MNT-2026S1-1354,EVT-2026S1-0144,EQ-FAN-184,2026-03-13T13:21:00Z,2026-03-13T18:22:00Z,calibration,follow_up_required,301,6.21,283.76,1,Pièce remplacée puis remise en service progressive.,2026-S1
MNT-2026S1-1355,EVT-2026S1-0118,EQ-ROBOT-198,2026-01-06T12:25:00Z,2026-01-06T14:01:00Z,replacement,parts_ordered,96,3.71,44.57,0,Pièce remplacée puis remise en service progressive.,2026-S1
MNT-2026S1-1356,EVT-2026S1-0287,EQ-PRESS-257,2026-03-02T05:56:00Z,2026-03-02T11:07:00Z,corrective,no_fault_found,311,8.22,506.97,3,"Cause non confirmée, mesures complémentaires nécessaires.",2026-S1
MNT-2026S1-1357,EVT-2026S1-0114,EQ-PRESS-154,2026-03-05T09:16:00Z,2026-03-05T14:42:00Z,preventive,no_fault_found,326,7.25,394.22,2,"Réglage effectué, surveillance demandée à la prochaine ronde.",2026-S1
MNT-2026S1-1358,EVT-2026S1-0170,EQ-PUMP-170,2026-03-05T02:05:00Z,2026-03-05T04:58:00Z,replacement,no_fault_found,173,5.18,62.1,0,"Réglage effectué, surveillance demandée à la prochaine ronde.",2026-S1
MNT-2026S1-1359,EVT-2026S1-0263,EQ-COMP-293,2026-05-22T19:27:00Z,2026-05-22T23:10:00Z,inspection,monitoring,223,4.66,313.01,1,Intervention préventive conforme au plan.,2026-S1
MNT-2026S1-1360,EVT-2026S1-0339,EQ-COMP-229,2026-06-06T21:36:00Z,2026-06-06T23:18:00Z,inspection,follow_up_required,102,3.62,383.2,2,Intervention préventive conforme au plan.,2026-S1
MNT-2026S1-1361,EVT-2026S1-0073,EQ-OVEN-303,2026-05-21T11:36:00Z,2026-05-21T11:51:00Z,calibration,no_fault_found,0,0.68,114.7,2,"Cause non confirmée, mesures complémentaires nécessaires.",2026-S1
MNT-2026S1-1362,EVT-2026S1-X054,EQ-CHILL-188,2026-03-03T09:12:00Z,2026-03-03T12:03:00Z,preventive,resolved,171,5.94,263.26,2,Contrôle visuel et essai fonctionnel réalisés.,2026-S1
MNT-2026S1-1363,EVT-2026S1-0098,EQ-ROBOT-278,2026-01-30T00:19:00Z,2026-01-30T02:38:00Z,inspection,monitoring,139,1.96,23.47,0,Pièce remplacée puis remise en service progressive.,2026-S1
MNT-2026S1-1364,EVT-2026S1-0217,EQ-PUMP-387,2026-05-03T18:18:00Z,2026-05-03T21:14:00Z,replacement,monitoring,176,6.25,74.98,0,Contrôle visuel et essai fonctionnel réalisés.,2026-S1
MNT-2026S1-1365,EVT-2026S1-X005,EQ-FAN-200,2026-05-25T05:27:00Z,2026-05-25T07:30:00Z,preventive,monitoring,123,1.44,17.3,0,Contrôle visuel et essai fonctionnel réalisés.,2026-S1
MNT-2026S1-1366,EVT-2026S1-0119,EQ-COMP-209,2026-02-28T05:24:00Z,2026-02-28T07:39:00Z,replacement,no_fault_found,135,4.69,165.14,1,Pièce remplacée puis remise en service progressive.,2026-S1
MNT-2026S1-1367,EVT-2026S1-0044,EQ-FAN-284,2026-02-23T23:17:00Z,2026-02-24T03:36:00Z,inspection,no_fault_found,259,6.44,338.13,2,"Réglage effectué, surveillance demandée à la prochaine ronde.",2026-S1
MNT-2026S1-1368,EVT-2026S1-0325,EQ-ROBOT-375,2026-05-30T11:56:00Z,2026-05-30T16:32:00Z,inspection,parts_ordered,276,4.36,52.31,0,Intervention préventive conforme au plan.,2026-S1
MNT-2026S1-1369,EVT-2026S1-0241,EQ-PUMP-351,2026-05-20T09:34:00Z,,preventive,resolved,151,3.63,43.6,0,Contrôle visuel et essai fonctionnel réalisés.,2026-S1
MNT-2026S1-1370,EVT-2026S1-0130,EQ-PUMP-330,2026-03-04T04:57:00Z,2026-03-04T07:19:00Z,inspection,parts_ordered,142,5.62,265.78,1,Intervention préventive conforme au plan.,2026-S1
MNT-2026S1-1371,EVT-2026S1-0421,EQ-DRYER-231,2026-02-23T16:01:00Z,2026-02-23T18:21:00Z,corrective,resolved,140,3.52,42.24,0,Intervention préventive conforme au plan.,2026-S1
MNT-2026S1-1372,EVT-2026S1-X015,EQ-PRESS-277,2026-03-29T17:50:00Z,2026-03-29T18:18:00Z,preventive,monitoring,28,0.92,201.69,2,Pièce remplacée puis remise en service progressive.,2026-S1
MNT-2026S1-1373,EVT-2026S1-0293,EQ-OVEN-323,2026-03-21T10:45:00Z,2026-03-21T12:33:00Z,corrective,parts_ordered,108,1.32,89.86,1,Intervention préventive conforme au plan.,2026-S1
MNT-2026S1-1374,EVT-2026S1-0169,EQ-MIX-159,2026-01-12T22:38:00Z,2026-01-13T00:26:00Z,preventive,resolved,108,1.66,19.9,0,"Réglage effectué, surveillance demandée à la prochaine ronde.",2026-S1
MNT-2026S1-1375,EVT-2026S1-0247,EQ-PRESS-117,2026-04-05T16:04:00Z,2026-04-05T19:40:00Z,calibration,follow_up_required,216,5.57,159.28,1,"Cause non confirmée, mesures complémentaires nécessaires.",2026-S1
MNT-2026S1-1376,EVT-2026S1-0144,EQ-FAN-184,2026-03-13T12:14:00Z,2026-03-13T16:58:00Z,calibration,follow_up_required,284,7.75,202.13,1,"Cause non confirmée, mesures complémentaires nécessaires.",2026-S1
MNT-2026S1-1377,EVT-2026S1-0276,EQ-CONV-136,2026-03-26T03:05:00Z,2026-03-26T06:01:00Z,inspection,monitoring,176,5.14,442.82,3,"Cause non confirmée, mesures complémentaires nécessaires.",2026-S1
MNT-2026S1-1378,EVT-2026S1-0161,EQ-PUMP-371,2026-03-30T13:30:00Z,2026-03-30T17:09:00Z,calibration,monitoring,219,3.72,512.49,2,Intervention préventive conforme au plan.,2026-S1
MNT-2026S1-1379,EVT-2026S1-0204,EQ-FAN-244,2026-01-19T14:37:00Z,2026-01-19T19:22:00Z,preventive,parts_ordered,285,6.84,129.36,1,Intervention préventive conforme au plan.,2026-S1
MNT-2026S1-1380,EVT-2026S1-0294,EQ-PRESS-334,2026-03-02T03:49:00Z,2026-03-02T08:16:00Z,replacement,parts_ordered,267,6.79,152.67,2,Intervention préventive conforme au plan.,2026-S1
MNT-2026S1-1381,EVT-2026S1-0166,EQ-OVEN-126,2026-01-27T00:20:00Z,2026-01-27T03:11:00Z,inspection,resolved,171,3.83,208.33,1,"Réglage effectué, surveillance demandée à la prochaine ronde.",2026-S1
MNT-2026S1-1382,EVT-2026S1-0370,EQ-PUMP-270,2026-03-12T17:22:00Z,2026-03-12T20:19:00Z,preventive,parts_ordered,177,6.43,77.14,0,Pièce remplacée puis remise en service progressive.,2026-S1
MNT-2026S1-1383,EVT-2026S1-0462,EQ-CHILL-382,2026-01-13T03:15:00Z,2026-01-13T06:01:00Z,replacement,no_fault_found,166,3.24,38.9,0,Intervention préventive conforme au plan.,2026-S1
MNT-2026S1-1384,EVT-2026S1-0134,EQ-PRESS-374,2026-02-13T21:09:00Z,2026-02-14T00:55:00Z,preventive,no_fault_found,226,7.21,299.13,1,Contrôle visuel et essai fonctionnel réalisés.,2026-S1
MNT-2026S1-1385,EVT-2026S1-0462,EQ-CHILL-382,2026-01-13T01:47:00Z,2026-01-13T04:46:00Z,inspection,follow_up_required,179,5.02,137.87,2,"Cause non confirmée, mesures complémentaires nécessaires.",2026-S1
MNT-2026S1-1386,EVT-2026S1-0186,EQ-OVEN-346,2026-03-30T03:41:00Z,2026-03-30T06:18:00Z,calibration,parts_ordered,157,4.79,298.25,1,Contrôle visuel et essai fonctionnel réalisés.,2026-S1
MNT-2026S1-1387,EVT-2026S1-0207,EQ-PRESS-277,2026-05-27T03:51:00Z,2026-05-27T08:09:00Z,corrective,monitoring,258,6.76,235.95,2,Contrôle visuel et essai fonctionnel réalisés.,2026-S1
MNT-2026S1-1388,EVT-2026S1-0026,EQ-CONV-002,2026-05-31T23:51:00Z,2026-06-01T02:51:00Z,preventive,follow_up_required,180,4.93,59.15,0,"Cause non confirmée, mesures complémentaires nécessaires.",2026-S1
MNT-2026S1-1389,EVT-2026S1-0414,EQ-GEAR-154,2026-05-07T04:10:00Z,2026-05-07T07:33:00Z,replacement,no_fault_found,203,3.89,173.35,1,Intervention préventive conforme au plan.,2026-S1
MNT-2026S1-1390,EVT-2026S1-0412,EQ-GEAR-132,2026-06-01T22:25:00Z,2026-06-02T00:33:00Z,calibration,follow_up_required,128,3.88,314.49,2,Contrôle visuel et essai fonctionnel réalisés.,2026-S1
MNT-2026S1-1391,EVT-2026S1-0388,EQ-CHILL-168,2026-03-20T06:21:00Z,2026-03-20T08:15:00Z,inspection,resolved,114,4.26,685.59,3,Pièce remplacée puis remise en service progressive.,2026-S1
MNT-2026S1-1392,EVT-2026S1-0411,EQ-GEAR-121,2026-01-29T10:50:00Z,2026-01-29T13:50:00Z,preventive,resolved,180,3.94,188.18,1,"Cause non confirmée, mesures complémentaires nécessaires.",2026-S1
MNT-2026S1-1393,EVT-2026S1-0404,EQ-MOTOR-344,2026-01-27T14:13:00Z,2026-01-27T17:14:00Z,inspection,no_fault_found,181,2.67,408.35,2,Intervention préventive conforme au plan.,2026-S1
MNT-2026S1-1394,EVT-2026S1-X040,EQ-FAN-304,2026-04-02T05:59:00Z,2026-04-02T08:43:00Z,replacement,follow_up_required,164,4.61,522.71,2,Intervention préventive conforme au plan.,2026-S1
MNT-2026S1-1395,EVT-2026S1-0295,EQ-SENSOR-345,2026-05-11T22:29:00Z,2026-05-12T00:48:00Z,calibration,follow_up_required,139,2.18,26.18,0,"Cause non confirmée, mesures complémentaires nécessaires.",2026-S1
MNT-2026S1-1396,EVT-2026S1-0408,EQ-VALVE-388,2026-04-12T09:09:00Z,2026-04-12T09:55:00Z,inspection,parts_ordered,46,1.93,172.86,1,"Réglage effectué, surveillance demandée à la prochaine ronde.",2026-S1
MNT-2026S1-1397,EVT-2026S1-0151,EQ-CAB-134,2026-06-18T21:46:00Z,2026-06-18T23:59:00Z,preventive,resolved,133,2.6,31.19,0,"Cause non confirmée, mesures complémentaires nécessaires.",2026-S1
MNT-2026S1-1398,EVT-2026S1-0156,EQ-CONV-316,2026-02-28T15:23:00Z,2026-02-28T18:22:00Z,replacement,follow_up_required,179,4.08,306.61,2,"Réglage effectué, surveillance demandée à la prochaine ronde.",2026-S1
MNT-2026S1-1399,EVT-2026S1-0412,EQ-GEAR-132,2026-06-01T23:01:00Z,2026-06-02T01:13:00Z,inspection,resolved,132,2.67,301.8,2,Intervention préventive conforme au plan.,2026-S1
MNT-2026S1-1400,EVT-2026S1-0259,EQ-COMP-249,2026-03-25T12:16:00Z,2026-03-25T15:38:00Z,inspection,follow_up_required,202,3.21,38.54,0,Intervention préventive conforme au plan.,2026-S1
MNT-2026S1-1401,EVT-2026S1-0352,EQ-PUMP-331,2026-03-19T10:38:00Z,2026-03-19T11:39:00Z,inspection,no_fault_found,61,2.73,32.81,0,Contrôle visuel et essai fonctionnel réalisés.,2026-S1
MNT-2026S1-1402,EVT-2026S1-X039,EQ-CONV-376,2026-04-28T00:17:00Z,2026-04-28T01:31:00Z,inspection,resolved,74,2.28,238.46,1,Pièce remplacée puis remise en service progressive.,2026-S1
MNT-2026S1-1403,EVT-2026S1-0454,EQ-MIX-294,2026-05-11T01:47:00Z,2026-05-11T03:52:00Z,corrective,follow_up_required,125,2.83,34.01,0,"Cause non confirmée, mesures complémentaires nécessaires.",2026-S1
MNT-2026S1-1404,EVT-2026S1-0209,EQ-MIX-299,2026-01-24T15:25:00Z,2026-01-24T16:37:00Z,calibration,monitoring,72,2.67,32.06,0,Intervention préventive conforme au plan.,2026-S1
MNT-2026S1-1405,EVT-2026S1-0284,EQ-FAN-224,2026-05-17T15:00:00Z,2026-05-17T20:16:00Z,calibration,follow_up_required,316,7.48,699.81,3,Pièce remplacée puis remise en service progressive.,2026-S1
MNT-2026S1-1406,EVT-2026S1-0365,EQ-ROBOT-215,2026-01-05T09:00:00Z,,corrective,no_fault_found,178,3.87,226.2,1,Intervention préventive conforme au plan.,2026-S1
MNT-2026S1-1407,EVT-2026S1-0045,EQ-ROBOT-295,2026-06-01T08:51:00Z,2026-06-01T12:29:00Z,calibration,follow_up_required,218,5.87,714.04,3,Contrôle visuel et essai fonctionnel réalisés.,2026-S1
MNT-2026S1-1408,EVT-2026S1-0417,EQ-PACK-187,2026-04-30T07:58:00Z,2026-04-30T09:23:00Z,calibration,resolved,85,2.61,269.67,1,"Cause non confirmée, mesures complémentaires nécessaires.",2026-S1
MNT-2026S1-1409,EVT-2026S1-0418,EQ-PACK-198,2026-02-05T02:40:00Z,2026-02-05T03:34:00Z,preventive,parts_ordered,54,1.63,475.27,2,Intervention préventive conforme au plan.,2026-S1
MNT-2026S1-1410,EVT-2026S1-0103,EQ-COMP-333,2026-02-14T02:44:00Z,2026-02-14T06:20:00Z,preventive,resolved,216,3.66,194.42,1,"Réglage effectué, surveillance demandée à la prochaine ronde.",2026-S1
MNT-2026S1-1411,EVT-2026S1-0265,EQ-ROBOT-315,2026-03-25T00:52:00Z,2026-03-25T05:14:00Z,corrective,parts_ordered,262,5.65,302.86,3,Pièce remplacée puis remise en service progressive.,2026-S1
MNT-2026S1-1412,EVT-2026S1-0457,EQ-VALVE-327,2026-04-05T16:30:00Z,2026-04-05T17:21:00Z,corrective,monitoring,51,2.09,25.13,0,Intervention préventive conforme au plan.,2026-S1
MNT-2026S1-1413,EVT-2026S1-0354,EQ-PRESS-394,2026-04-07T11:12:00Z,2026-04-07T16:00:00Z,preventive,resolved,288,6.67,577.37,3,Contrôle visuel et essai fonctionnel réalisés.,2026-S1
MNT-2026S1-1414,EVT-2026S1-0143,EQ-COMP-173,2026-02-19T19:08:00Z,2026-02-19T23:10:00Z,inspection,parts_ordered,242,5.77,69.22,0,Pièce remplacée puis remise en service progressive.,2026-S1
MNT-2026S1-1415,EVT-2026S1-0275,EQ-SENSOR-125,2026-05-18T11:42:00Z,2026-05-18T13:50:00Z,calibration,monitoring,128,3.4,40.85,0,Intervention préventive conforme au plan.,2026-S1
MNT-2026S1-1416,EVT-2026S1-X028,EQ-PUMP-350,2026-05-09T10:21:00Z,2026-05-09T15:22:00Z,corrective,no_fault_found,301,6.06,631.72,3,Intervention préventive conforme au plan.,2026-S1
MNT-2026S1-1417,EVT-2026S1-0172,EQ-OVEN-223,2026-06-13T11:00:00Z,2026-06-13T12:26:00Z,corrective,resolved,86,0.25,3.0,0,Contrôle visuel et essai fonctionnel réalisés.,2026-S1
MNT-2026S1-1418,EVT-2026S1-0421,EQ-DRYER-231,2026-02-23T16:30:00Z,2026-02-23T18:45:00Z,calibration,follow_up_required,135,2.51,288.34,1,"Cause non confirmée, mesures complémentaires nécessaires.",2026-S1
MNT-2026S1-1419,EVT-2026S1-0272,EQ-MIX-259,2026-05-11T15:36:00Z,2026-05-11T16:20:00Z,corrective,monitoring,44,1.5,18.03,0,Contrôle visuel et essai fonctionnel réalisés.,2026-S1
MNT-2026S1-1420,EVT-2026S1-0040,EQ-CONV-003,2026-01-24T08:39:00Z,2026-01-24T09:51:00Z,corrective,resolved,72,2.65,141.67,1,Contrôle visuel et essai fonctionnel réalisés.,2026-S1
MNT-2026S1-1421,EVT-2026S1-0143,EQ-COMP-173,2026-02-19T18:14:00Z,2026-02-19T21:41:00Z,inspection,monitoring,207,4.69,177.43,2,"Réglage effectué, surveillance demandée à la prochaine ronde.",2026-S1
MNT-2026S1-1422,EVT-2026S1-0085,EQ-ROBOT-135,2026-01-21T09:52:00Z,2026-01-21T12:31:00Z,corrective,monitoring,159,4.47,149.83,1,Intervention préventive conforme au plan.,2026-S1
MNT-2026S1-1423,EVT-2026S1-0275,EQ-SENSOR-125,2026-05-18T13:03:00Z,2026-05-18T14:47:00Z,calibration,parts_ordered,104,0.32,3.83,0,"Réglage effectué, surveillance demandée à la prochaine ronde.",2026-S1
MNT-2026S1-1424,EVT-2026S1-0080,EQ-FAN-380,2026-03-06T09:04:00Z,2026-03-06T09:19:00Z,preventive,follow_up_required,7,1.69,132.62,1,Intervention préventive conforme au plan.,2026-S1
MNT-2026S1-1425,EVT-2026S1-0302,EQ-CONV-122,2026-04-15T10:47:00Z,2026-04-15T12:08:00Z,inspection,parts_ordered,81,1.72,20.59,0,"Réglage effectué, surveillance demandée à la prochaine ronde.",2026-S1
MNT-2026S1-1426,EVT-2026S1-0206,EQ-OVEN-266,2026-05-08T20:28:00Z,2026-05-08T23:12:00Z,corrective,resolved,164,3.57,202.58,2,Contrôle visuel et essai fonctionnel réalisés.,2026-S1
MNT-2026S1-1427,EVT-2026S1-0314,EQ-PRESS-254,2026-06-03T08:02:00Z,2026-06-03T12:19:00Z,inspection,parts_ordered,257,8.52,498.38,4,Pièce remplacée puis remise en service progressive.,2026-S1
MNT-2026S1-1428,EVT-2026S1-0043,EQ-COMP-273,2026-05-07T07:15:00Z,2026-05-07T11:16:00Z,inspection,resolved,241,4.32,51.87,0,Pièce remplacée puis remise en service progressive.,2026-S1
MNT-2026S1-1429,EVT-2026S1-0220,EQ-FAN-120,2026-03-30T00:02:00Z,2026-03-30T01:49:00Z,calibration,follow_up_required,107,0.87,10.44,0,Pièce remplacée puis remise en service progressive.,2026-S1
MNT-2026S1-1430,EVT-2026S1-0419,EQ-PACK-209,2026-02-10T02:35:00Z,2026-02-10T05:12:00Z,calibration,no_fault_found,157,3.69,44.29,0,Pièce remplacée puis remise en service progressive.,2026-S1
MNT-2026S1-1431,EVT-2026S1-0298,EQ-ROBOT-378,2026-05-04T08:57:00Z,2026-05-04T11:40:00Z,preventive,no_fault_found,163,2.17,455.91,2,Pièce remplacée puis remise en service progressive.,2026-S1
MNT-2026S1-1432,EVT-2026S1-0104,EQ-FAN-344,2026-05-29T10:30:00Z,2026-05-29T14:51:00Z,corrective,parts_ordered,261,6.09,265.53,3,"Cause non confirmée, mesures complémentaires nécessaires.",2026-S1
MNT-2026S1-1433,EVT-2026S1-0002,EQ-CONV-003,2026-05-22T15:45:00Z,2026-05-22T17:59:00Z,replacement,parts_ordered,134,4.19,206.35,3,"Cause non confirmée, mesures complémentaires nécessaires.",2026-S1
MNT-2026S1-1434,EVT-2026S1-0279,EQ-COMP-169,2026-03-02T14:14:00Z,2026-03-02T17:39:00Z,inspection,monitoring,205,5.37,104.65,1,"Cause non confirmée, mesures complémentaires nécessaires.",2026-S1
MNT-2026S1-1435,EVT-2026S1-0301,EQ-PUMP-111,2026-04-12T19:49:00Z,2026-04-12T23:51:00Z,calibration,no_fault_found,242,3.89,99.42,1,"Réglage effectué, surveillance demandée à la prochaine ronde.",2026-S1
MNT-2026S1-1436,EVT-2026S1-X005,EQ-FAN-200,2026-05-25T07:11:00Z,2026-05-25T08:23:00Z,replacement,follow_up_required,72,2.88,34.56,0,"Réglage effectué, surveillance demandée à la prochaine ronde.",2026-S1
MNT-2026S1-1437,EVT-2026S1-X002,EQ-ROBOT-175,2026-04-21T22:14:00Z,2026-04-22T00:00:00Z,corrective,follow_up_required,106,2.46,29.49,0,Pièce remplacée puis remise en service progressive.,2026-S1
MNT-2026S1-1438,EVT-2026S1-0493,EQ-CAB-123,2026-04-26T22:42:00Z,2026-04-27T04:02:00Z,calibration,parts_ordered,320,6.11,398.24,2,Contrôle visuel et essai fonctionnel réalisés.,2026-S1
MNT-2026S1-1439,EVT-2026S1-0056,EQ-CONV-116,2026-03-10T18:32:00Z,2026-03-10T21:12:00Z,replacement,parts_ordered,160,4.28,220.31,1,"Réglage effectué, surveillance demandée à la prochaine ronde.",2026-S1
MNT-2026S1-1440,EVT-2026S1-0305,EQ-ROBOT-155,2026-03-13T05:05:00Z,2026-03-13T08:22:00Z,preventive,monitoring,197,4.57,54.78,0,Intervention préventive conforme au plan.,2026-S1
MNT-2026S1-1441,EVT-2026S1-0347,EQ-PRESS-317,2026-02-27T17:05:00Z,2026-02-27T21:19:00Z,calibration,follow_up_required,254,8.03,1014.04,4,Intervention préventive conforme au plan.,2026-S1
MNT-2026S1-1442,EVT-2026S1-X053,EQ-SENSOR-205,2026-03-16T22:23:00Z,2026-03-16T23:58:00Z,replacement,resolved,95,4.63,55.55,0,Contrôle visuel et essai fonctionnel réalisés.,2026-S1
MNT-2026S1-1443,EVT-2026S1-0357,EQ-PUMP-127,2026-05-25T08:17:00Z,,preventive,resolved,235,3.83,45.91,0,"Réglage effectué, surveillance demandée à la prochaine ronde.",2026-S1
MNT-2026S1-1444,EVT-2026S1-0313,EQ-OVEN-243,2026-04-19T17:25:00Z,2026-04-19T18:19:00Z,replacement,resolved,54,0.25,114.99,1,Contrôle visuel et essai fonctionnel réalisés.,2026-S1
MNT-2026S1-1445,EVT-2026S1-0474,EQ-PUMP-214,2026-05-18T20:03:00Z,2026-05-18T22:52:00Z,preventive,monitoring,169,4.63,213.51,1,Pièce remplacée puis remise en service progressive.,2026-S1
MNT-2026S1-1446,EVT-2026S1-0125,EQ-ROBOT-275,2026-04-08T04:15:00Z,2026-04-08T07:57:00Z,calibration,resolved,222,5.52,205.25,1,Intervention préventive conforme au plan.,2026-S1
MNT-2026S1-1447,EVT-2026S1-X021,EQ-FAN-002,2026-06-02T07:06:00Z,2026-06-02T07:53:00Z,inspection,monitoring,47,2.01,226.42,2,Intervention préventive conforme au plan.,2026-S1
MNT-2026S1-1448,EVT-2026S1-0161,EQ-PUMP-371,2026-03-30T15:46:00Z,2026-03-30T17:55:00Z,calibration,parts_ordered,129,4.11,49.3,0,Intervention préventive conforme au plan.,2026-S1
MNT-2026S1-1449,EVT-2026S1-0263,EQ-COMP-293,2026-05-22T21:25:00Z,2026-05-23T00:55:00Z,preventive,resolved,210,4.44,302.88,1,"Cause non confirmée, mesures complémentaires nécessaires.",2026-S1
MNT-2026S1-1450,EVT-2026S1-0492,EQ-CAB-112,2026-05-25T08:55:00Z,2026-05-25T13:28:00Z,inspection,resolved,273,6.56,268.68,2,Intervention préventive conforme au plan.,2026-S1
MNT-2026S1-1451,EVT-2026S1-0485,EQ-SENSOR-305,2026-02-13T07:30:00Z,2026-02-13T10:31:00Z,preventive,monitoring,181,4.19,97.66,1,"Réglage effectué, surveillance demandée à la prochaine ronde.",2026-S1
MNT-2026S1-1452,EVT-2026S1-X040,EQ-FAN-304,2026-04-02T06:51:00Z,2026-04-02T09:54:00Z,inspection,resolved,183,4.03,426.67,2,Contrôle visuel et essai fonctionnel réalisés.,2026-S1
MNT-2026S1-1453,EVT-2026S1-0009,EQ-COMP-001,2026-01-07T05:02:00Z,2026-01-07T09:24:00Z,replacement,no_fault_found,262,5.66,274.02,2,"Cause non confirmée, mesures complémentaires nécessaires.",2026-S1
MNT-2026S1-1454,EVT-2026S1-0117,EQ-PUMP-187,2026-05-09T15:25:00Z,2026-05-09T18:17:00Z,preventive,follow_up_required,172,4.56,54.71,0,Intervention préventive conforme au plan.,2026-S1
MNT-2026S1-1455,EVT-2026S1-0319,EQ-COMP-309,2026-03-14T15:17:00Z,2026-03-14T18:17:00Z,replacement,no_fault_found,180,5.08,478.57,2,Pièce remplacée puis remise en service progressive.,2026-S1
MNT-2026S1-1456,EVT-2026S1-0176,EQ-CONV-236,2026-03-13T13:18:00Z,2026-03-13T17:02:00Z,replacement,monitoring,224,3.68,660.0,3,Intervention préventive conforme au plan.,2026-S1
MNT-2026S1-1457,EVT-2026S1-0373,EQ-OVEN-303,2026-01-29T11:26:00Z,2026-01-29T12:17:00Z,corrective,resolved,51,1.96,23.53,0,"Réglage effectué, surveillance demandée à la prochaine ronde.",2026-S1
MNT-2026S1-1458,EVT-2026S1-0382,EQ-CONV-102,2026-01-05T18:35:00Z,2026-01-05T20:42:00Z,preventive,monitoring,127,3.81,,1,"Cause non confirmée, mesures complémentaires nécessaires.",2026-S1
MNT-2026S1-1459,EVT-2026S1-0019,EQ-CONV-004,2026-05-17T03:17:00Z,2026-05-17T07:29:00Z,preventive,resolved,252,5.71,466.05,2,Pièce remplacée puis remise en service progressive.,2026-S1
MNT-2026S1-1460,EVT-2026S1-0110,EQ-PUMP-110,2026-04-11T05:59:00Z,2026-04-11T08:55:00Z,calibration,no_fault_found,176,4.42,306.69,1,Contrôle visuel et essai fonctionnel réalisés.,2026-S1
MNT-2026S1-1461,EVT-2026S1-X010,EQ-OVEN-366,2026-03-22T00:55:00Z,2026-03-22T02:52:00Z,corrective,resolved,117,2.52,185.46,1,Intervention préventive conforme au plan.,2026-S1
MNT-2026S1-1462,EVT-2026S1-0059,EQ-COMP-149,2026-03-09T13:23:00Z,2026-03-09T17:35:00Z,calibration,monitoring,252,4.75,,2,Pièce remplacée puis remise en service progressive.,2026-S1
MNT-2026S1-1463,EVT-2026S1-0094,EQ-PRESS-234,2026-01-17T19:23:00Z,2026-01-18T00:32:00Z,preventive,no_fault_found,309,6.89,764.79,3,"Réglage effectué, surveillance demandée à la prochaine ronde.",2026-S1
MNT-2026S1-1464,EVT-2026S1-0212,EQ-VALVE-316,2026-06-18T19:09:00Z,2026-06-18T20:03:00Z,calibration,resolved,54,2.56,68.34,1,Pièce remplacée puis remise en service progressive.,2026-S1
MNT-2026S1-1465,EVT-2026S1-0013,EQ-CHILL-001,2026-01-02T13:26:00Z,2026-01-02T16:26:00Z,calibration,parts_ordered,180,2.08,733.22,3,Pièce remplacée puis remise en service progressive.,2026-S1
MNT-2026S1-1466,EVT-2026S1-0318,EQ-ROBOT-298,2026-05-19T19:02:00Z,2026-05-19T21:07:00Z,corrective,parts_ordered,125,2.17,26.07,0,Contrôle visuel et essai fonctionnel réalisés.,2026-S1
MNT-2026S1-1467,EVT-2026S1-0493,EQ-CAB-123,2026-04-26T21:29:00Z,2026-04-27T03:21:00Z,replacement,follow_up_required,352,7.8,607.12,3,Contrôle visuel et essai fonctionnel réalisés.,2026-S1
MNT-2026S1-1468,EVT-2026S1-0197,EQ-PUMP-167,2026-01-06T10:47:00Z,2026-01-06T13:52:00Z,inspection,follow_up_required,185,3.21,38.55,0,"Cause non confirmée, mesures complémentaires nécessaires.",2026-S1
MNT-2026S1-1469,EVT-2026S1-0294,EQ-PRESS-334,2026-03-02T02:43:00Z,2026-03-02T07:20:00Z,inspection,monitoring,277,7.03,435.55,3,Contrôle visuel et essai fonctionnel réalisés.,2026-S1
MNT-2026S1-1470,EVT-2026S1-0224,EQ-FAN-164,2026-04-01T11:20:00Z,2026-04-01T16:09:00Z,inspection,follow_up_required,289,8.51,840.62,3,Contrôle visuel et essai fonctionnel réalisés.,2026-S1
MNT-2026S1-1471,EVT-2026S1-X002,EQ-ROBOT-175,2026-04-21T20:53:00Z,2026-04-21T21:32:00Z,preventive,parts_ordered,39,0.97,11.6,0,Intervention préventive conforme au plan.,2026-S1
MNT-2026S1-1472,EVT-2026S1-0205,EQ-ROBOT-255,2026-01-05T20:17:00Z,2026-01-05T22:47:00Z,replacement,no_fault_found,150,5.22,470.28,3,Intervention préventive conforme au plan.,2026-S1
MNT-2026S1-1473,EVT-2026S1-0285,EQ-ROBOT-235,2026-02-27T14:33:00Z,2026-02-27T17:40:00Z,replacement,resolved,187,3.62,298.98,3,Contrôle visuel et essai fonctionnel réalisés.,2026-S1
MNT-2026S1-1474,EVT-2026S1-0002,EQ-CONV-003,2026-05-22T14:45:00Z,2026-05-22T17:28:00Z,calibration,parts_ordered,163,3.41,107.28,1,Pièce remplacée puis remise en service progressive.,2026-S1
MNT-2026S1-1475,EVT-2026S1-0345,EQ-ROBOT-295,2026-05-12T22:02:00Z,2026-05-13T01:21:00Z,corrective,follow_up_required,199,4.01,88.39,1,"Cause non confirmée, mesures complémentaires nécessaires.",2026-S1
MNT-2026S1-1476,EVT-2026S1-0433,EQ-STEAM-363,2026-02-12T09:42:00Z,2026-02-12T11:06:00Z,corrective,parts_ordered,84,2.4,215.53,1,Intervention préventive conforme au plan.,2026-S1
MNT-2026S1-1477,EVT-2026S1-0338,EQ-ROBOT-218,2026-05-11T15:58:00Z,2026-05-11T18:31:00Z,calibration,follow_up_required,153,2.35,28.21,0,"Réglage effectué, surveillance demandée à la prochaine ronde.",2026-S1
MNT-2026S1-1478,EVT-2026S1-0367,EQ-PRESS-237,2026-03-20T16:04:00Z,2026-03-20T22:10:00Z,calibration,follow_up_required,366,8.46,198.56,1,"Réglage effectué, surveillance demandée à la prochaine ronde.",2026-S1
MNT-2026S1-1479,EVT-2026S1-0213,EQ-OVEN-343,2026-05-06T06:51:00Z,2026-05-06T07:20:00Z,calibration,follow_up_required,29,0.25,251.52,1,"Cause non confirmée, mesures complémentaires nécessaires.",2026-S1
MNT-2026S1-1480,EVT-2026S1-0463,EQ-CHILL-393,2026-02-10T03:53:00Z,,preventive,parts_ordered,86,4.03,176.43,1,"Réglage effectué, surveillance demandée à la prochaine ronde.",2026-S1
MNT-2026S1-1481,EVT-2026S1-0147,EQ-PRESS-217,2026-04-22T22:26:00Z,2026-04-23T02:35:00Z,inspection,parts_ordered,249,5.26,516.27,2,"Réglage effectué, surveillance demandée à la prochaine ronde.",2026-S1
MNT-2026S1-1482,EVT-2026S1-0330,EQ-PUMP-130,2026-01-29T12:21:00Z,2026-01-29T14:20:00Z,inspection,resolved,119,3.13,363.99,2,Intervention préventive conforme au plan.,2026-S1
MNT-2026S1-1483,EVT-2026S1-0314,EQ-PRESS-254,2026-06-03T06:22:00Z,2026-06-03T11:39:00Z,calibration,resolved,317,8.0,861.0,3,"Réglage effectué, surveillance demandée à la prochaine ronde.",2026-S1
MNT-2026S1-1484,EVT-2026S1-0359,EQ-COMP-149,2026-03-26T02:31:00Z,2026-03-26T05:31:00Z,corrective,follow_up_required,180,3.74,,0,Contrôle visuel et essai fonctionnel réalisés.,2026-S1
MNT-2026S1-1485,EVT-2026S1-0165,EQ-ROBOT-115,2026-05-15T10:21:00Z,2026-05-15T13:29:00Z,replacement,no_fault_found,188,5.04,549.96,2,Pièce remplacée puis remise en service progressive.,2026-S1
MNT-2026S1-1486,EVT-2026S1-0472,EQ-PUMP-192,2026-02-02T05:02:00Z,2026-02-02T08:07:00Z,preventive,resolved,185,5.02,201.85,1,"Cause non confirmée, mesures complémentaires nécessaires.",2026-S1
MNT-2026S1-1487,EVT-2026S1-0113,EQ-OVEN-143,2026-04-26T22:44:00Z,2026-04-26T23:10:00Z,calibration,parts_ordered,26,1.08,13.01,0,"Cause non confirmée, mesures complémentaires nécessaires.",2026-S1
MNT-2026S1-1488,EVT-2026S1-0283,EQ-COMP-213,2026-03-21T21:28:00Z,2026-03-21T23:29:00Z,inspection,follow_up_required,121,4.02,194.5,1,Contrôle visuel et essai fonctionnel réalisés.,2026-S1
MNT-2026S1-1489,EVT-2026S1-0469,EQ-CONV-159,2026-02-18T06:32:00Z,2026-02-18T09:02:00Z,preventive,no_fault_found,150,4.15,218.67,1,Pièce remplacée puis remise en service progressive.,2026-S1
MNT-2026S1-1490,EVT-2026S1-0015,EQ-PUMP-001,2026-06-18T04:06:00Z,2026-06-18T04:26:00Z,inspection,follow_up_required,20,1.68,220.99,1,"Cause non confirmée, mesures complémentaires nécessaires.",2026-S1
MNT-2026S1-1491,EVT-2026S1-0026,EQ-CONV-002,2026-05-31T21:24:00Z,2026-06-01T00:44:00Z,replacement,no_fault_found,200,7.13,545.39,2,"Cause non confirmée, mesures complémentaires nécessaires.",2026-S1
MNT-2026S1-1492,EVT-2026S1-0107,EQ-PRESS-377,2026-05-22T18:10:00Z,2026-05-22T22:34:00Z,corrective,parts_ordered,264,7.82,279.83,3,Contrôle visuel et essai fonctionnel réalisés.,2026-S1
MNT-2026S1-1493,EVT-2026S1-0277,EQ-PUMP-147,2026-02-03T19:49:00Z,2026-02-03T22:30:00Z,inspection,resolved,161,2.76,176.84,2,Intervention préventive conforme au plan.,2026-S1
MNT-2026S1-1494,EVT-2026S1-0052,EQ-EXTRA-422,2026-05-04T20:16:00Z,2026-05-04T21:21:00Z,preventive,follow_up_required,65,1.16,231.67,1,"Cause non confirmée, mesures complémentaires nécessaires.",2026-S1
MNT-2026S1-1495,EVT-2026S1-0036,EQ-CHILL-001,2026-05-07T17:12:00Z,2026-05-07T19:11:00Z,calibration,follow_up_required,119,1.39,16.7,0,"Cause non confirmée, mesures complémentaires nécessaires.",2026-S1
MNT-2026S1-1496,EVT-2026S1-X005,EQ-FAN-200,2026-05-25T06:30:00Z,2026-05-25T07:36:00Z,inspection,no_fault_found,66,0.35,4.17,0,Intervention préventive conforme au plan.,2026-S1
MNT-2026S1-1497,EVT-2026S1-0161,EQ-PUMP-371,2026-03-30T14:58:00Z,2026-03-30T17:58:00Z,inspection,no_fault_found,180,4.8,57.63,0,Contrôle visuel et essai fonctionnel réalisés.,2026-S1
MNT-2026S1-1498,EVT-2026S1-0233,EQ-OVEN-263,2026-05-11T19:23:00Z,2026-05-11T20:10:00Z,corrective,parts_ordered,47,2.56,30.76,0,"Réglage effectué, surveillance demandée à la prochaine ronde.",2026-S1
MNT-2026S1-1499,EVT-2026S1-0105,EQ-ROBOT-355,2026-04-09T19:17:00Z,2026-04-09T22:32:00Z,inspection,parts_ordered,195,5.47,542.96,2,"Cause non confirmée, mesures complémentaires nécessaires.",2026-S1
MNT-2026S1-1500,EVT-2026S1-0156,EQ-CONV-316,2026-02-28T14:57:00Z,2026-02-28T17:49:00Z,corrective,no_fault_found,172,4.18,116.11,1,"Cause non confirmée, mesures complémentaires nécessaires.",2026-S1
MNT-2026S1-1501,EVT-2026S1-0428,EQ-LIFT-308,2026-01-08T14:22:00Z,2026-01-08T17:09:00Z,inspection,parts_ordered,167,4.46,298.57,1,Intervention préventive conforme au plan.,2026-S1
MNT-2026S1-1502,EVT-2026S1-0191,EQ-EXTRA-405,2026-01-24T18:18:00Z,2026-01-24T20:05:00Z,corrective,follow_up_required,107,1.8,256.26,1,Contrôle visuel et essai fonctionnel réalisés.,2026-S1
MNT-2026S1-1503,EVT-2026S1-0190,EQ-PUMP-390,2026-03-27T03:49:00Z,2026-03-27T05:29:00Z,calibration,resolved,100,4.39,157.98,1,Pièce remplacée puis remise en service progressive.,2026-S1
MNT-2026S1-1504,EVT-2026S1-0224,EQ-FAN-164,2026-04-01T11:51:00Z,2026-04-01T17:01:00Z,preventive,no_fault_found,310,8.29,745.49,3,Contrôle visuel et essai fonctionnel réalisés.,2026-S1
MNT-2026S1-1505,EVT-2026S1-0147,EQ-PRESS-217,2026-04-22T22:53:00Z,2026-04-23T03:00:00Z,corrective,parts_ordered,247,7.48,567.88,3,Intervention préventive conforme au plan.,2026-S1
MNT-2026S1-1506,EVT-2026S1-0130,EQ-PUMP-330,2026-03-04T04:07:00Z,2026-03-04T07:24:00Z,replacement,parts_ordered,197,4.88,398.07,2,"Cause non confirmée, mesures complémentaires nécessaires.",2026-S1
MNT-2026S1-1507,EVT-2026S1-X007,EQ-STEAM-352,2026-06-03T21:03:00Z,2026-06-04T00:24:00Z,calibration,no_fault_found,201,3.47,401.86,2,Intervention préventive conforme au plan.,2026-S1
MNT-2026S1-1508,EVT-2026S1-X038,EQ-ROBOT-358,2026-05-07T18:20:00Z,2026-05-07T20:56:00Z,calibration,follow_up_required,156,3.6,43.24,0,"Cause non confirmée, mesures complémentaires nécessaires.",2026-S1
MNT-2026S1-1509,EVT-2026S1-0268,EQ-CHILL-348,2026-04-14T20:28:00Z,2026-04-15T00:05:00Z,preventive,monitoring,217,4.45,641.49,3,Pièce remplacée puis remise en service progressive.,2026-S1
MNT-2026S1-1510,EVT-2026S1-0486,EQ-ROBOT-346,2026-03-11T07:26:00Z,2026-03-11T12:25:00Z,calibration,resolved,299,7.58,251.65,2,"Réglage effectué, surveillance demandée à la prochaine ronde.",2026-S1
MNT-2026S1-1511,EVT-2026S1-0222,EQ-CONV-142,2026-06-06T18:00:00Z,2026-06-06T18:41:00Z,inspection,monitoring,41,,12.2,0,Intervention préventive conforme au plan.,2026-S1
MNT-2026S1-1512,EVT-2026S1-0245,EQ-ROBOT-395,2026-03-26T06:25:00Z,2026-03-26T10:03:00Z,inspection,resolved,218,5.22,62.64,0,"Cause non confirmée, mesures complémentaires nécessaires.",2026-S1
MNT-2026S1-1513,EVT-2026S1-0387,EQ-PRESS-157,2026-02-02T13:18:00Z,2026-02-02T18:13:00Z,replacement,monitoring,295,6.45,627.03,3,Pièce remplacée puis remise en service progressive.,2026-S1
MNT-2026S1-1514,EVT-2026S1-X037,EQ-STEAM-341,2026-03-17T19:09:00Z,2026-03-17T20:07:00Z,replacement,no_fault_found,58,2.56,30.7,0,"Réglage effectué, surveillance demandée à la prochaine ronde.",2026-S1
MNT-2026S1-1515,EVT-2026S1-0185,EQ-ROBOT-335,2026-01-05T13:55:00Z,2026-01-05T17:18:00Z,calibration,monitoring,203,4.64,135.24,1,"Cause non confirmée, mesures complémentaires nécessaires.",2026-S1
MNT-2026S1-1516,EVT-2026S1-0110,EQ-PUMP-110,2026-04-11T05:12:00Z,2026-04-11T08:25:00Z,replacement,monitoring,193,5.46,542.62,2,Contrôle visuel et essai fonctionnel réalisés.,2026-S1
MNT-2026S1-1517,EVT-2026S1-0327,EQ-PRESS-397,2026-04-27T13:31:00Z,,replacement,follow_up_required,281,7.67,731.54,3,"Cause non confirmée, mesures complémentaires nécessaires.",2026-S1
MNT-2026S1-1518,EVT-2026S1-0105,EQ-ROBOT-355,2026-04-09T19:32:00Z,2026-04-09T23:08:00Z,corrective,parts_ordered,216,3.48,270.35,1,Contrôle visuel et essai fonctionnel réalisés.,2026-S1
MNT-2026S1-1519,EVT-2026S1-0087,EQ-PRESS-157,2026-01-09T14:14:00Z,2026-01-09T19:03:00Z,inspection,parts_ordered,289,6.35,183.5,1,Intervention préventive conforme au plan.,2026-S1
MNT-2026S1-1520,EVT-2026S1-0116,EQ-CONV-176,2026-04-21T21:30:00Z,2026-04-22T00:00:00Z,preventive,monitoring,150,6.01,72.15,0,"Réglage effectué, surveillance demandée à la prochaine ronde.",2026-S1
MNT-2026S1-1521,EVT-2026S1-0311,EQ-EXTRA-405,2026-03-08T02:09:00Z,2026-03-08T05:13:00Z,calibration,resolved,184,3.49,41.9,0,"Réglage effectué, surveillance demandée à la prochaine ronde.",2026-S1
MNT-2026S1-1522,EVT-2026S1-0418,EQ-PACK-198,2026-02-05T02:18:00Z,2026-02-05T04:36:00Z,inspection,parts_ordered,138,2.69,32.32,0,Intervention préventive conforme au plan.,2026-S1
MNT-2026S1-1523,EVT-2026S1-0001,EQ-PUMP-001,2026-02-20T00:46:00Z,2026-02-20T03:47:00Z,preventive,resolved,181,3.0,496.1,2,"Cause non confirmée, mesures complémentaires nécessaires.",2026-S1
MNT-2026S1-1524,EVT-2026S1-0306,EQ-OVEN-166,2026-01-22T12:01:00Z,2026-01-22T14:10:00Z,corrective,monitoring,129,3.78,373.95,3,"Réglage effectué, surveillance demandée à la prochaine ronde.",2026-S1
MNT-2026S1-1525,EVT-2026S1-0478,EQ-FAN-001,2026-04-23T07:43:00Z,2026-04-23T09:13:00Z,replacement,parts_ordered,90,3.11,37.3,0,Pièce remplacée puis remise en service progressive.,2026-S1
MNT-2026S1-1526,EVT-2026S1-0096,EQ-CONV-256,2026-05-09T17:27:00Z,2026-05-09T19:30:00Z,calibration,no_fault_found,123,3.92,524.72,2,Contrôle visuel et essai fonctionnel réalisés.,2026-S1
MNT-2026S1-1527,EVT-2026S1-0387,EQ-PRESS-157,2026-02-02T12:21:00Z,2026-02-02T17:00:00Z,preventive,resolved,279,7.44,1127.58,4,"Réglage effectué, surveillance demandée à la prochaine ronde.",2026-S1
MNT-2026S1-1528,EVT-2026S1-0393,EQ-OVEN-223,2026-03-26T19:39:00Z,2026-03-26T20:20:00Z,calibration,follow_up_required,41,2.84,130.07,1,Pièce remplacée puis remise en service progressive.,2026-S1
MNT-2026S1-1529,EVT-2026S1-0499,EQ-VALVE-189,2026-05-01T13:19:00Z,2026-05-01T15:00:00Z,calibration,no_fault_found,101,1.45,17.36,0,Contrôle visuel et essai fonctionnel réalisés.,2026-S1
MNT-2026S1-1530,EVT-2026S1-X002,EQ-ROBOT-175,2026-04-21T22:24:00Z,2026-04-21T23:48:00Z,calibration,monitoring,84,3.74,294.13,1,Intervention préventive conforme au plan.,2026-S1
MNT-2026S1-1531,EVT-2026S1-0032,EQ-PUMP-005,2026-04-09T20:13:00Z,2026-04-09T23:31:00Z,preventive,no_fault_found,198,4.43,519.89,2,Intervention préventive conforme au plan.,2026-S1
MNT-2026S1-1532,EVT-2026S1-0032,EQ-PUMP-005,2026-04-09T19:54:00Z,2026-04-09T23:52:00Z,replacement,monitoring,238,5.96,127.21,1,"Cause non confirmée, mesures complémentaires nécessaires.",2026-S1
MNT-2026S1-1533,EVT-2026S1-0045,EQ-ROBOT-295,2026-06-01T10:14:00Z,2026-06-01T12:37:00Z,replacement,follow_up_required,143,4.34,239.11,1,"Cause non confirmée, mesures complémentaires nécessaires.",2026-S1
MNT-2026S1-1534,EVT-2026S1-0437,EQ-COMP-107,2026-01-02T16:31:00Z,2026-01-02T17:31:00Z,inspection,parts_ordered,60,2.05,91.29,1,Pièce remplacée puis remise en service progressive.,2026-S1
MNT-2026S1-1535,EVT-2026S1-X047,EQ-PUMP-214,2026-02-14T09:35:00Z,2026-02-14T12:58:00Z,corrective,no_fault_found,203,3.8,45.55,0,Pièce remplacée puis remise en service progressive.,2026-S1
MNT-2026S1-1536,EVT-2026S1-0214,EQ-PRESS-354,2026-01-21T07:27:00Z,2026-01-21T12:09:00Z,inspection,follow_up_required,282,7.86,321.53,2,Pièce remplacée puis remise en service progressive.,2026-S1
MNT-2026S1-1537,EVT-2026S1-0014,EQ-PRESS-002,2026-03-28T18:19:00Z,2026-03-28T23:22:00Z,corrective,parts_ordered,303,6.98,210.42,1,"Réglage effectué, surveillance demandée à la prochaine ronde.",2026-S1
MNT-2026S1-1538,EVT-2026S1-0321,EQ-PUMP-331,2026-06-06T13:03:00Z,2026-06-06T15:29:00Z,inspection,monitoring,146,3.91,46.96,0,Pièce remplacée puis remise en service progressive.,2026-S1
MNT-2026S1-1539,EVT-2026S1-0200,EQ-FAN-200,2026-02-15T01:50:00Z,2026-02-15T02:27:00Z,replacement,no_fault_found,37,0.25,78.67,1,"Cause non confirmée, mesures complémentaires nécessaires.",2026-S1
MNT-2026S1-1540,EVT-2026S1-X010,EQ-OVEN-366,2026-03-22T02:07:00Z,2026-03-22T03:18:00Z,replacement,monitoring,71,1.35,231.47,2,Contrôle visuel et essai fonctionnel réalisés.,2026-S1
MNT-2026S1-1541,EVT-2026S1-X015,EQ-PRESS-277,2026-03-29T18:43:00Z,2026-03-29T19:46:00Z,preventive,parts_ordered,63,0.82,9.84,0,"Cause non confirmée, mesures complémentaires nécessaires.",2026-S1
MNT-2026S1-1542,EVT-2026S1-0281,EQ-PUMP-191,2026-03-07T02:25:00Z,2026-03-07T05:31:00Z,inspection,parts_ordered,186,4.2,193.75,2,Contrôle visuel et essai fonctionnel réalisés.,2026-S1
MNT-2026S1-1543,EVT-2026S1-0384,EQ-FAN-124,2026-04-11T08:44:00Z,2026-04-11T12:53:00Z,calibration,follow_up_required,249,4.62,401.34,2,Pièce remplacée puis remise en service progressive.,2026-S1
MNT-2026S1-1544,EVT-2026S1-0246,EQ-OVEN-106,2026-01-12T08:43:00Z,2026-01-12T10:35:00Z,preventive,follow_up_required,112,2.92,186.19,2,"Cause non confirmée, mesures complémentaires nécessaires.",2026-S1
MNT-2026S1-1545,EVT-2026S1-0451,EQ-MIX-261,2026-02-23T04:23:00Z,2026-02-23T06:49:00Z,calibration,follow_up_required,146,2.78,33.36,0,"Réglage effectué, surveillance demandée à la prochaine ronde.",2026-S1
MNT-2026S1-1546,EVT-2026S1-0023,EQ-CHILL-002,2026-05-24T23:17:00Z,2026-05-25T01:24:00Z,corrective,monitoring,127,1.98,23.79,0,Intervention préventive conforme au plan.,2026-S1
MNT-2026S1-1547,EVT-2026S1-0416,EQ-PACK-176,2026-04-02T15:04:00Z,2026-04-02T16:01:00Z,calibration,monitoring,57,1.74,20.89,0,"Cause non confirmée, mesures complémentaires nécessaires.",2026-S1
MNT-2026S1-1548,EVT-2026S1-0254,EQ-PRESS-194,2026-04-02T19:45:00Z,2026-04-03T00:18:00Z,corrective,follow_up_required,273,6.15,216.17,2,"Réglage effectué, surveillance demandée à la prochaine ronde.",2026-S1
MNT-2026S1-1549,EVT-2026S1-0221,EQ-PUMP-131,2026-03-27T16:21:00Z,2026-03-27T19:09:00Z,calibration,parts_ordered,168,4.15,49.77,0,Intervention préventive conforme au plan.,2026-S1
MNT-2026S1-1550,EVT-2026S1-0174,EQ-PRESS-214,2026-04-30T13:31:00Z,2026-04-30T18:20:00Z,corrective,resolved,289,7.0,428.13,2,Intervention préventive conforme au plan.,2026-S1
MNT-2026S1-1551,EVT-2026S1-0454,EQ-MIX-294,2026-05-11T03:03:00Z,2026-05-11T04:42:00Z,replacement,monitoring,99,2.43,242.5,2,Pièce remplacée puis remise en service progressive.,2026-S1
MNT-2026S1-1552,EVT-2026S1-0295,EQ-SENSOR-345,2026-05-11T23:45:00Z,2026-05-12T01:05:00Z,calibration,monitoring,80,3.96,47.48,0,"Cause non confirmée, mesures complémentaires nécessaires.",2026-S1
MNT-2026S1-1553,EVT-2026S1-0454,EQ-MIX-294,2026-05-11T01:22:00Z,2026-05-11T03:15:00Z,calibration,monitoring,113,1.09,413.64,2,Contrôle visuel et essai fonctionnel réalisés.,2026-S1
MNT-2026S1-1554,EVT-2026S1-0440,EQ-COMP-140,2026-04-12T05:43:00Z,,replacement,monitoring,73,2.44,,1,"Cause non confirmée, mesures complémentaires nécessaires.",2026-S1
MNT-2026S1-1555,EVT-2026S1-0489,EQ-ROBOT-379,2026-04-12T23:02:00Z,2026-04-13T05:10:00Z,preventive,monitoring,368,7.67,135.5,1,"Réglage effectué, surveillance demandée à la prochaine ronde.",2026-S1
MNT-2026S1-1556,EVT-2026S1-0400,EQ-FAN-300,2026-04-01T14:03:00Z,2026-04-01T16:01:00Z,preventive,monitoring,118,1.72,213.51,1,Contrôle visuel et essai fonctionnel réalisés.,2026-S1
MNT-2026S1-1557,EVT-2026S1-0434,EQ-STEAM-374,2026-01-24T11:16:00Z,2026-01-24T12:18:00Z,calibration,resolved,62,2.57,138.25,2,"Réglage effectué, surveillance demandée à la prochaine ronde.",2026-S1
MNT-2026S1-1558,EVT-2026S1-0126,EQ-OVEN-286,2026-04-29T21:22:00Z,2026-04-30T00:23:00Z,replacement,parts_ordered,181,2.73,279.67,1,"Réglage effectué, surveillance demandée à la prochaine ronde.",2026-S1
MNT-2026S1-1559,EVT-2026S1-0422,EQ-DRYER-242,2026-01-07T00:48:00Z,2026-01-07T04:02:00Z,corrective,resolved,194,4.27,51.26,0,"Réglage effectué, surveillance demandée à la prochaine ronde.",2026-S1
MNT-2026S1-1560,EVT-2026S1-0356,EQ-CONV-116,2026-03-17T07:29:00Z,2026-03-17T10:57:00Z,calibration,resolved,208,5.54,204.3,2,Contrôle visuel et essai fonctionnel réalisés.,2026-S1
MNT-2026S1-1561,EVT-2026S1-0121,EQ-PUMP-231,2026-02-06T16:34:00Z,2026-02-06T18:54:00Z,inspection,parts_ordered,140,4.56,295.98,1,Contrôle visuel et essai fonctionnel réalisés.,2026-S1
MNT-2026S1-1562,EVT-2026S1-X025,EQ-PUMP-307,2026-01-09T07:39:00Z,2026-01-09T12:45:00Z,calibration,follow_up_required,306,5.69,760.02,3,Intervention préventive conforme au plan.,2026-S1
MNT-2026S1-1563,EVT-2026S1-0023,EQ-CHILL-002,2026-05-24T22:24:00Z,2026-05-24T23:26:00Z,preventive,no_fault_found,62,1.31,15.75,0,"Cause non confirmée, mesures complémentaires nécessaires.",2026-S1
MNT-2026S1-1564,EVT-2026S1-0353,EQ-OVEN-383,2026-01-02T08:55:00Z,2026-01-02T09:10:00Z,inspection,follow_up_required,15,1.66,19.95,0,"Réglage effectué, surveillance demandée à la prochaine ronde.",2026-S1
MNT-2026S1-1565,EVT-2026S1-0244,EQ-FAN-384,2026-02-24T22:55:00Z,2026-02-25T02:45:00Z,calibration,no_fault_found,230,7.93,248.59,3,"Cause non confirmée, mesures complémentaires nécessaires.",2026-S1
MNT-2026S1-1566,EVT-2026S1-0437,EQ-COMP-107,2026-01-02T15:33:00Z,2026-01-02T17:07:00Z,replacement,follow_up_required,94,3.09,256.92,1,Intervention préventive conforme au plan.,2026-S1
MNT-2026S1-1567,EVT-2026S1-0386,EQ-OVEN-146,2026-03-21T05:39:00Z,2026-03-21T08:00:00Z,corrective,monitoring,141,3.68,194.04,2,Contrôle visuel et essai fonctionnel réalisés.,2026-S1
MNT-2026S1-1568,EVT-2026S1-X043,EQ-EXTRA-421,2026-03-28T20:45:00Z,2026-03-28T21:29:00Z,corrective,parts_ordered,44,2.11,139.41,1,Pièce remplacée puis remise en service progressive.,2026-S1
MNT-2026S1-1569,EVT-2026S1-0200,EQ-FAN-200,2026-02-15T02:13:00Z,2026-02-15T03:12:00Z,preventive,resolved,59,2.04,24.48,0,"Réglage effectué, surveillance demandée à la prochaine ronde.",2026-S1
MNT-2026S1-1570,EVT-2026S1-0411,EQ-GEAR-121,2026-01-29T12:47:00Z,2026-01-29T14:01:00Z,replacement,monitoring,74,3.56,433.76,2,"Cause non confirmée, mesures complémentaires nécessaires.",2026-S1
MNT-2026S1-1571,EVT-2026S1-0226,EQ-OVEN-186,2026-03-03T10:48:00Z,2026-03-03T12:59:00Z,inspection,parts_ordered,131,4.07,214.26,2,Intervention préventive conforme au plan.,2026-S1
MNT-2026S1-1572,EVT-2026S1-0114,EQ-PRESS-154,2026-03-05T06:57:00Z,2026-03-05T12:06:00Z,preventive,follow_up_required,309,7.36,335.28,2,Intervention préventive conforme au plan.,2026-S1
MNT-2026S1-1573,EVT-2026S1-0187,EQ-PRESS-357,2026-04-24T17:16:00Z,2026-04-24T21:20:00Z,replacement,resolved,244,6.19,428.56,2,Contrôle visuel et essai fonctionnel réalisés.,2026-S1
MNT-2026S1-1574,EVT-2026S1-0122,EQ-CONV-242,2026-02-28T07:02:00Z,2026-02-28T09:37:00Z,replacement,resolved,155,2.57,30.84,0,Intervention préventive conforme au plan.,2026-S1
MNT-2026S1-1575,EVT-2026S1-X041,EQ-CONV-362,2026-03-14T02:34:00Z,2026-03-14T04:14:00Z,preventive,follow_up_required,100,2.54,30.53,0,"Cause non confirmée, mesures complémentaires nécessaires.",2026-S1
MNT-2026S1-1576,EVT-2026S1-0044,EQ-FAN-284,2026-02-24T00:16:00Z,2026-02-24T04:39:00Z,inspection,monitoring,263,8.01,194.78,1,"Cause non confirmée, mesures complémentaires nécessaires.",2026-S1
MNT-2026S1-1577,EVT-2026S1-0185,EQ-ROBOT-335,2026-01-05T13:12:00Z,2026-01-05T15:49:00Z,calibration,no_fault_found,157,3.72,149.26,1,"Cause non confirmée, mesures complémentaires nécessaires.",2026-S1
MNT-2026S1-1578,EVT-2026S1-0023,EQ-CHILL-002,2026-05-24T21:20:00Z,2026-05-24T23:32:00Z,preventive,follow_up_required,132,3.38,575.19,3,Pièce remplacée puis remise en service progressive.,2026-S1
MNT-2026S1-1579,EVT-2026S1-0074,EQ-PRESS-314,2026-05-22T17:49:00Z,2026-05-22T21:58:00Z,inspection,follow_up_required,249,7.69,431.65,3,Contrôle visuel et essai fonctionnel réalisés.,2026-S1
MNT-2026S1-1580,EVT-2026S1-0311,EQ-EXTRA-405,2026-03-08T00:00:00Z,2026-03-08T03:03:00Z,preventive,parts_ordered,183,4.31,51.77,0,"Cause non confirmée, mesures complémentaires nécessaires.",2026-S1
MNT-2026S1-1581,EVT-2026S1-0418,EQ-PACK-198,2026-02-05T01:53:00Z,2026-02-05T02:55:00Z,preventive,resolved,62,1.99,480.32,2,Pièce remplacée puis remise en service progressive.,2026-S1
MNT-2026S1-1582,EVT-2026S1-0222,EQ-CONV-142,2026-06-06T18:05:00Z,2026-06-06T20:01:00Z,preventive,follow_up_required,116,2.2,251.51,2,"Cause non confirmée, mesures complémentaires nécessaires.",2026-S1
MNT-2026S1-1583,EVT-2026S1-0404,EQ-MOTOR-344,2026-01-27T12:10:00Z,2026-01-27T15:20:00Z,corrective,monitoring,190,4.3,218.9,1,Pièce remplacée puis remise en service progressive.,2026-S1
MNT-2026S1-1584,EVT-2026S1-0138,EQ-ROBOT-118,2026-04-22T17:11:00Z,2026-04-22T18:24:00Z,calibration,resolved,73,1.71,20.49,0,"Réglage effectué, surveillance demandée à la prochaine ronde.",2026-S1
MNT-2026S1-1585,EVT-2026S1-0466,EQ-CONV-126,2026-02-15T14:03:00Z,2026-02-15T16:54:00Z,corrective,monitoring,171,3.49,41.91,0,Pièce remplacée puis remise en service progressive.,2026-S1
MNT-2026S1-1586,EVT-2026S1-0251,EQ-SENSOR-165,2026-01-04T09:27:00Z,2026-01-04T10:27:00Z,inspection,no_fault_found,60,0.96,240.9,1,Contrôle visuel et essai fonctionnel réalisés.,2026-S1
MNT-2026S1-1587,EVT-2026S1-0322,EQ-CONV-342,2026-01-16T18:43:00Z,2026-01-16T21:15:00Z,preventive,resolved,152,2.88,34.56,0,Intervention préventive conforme au plan.,2026-S1
MNT-2026S1-1588,EVT-2026S1-0190,EQ-PUMP-390,2026-03-27T04:04:00Z,2026-03-27T07:44:00Z,replacement,monitoring,220,5.45,65.43,0,"Cause non confirmée, mesures complémentaires nécessaires.",2026-S1
MNT-2026S1-1589,EVT-2026S1-0179,EQ-COMP-269,2026-02-13T17:16:00Z,2026-02-13T20:51:00Z,corrective,follow_up_required,215,4.68,56.19,0,"Cause non confirmée, mesures complémentaires nécessaires.",2026-S1
MNT-2026S1-1590,EVT-2026S1-0136,EQ-CONV-396,2026-02-24T13:15:00Z,2026-02-24T17:24:00Z,replacement,monitoring,249,4.39,288.91,2,Contrôle visuel et essai fonctionnel réalisés.,2026-S1
MNT-2026S1-1591,EVT-2026S1-X051,EQ-COMP-396,2026-03-21T18:24:00Z,,replacement,resolved,126,2.08,24.92,0,Contrôle visuel et essai fonctionnel réalisés.,2026-S1
MNT-2026S1-1592,EVT-2026S1-0069,EQ-MIX-259,2026-01-07T17:01:00Z,2026-01-07T18:49:00Z,corrective,parts_ordered,108,1.5,382.23,2,"Réglage effectué, surveillance demandée à la prochaine ronde.",2026-S1
MNT-2026S1-1593,EVT-2026S1-0237,EQ-PUMP-307,2026-03-14T02:06:00Z,2026-03-14T04:21:00Z,calibration,resolved,135,3.67,43.98,0,"Cause non confirmée, mesures complémentaires nécessaires.",2026-S1
MNT-2026S1-1594,EVT-2026S1-0487,EQ-ROBOT-357,2026-04-09T10:19:00Z,2026-04-09T14:59:00Z,corrective,follow_up_required,280,8.65,800.03,4,"Cause non confirmée, mesures complémentaires nécessaires.",2026-S1
MNT-2026S1-1595,EVT-2026S1-0265,EQ-ROBOT-315,2026-03-25T03:04:00Z,2026-03-25T06:15:00Z,inspection,parts_ordered,191,3.9,104.8,1,"Réglage effectué, surveillance demandée à la prochaine ronde.",2026-S1
MNT-2026S1-1596,EVT-2026S1-0236,EQ-CONV-296,2026-01-18T20:28:00Z,2026-01-18T22:00:00Z,preventive,monitoring,92,3.68,268.29,3,Intervention préventive conforme au plan.,2026-S1
MNT-2026S1-1597,EVT-2026S1-0492,EQ-CAB-112,2026-05-25T10:33:00Z,2026-05-25T16:20:00Z,calibration,no_fault_found,347,8.55,239.29,3,"Réglage effectué, surveillance demandée à la prochaine ronde.",2026-S1
MNT-2026S1-1598,EVT-2026S1-0162,EQ-CONV-382,2026-03-01T08:05:00Z,2026-03-01T09:44:00Z,replacement,monitoring,99,2.8,33.54,0,"Réglage effectué, surveillance demandée à la prochaine ronde.",2026-S1
MNT-2026S1-1599,EVT-2026S1-X029,EQ-ROBOT-155,2026-06-16T00:21:00Z,2026-06-16T01:43:00Z,calibration,monitoring,82,1.86,22.29,0,Pièce remplacée puis remise en service progressive.,2026-S1
MNT-2026S1-1600,EVT-2026S1-0024,EQ-PRESS-001,2026-01-20T08:09:00Z,2026-01-20T12:48:00Z,replacement,monitoring,279,6.18,470.01,2,Intervention préventive conforme au plan.,2026-S1
MNT-2026S1-1601,EVT-2026S1-0105,EQ-ROBOT-355,2026-04-09T19:33:00Z,2026-04-09T22:02:00Z,calibration,no_fault_found,149,5.64,317.99,1,Intervention préventive conforme au plan.,2026-S1
MNT-2026S1-1602,EVT-2026S1-X002,EQ-ROBOT-175,2026-04-21T23:09:00Z,2026-04-22T00:18:00Z,corrective,resolved,69,3.87,46.5,0,"Réglage effectué, surveillance demandée à la prochaine ronde.",2026-S1
MNT-2026S1-1603,EVT-2026S1-0070,EQ-PUMP-270,2026-05-07T23:17:00Z,2026-05-08T02:43:00Z,preventive,no_fault_found,206,4.3,125.53,2,"Cause non confirmée, mesures complémentaires nécessaires.",2026-S1
MNT-2026S1-1604,EVT-2026S1-0145,EQ-ROBOT-195,2026-06-03T09:47:00Z,2026-06-03T12:02:00Z,calibration,no_fault_found,135,5.95,405.2,3,Contrôle visuel et essai fonctionnel réalisés.,2026-S1
MNT-2026S1-1605,EVT-2026S1-0343,EQ-COMP-273,2026-02-28T22:18:00Z,2026-03-01T01:41:00Z,corrective,parts_ordered,203,5.77,167.26,1,Intervention préventive conforme au plan.,2026-S1
MNT-2026S1-1606,EVT-2026S1-0035,EQ-MIX-001,2026-05-21T00:32:00Z,2026-05-21T00:48:00Z,inspection,follow_up_required,16,1.1,13.2,0,Intervention préventive conforme au plan.,2026-S1
MNT-2026S1-1607,EVT-2026S1-0031,EQ-PRESS-003,2026-04-10T17:39:00Z,2026-04-10T19:59:00Z,preventive,resolved,140,3.25,431.65,2,"Réglage effectué, surveillance demandée à la prochaine ronde.",2026-S1
MNT-2026S1-1608,EVT-2026S1-0409,EQ-VALVE-399,2026-01-11T15:24:00Z,2026-01-11T16:42:00Z,corrective,follow_up_required,78,2.94,35.24,0,"Réglage effectué, surveillance demandée à la prochaine ronde.",2026-S1
MNT-2026S1-1609,EVT-2026S1-0136,EQ-CONV-396,2026-02-24T13:39:00Z,2026-02-24T15:55:00Z,inspection,no_fault_found,136,6.37,76.42,0,Pièce remplacée puis remise en service progressive.,2026-S1
MNT-2026S1-1610,EVT-2026S1-0077,EQ-PUMP-347,2026-04-12T12:31:00Z,2026-04-12T15:27:00Z,preventive,monitoring,176,3.52,148.8,1,"Réglage effectué, surveillance demandée à la prochaine ronde.",2026-S1
MNT-2026S1-1611,EVT-2026S1-0395,EQ-SENSOR-245,2026-01-25T15:18:00Z,2026-01-25T17:05:00Z,calibration,parts_ordered,107,2.84,217.96,1,"Réglage effectué, surveillance demandée à la prochaine ronde.",2026-S1
MNT-2026S1-1612,EVT-2026S1-0061,EQ-PUMP-171,2026-01-15T22:05:00Z,2026-01-16T02:02:00Z,inspection,no_fault_found,237,4.14,265.94,1,"Réglage effectué, surveillance demandée à la prochaine ronde.",2026-S1
MNT-2026S1-1613,EVT-2026S1-0019,EQ-CONV-004,2026-05-17T03:51:00Z,2026-05-17T08:14:00Z,preventive,no_fault_found,263,6.56,252.17,1,"Cause non confirmée, mesures complémentaires nécessaires.",2026-S1
MNT-2026S1-1614,EVT-2026S1-0405,EQ-MOTOR-355,2026-04-03T01:37:00Z,2026-04-03T04:57:00Z,calibration,resolved,200,4.33,99.84,1,"Réglage effectué, surveillance demandée à la prochaine ronde.",2026-S1
MNT-2026S1-1615,EVT-2026S1-0497,EQ-VALVE-167,2026-05-04T09:39:00Z,2026-05-04T11:26:00Z,calibration,no_fault_found,107,1.49,17.84,0,"Cause non confirmée, mesures complémentaires nécessaires.",2026-S1
MNT-2026S1-1616,EVT-2026S1-0009,EQ-COMP-001,2026-01-07T05:43:00Z,2026-01-07T08:34:00Z,calibration,monitoring,171,5.18,62.14,0,"Cause non confirmée, mesures complémentaires nécessaires.",2026-S1
MNT-2026S1-1617,EVT-2026S1-0213,EQ-OVEN-343,2026-05-06T04:26:00Z,2026-05-06T05:14:00Z,calibration,follow_up_required,48,2.64,31.67,0,Contrôle visuel et essai fonctionnel réalisés.,2026-S1
MNT-2026S1-1618,EVT-2026S1-0012,EQ-FAN-002,2026-01-22T16:06:00Z,2026-01-22T17:53:00Z,calibration,monitoring,107,3.68,44.16,0,Contrôle visuel et essai fonctionnel réalisés.,2026-S1
MNT-2026S1-1619,EVT-2026S1-0397,EQ-PUMP-267,2026-02-01T03:26:00Z,2026-02-01T06:02:00Z,corrective,follow_up_required,156,2.08,256.13,1,Pièce remplacée puis remise en service progressive.,2026-S1
MNT-2026S1-1620,EVT-2026S1-0371,EQ-MIX-159,2026-05-07T05:51:00Z,2026-05-07T08:09:00Z,calibration,monitoring,138,2.85,278.55,1,Pièce remplacée puis remise en service progressive.,2026-S1
MNT-2026S1-1621,EVT-2026S1-X010,EQ-OVEN-366,2026-03-22T00:42:00Z,2026-03-22T01:46:00Z,replacement,monitoring,64,3.01,93.29,1,Pièce remplacée puis remise en service progressive.,2026-S1
MNT-2026S1-1622,EVT-2026S1-0046,EQ-OVEN-306,2026-03-27T01:16:00Z,2026-03-27T04:19:00Z,replacement,follow_up_required,183,4.22,50.59,0,Pièce remplacée puis remise en service progressive.,2026-S1
MNT-2026S1-1623,EVT-2026S1-0421,EQ-DRYER-231,2026-02-23T16:54:00Z,2026-02-23T18:17:00Z,preventive,resolved,83,0.49,99.96,1,Pièce remplacée puis remise en service progressive.,2026-S1
MNT-2026S1-1624,EVT-2026S1-0369,EQ-MIX-259,2026-01-24T01:59:00Z,2026-01-24T04:05:00Z,replacement,follow_up_required,126,2.7,102.14,1,"Réglage effectué, surveillance demandée à la prochaine ronde.",2026-S1
MNT-2026S1-1625,EVT-2026S1-0059,EQ-COMP-149,2026-03-09T11:24:00Z,2026-03-09T14:15:00Z,preventive,resolved,171,4.73,439.38,2,"Cause non confirmée, mesures complémentaires nécessaires.",2026-S1
MNT-2026S1-1626,EVT-2026S1-0405,EQ-MOTOR-355,2026-04-03T01:05:00Z,2026-04-03T03:51:00Z,preventive,no_fault_found,166,4.73,444.22,2,Intervention préventive conforme au plan.,2026-S1
MNT-2026S1-1627,EVT-2026S1-0251,EQ-SENSOR-165,2026-01-04T09:49:00Z,2026-01-04T12:08:00Z,corrective,monitoring,139,2.3,27.58,0,"Cause non confirmée, mesures complémentaires nécessaires.",2026-S1
MNT-2026S1-1628,EVT-2026S1-X031,EQ-PUMP-181,2026-02-06T17:09:00Z,,inspection,follow_up_required,80,1.01,184.79,2,Pièce remplacée puis remise en service progressive.,2026-S1
MNT-2026S1-1629,EVT-2026S1-0220,EQ-FAN-120,2026-03-29T23:27:00Z,2026-03-30T00:07:00Z,inspection,monitoring,40,1.38,16.57,0,Contrôle visuel et essai fonctionnel réalisés.,2026-S1
MNT-2026S1-1630,EVT-2026S1-0035,EQ-MIX-001,2026-05-20T23:33:00Z,2026-05-21T00:48:00Z,calibration,resolved,75,3.5,42.04,0,Pièce remplacée puis remise en service progressive.,2026-S1
MNT-2026S1-1631,EVT-2026S1-0366,EQ-OVEN-226,2026-02-23T05:39:00Z,2026-02-23T08:30:00Z,corrective,follow_up_required,171,4.28,323.67,3,"Réglage effectué, surveillance demandée à la prochaine ronde.",2026-S1
MNT-2026S1-1632,EVT-2026S1-0476,EQ-COMP-233,2026-03-21T17:50:00Z,2026-03-21T18:45:00Z,calibration,follow_up_required,55,2.32,27.85,0,Intervention préventive conforme au plan.,2026-S1
MNT-2026S1-1633,EVT-2026S1-0430,EQ-LIFT-330,2026-04-14T03:29:00Z,2026-04-14T06:12:00Z,preventive,follow_up_required,163,4.58,248.78,1,Contrôle visuel et essai fonctionnel réalisés.,2026-S1
MNT-2026S1-1634,EVT-2026S1-X040,EQ-FAN-304,2026-04-02T06:48:00Z,2026-04-02T10:17:00Z,inspection,monitoring,209,5.05,60.62,0,"Cause non confirmée, mesures complémentaires nécessaires.",2026-S1
MNT-2026S1-1635,EVT-2026S1-0062,EQ-CONV-182,2026-01-13T10:38:00Z,2026-01-13T10:53:00Z,replacement,monitoring,0,2.06,179.77,1,"Réglage effectué, surveillance demandée à la prochaine ronde.",2026-S1
MNT-2026S1-1636,EVT-2026S1-X005,EQ-FAN-200,2026-05-25T07:05:00Z,2026-05-25T07:59:00Z,inspection,parts_ordered,54,1.0,12.06,0,Intervention préventive conforme au plan.,2026-S1
MNT-2026S1-1637,EVT-2026S1-0003,EQ-COMP-002,2026-04-11T08:57:00Z,2026-04-11T11:59:00Z,replacement,follow_up_required,182,4.62,152.53,1,Intervention préventive conforme au plan.,2026-S1
MNT-2026S1-1638,EVT-2026S1-0148,EQ-CHILL-228,2026-05-14T16:24:00Z,2026-05-14T20:19:00Z,preventive,follow_up_required,235,4.88,185.04,2,Pièce remplacée puis remise en service progressive.,2026-S1
MNT-2026S1-1639,EVT-2026S1-0162,EQ-CONV-382,2026-03-01T09:14:00Z,2026-03-01T11:00:00Z,replacement,monitoring,106,1.96,229.46,1,"Réglage effectué, surveillance demandée à la prochaine ronde.",2026-S1
MNT-2026S1-1640,EVT-2026S1-0366,EQ-OVEN-226,2026-02-23T06:35:00Z,2026-02-23T09:53:00Z,corrective,parts_ordered,198,3.81,45.66,0,Contrôle visuel et essai fonctionnel réalisés.,2026-S1
MNT-2026S1-1641,EVT-2026S1-0160,EQ-FAN-360,2026-05-31T22:30:00Z,2026-05-31T23:44:00Z,preventive,monitoring,74,0.87,10.38,0,Intervention préventive conforme au plan.,2026-S1
MNT-2026S1-1642,EVT-2026S1-0402,EQ-MOTOR-322,2026-01-16T10:08:00Z,2026-01-16T13:26:00Z,preventive,monitoring,198,3.22,447.6,3,Intervention préventive conforme au plan.,2026-S1
MNT-2026S1-1643,EVT-2026S1-0126,EQ-OVEN-286,2026-04-29T22:12:00Z,2026-04-30T00:35:00Z,inspection,no_fault_found,143,2.93,428.52,3,Contrôle visuel et essai fonctionnel réalisés.,2026-S1
MNT-2026S1-1644,EVT-2026S1-X046,EQ-FAN-260,2026-05-27T16:27:00Z,2026-05-27T17:33:00Z,calibration,follow_up_required,66,2.11,25.31,0,Pièce remplacée puis remise en service progressive.,2026-S1
MNT-2026S1-1645,EVT-2026S1-0094,EQ-PRESS-234,2026-01-17T17:44:00Z,2026-01-17T21:23:00Z,preventive,resolved,219,6.2,823.71,3,Pièce remplacée puis remise en service progressive.,2026-S1
MNT-2026S1-1646,EVT-2026S1-0196,EQ-CONV-156,2026-01-03T15:32:00Z,2026-01-03T18:50:00Z,corrective,parts_ordered,198,5.26,63.15,0,"Réglage effectué, surveillance demandée à la prochaine ronde.",2026-S1
MNT-2026S1-1647,EVT-2026S1-X052,EQ-SENSOR-185,2026-05-29T21:07:00Z,2026-05-29T22:06:00Z,inspection,parts_ordered,59,2.72,32.65,0,Pièce remplacée puis remise en service progressive.,2026-S1
MNT-2026S1-1648,EVT-2026S1-0049,EQ-MIX-339,2026-01-10T15:08:00Z,2026-01-10T16:30:00Z,replacement,parts_ordered,82,1.78,119.53,1,Contrôle visuel et essai fonctionnel réalisés.,2026-S1
MNT-2026S1-1649,EVT-2026S1-0478,EQ-FAN-001,2026-04-23T07:34:00Z,2026-04-23T09:17:00Z,replacement,parts_ordered,103,3.19,801.01,3,"Réglage effectué, surveillance demandée à la prochaine ronde.",2026-S1
MNT-2026S1-1650,EVT-2026S1-0076,EQ-CONV-336,2026-01-11T15:41:00Z,2026-01-11T17:23:00Z,preventive,no_fault_found,102,1.99,74.16,1,"Réglage effectué, surveillance demandée à la prochaine ronde.",2026-S1
MNT-2026S1-1651,EVT-2026S1-0406,EQ-VALVE-366,2026-01-09T17:12:00Z,2026-01-09T19:45:00Z,inspection,no_fault_found,153,2.09,25.07,0,Pièce remplacée puis remise en service progressive.,2026-S1
MNT-2026S1-1652,EVT-2026S1-0153,EQ-OVEN-283,2026-03-05T05:41:00Z,2026-03-05T07:27:00Z,calibration,parts_ordered,106,2.6,31.22,0,Contrôle visuel et essai fonctionnel réalisés.,2026-S1
MNT-2026S1-1653,EVT-2026S1-0349,EQ-MIX-339,2026-01-13T09:39:00Z,2026-01-13T11:11:00Z,inspection,parts_ordered,92,2.42,,0,"Cause non confirmée, mesures complémentaires nécessaires.",2026-S1
MNT-2026S1-1654,EVT-2026S1-0106,EQ-OVEN-366,2026-04-08T22:32:00Z,2026-04-09T02:22:00Z,corrective,parts_ordered,230,5.62,161.23,2,"Réglage effectué, surveillance demandée à la prochaine ronde.",2026-S1
MNT-2026S1-1655,EVT-2026S1-0354,EQ-PRESS-394,2026-04-07T12:21:00Z,2026-04-07T16:43:00Z,inspection,follow_up_required,262,7.63,247.87,3,Intervention préventive conforme au plan.,2026-S1
MNT-2026S1-1656,EVT-2026S1-0014,EQ-PRESS-002,2026-03-28T18:31:00Z,2026-03-29T00:19:00Z,inspection,follow_up_required,348,7.49,1002.01,4,Intervention préventive conforme au plan.,2026-S1
MNT-2026S1-1657,EVT-2026S1-0296,EQ-CONV-356,2026-06-19T14:02:00Z,2026-06-19T17:20:00Z,replacement,follow_up_required,198,4.26,217.81,1,Contrôle visuel et essai fonctionnel réalisés.,2026-S1
MNT-2026S1-1658,EVT-2026S1-0052,EQ-EXTRA-422,2026-05-04T21:26:00Z,2026-05-04T22:54:00Z,replacement,monitoring,88,1.17,14.05,0,"Réglage effectué, surveillance demandée à la prochaine ronde.",2026-S1
MNT-2026S1-1659,EVT-2026S1-0113,EQ-OVEN-143,2026-04-26T23:35:00Z,2026-04-26T23:50:00Z,preventive,no_fault_found,0,0.25,3.0,0,"Cause non confirmée, mesures complémentaires nécessaires.",2026-S1
MNT-2026S1-1660,EVT-2026S1-X020,EQ-EXTRA-414,2026-02-25T16:42:00Z,2026-02-25T18:31:00Z,calibration,resolved,109,1.34,384.53,2,Contrôle visuel et essai fonctionnel réalisés.,2026-S1
MNT-2026S1-1661,EVT-2026S1-0067,EQ-PRESS-237,2026-02-24T22:57:00Z,2026-02-25T03:08:00Z,inspection,monitoring,251,6.45,564.18,2,Pièce remplacée puis remise en service progressive.,2026-S1
MNT-2026S1-1662,EVT-2026S1-0479,EQ-CHILL-393,2026-01-30T10:46:00Z,2026-01-30T12:02:00Z,replacement,parts_ordered,76,2.47,29.61,0,"Réglage effectué, surveillance demandée à la prochaine ronde.",2026-S1
MNT-2026S1-1663,EVT-2026S1-0046,EQ-OVEN-306,2026-03-27T01:44:00Z,2026-03-27T04:34:00Z,calibration,follow_up_required,170,4.45,127.93,1,"Réglage effectué, surveillance demandée à la prochaine ronde.",2026-S1
MNT-2026S1-1664,EVT-2026S1-X017,EQ-COMP-140,2026-02-02T23:19:00Z,2026-02-03T02:37:00Z,corrective,no_fault_found,198,3.82,,0,"Réglage effectué, surveillance demandée à la prochaine ronde.",2026-S1
MNT-2026S1-1665,EVT-2026S1-0306,EQ-OVEN-166,2026-01-22T11:55:00Z,,inspection,resolved,157,4.91,58.96,0,"Réglage effectué, surveillance demandée à la prochaine ronde.",2026-S1
MNT-2026S1-1666,EVT-2026S1-0242,EQ-CONV-362,2026-01-12T23:09:00Z,2026-01-13T00:39:00Z,replacement,follow_up_required,90,2.12,282.7,2,"Réglage effectué, surveillance demandée à la prochaine ronde.",2026-S1
MNT-2026S1-1667,EVT-2026S1-0279,EQ-COMP-169,2026-03-02T14:05:00Z,2026-03-02T16:57:00Z,calibration,follow_up_required,172,5.11,61.28,0,Pièce remplacée puis remise en service progressive.,2026-S1
MNT-2026S1-1668,EVT-2026S1-0028,EQ-ROBOT-001,2026-05-26T14:36:00Z,2026-05-26T17:47:00Z,calibration,follow_up_required,191,3.44,41.27,0,Intervention préventive conforme au plan.,2026-S1
MNT-2026S1-1669,EVT-2026S1-0278,EQ-ROBOT-158,2026-01-29T02:37:00Z,2026-01-29T04:17:00Z,corrective,parts_ordered,100,2.54,30.48,0,Contrôle visuel et essai fonctionnel réalisés.,2026-S1
MNT-2026S1-1670,EVT-2026S1-0355,EQ-SENSOR-105,2026-04-03T21:07:00Z,2026-04-03T22:44:00Z,calibration,parts_ordered,97,4.05,153.07,1,Contrôle visuel et essai fonctionnel réalisés.,2026-S1
MNT-2026S1-1671,EVT-2026S1-0165,EQ-ROBOT-115,2026-05-15T09:28:00Z,2026-05-15T12:19:00Z,inspection,follow_up_required,171,2.6,279.22,1,Contrôle visuel et essai fonctionnel réalisés.,2026-S1
MNT-2026S1-1672,EVT-2026S1-0489,EQ-ROBOT-379,2026-04-12T22:20:00Z,2026-04-13T02:55:00Z,calibration,parts_ordered,275,6.68,523.07,2,"Cause non confirmée, mesures complémentaires nécessaires.",2026-S1
MNT-2026S1-1673,EVT-2026S1-0457,EQ-VALVE-327,2026-04-05T15:40:00Z,2026-04-05T16:14:00Z,preventive,parts_ordered,34,2.91,262.78,1,"Réglage effectué, surveillance demandée à la prochaine ronde.",2026-S1
MNT-2026S1-1674,EVT-2026S1-X042,EQ-COMP-249,2026-06-07T22:27:00Z,2026-06-07T23:04:00Z,preventive,no_fault_found,37,1.78,21.37,0,"Cause non confirmée, mesures complémentaires nécessaires.",2026-S1
MNT-2026S1-1675,EVT-2026S1-0155,EQ-SENSOR-305,2026-01-14T08:21:00Z,2026-01-14T10:11:00Z,corrective,follow_up_required,110,2.18,26.22,0,Intervention préventive conforme au plan.,2026-S1
MNT-2026S1-1676,EVT-2026S1-0293,EQ-OVEN-323,2026-03-21T11:36:00Z,2026-03-21T12:47:00Z,calibration,follow_up_required,71,2.68,448.36,2,Contrôle visuel et essai fonctionnel réalisés.,2026-S1
MNT-2026S1-1677,EVT-2026S1-0307,EQ-PRESS-177,2026-02-23T09:09:00Z,2026-02-23T13:11:00Z,replacement,monitoring,242,7.05,275.58,1,"Réglage effectué, surveillance demandée à la prochaine ronde.",2026-S1
MNT-2026S1-1678,EVT-2026S1-0030,EQ-OVEN-001,2026-05-04T15:59:00Z,2026-05-04T17:23:00Z,replacement,monitoring,84,2.15,174.36,1,Contrôle visuel et essai fonctionnel réalisés.,2026-S1
MNT-2026S1-1679,EVT-2026S1-0021,EQ-PUMP-004,2026-06-12T22:30:00Z,2026-06-13T00:51:00Z,preventive,follow_up_required,141,4.3,438.6,2,Contrôle visuel et essai fonctionnel réalisés.,2026-S1
MNT-2026S1-1680,EVT-2026S1-0427,EQ-LIFT-297,2026-01-12T18:03:00Z,2026-01-12T20:05:00Z,preventive,resolved,122,4.73,482.72,3,Contrôle visuel et essai fonctionnel réalisés.,2026-S1
MNT-2026S1-1681,EVT-2026S1-0416,EQ-PACK-176,2026-04-02T14:24:00Z,2026-04-02T17:09:00Z,corrective,parts_ordered,165,4.01,48.14,0,"Réglage effectué, surveillance demandée à la prochaine ronde.",2026-S1
MNT-2026S1-1682,EVT-2026S1-0409,EQ-VALVE-399,2026-01-11T15:35:00Z,2026-01-11T17:44:00Z,inspection,parts_ordered,129,1.9,22.82,0,Pièce remplacée puis remise en service progressive.,2026-S1
MNT-2026S1-1683,EVT-2026S1-0212,EQ-VALVE-316,2026-06-18T18:17:00Z,2026-06-18T19:27:00Z,corrective,resolved,70,0.89,10.71,0,"Cause non confirmée, mesures complémentaires nécessaires.",2026-S1
MNT-2026S1-1684,EVT-2026S1-X036,EQ-PUMP-001,2026-01-08T23:41:00Z,2026-01-09T00:47:00Z,calibration,parts_ordered,66,1.63,154.5,1,"Cause non confirmée, mesures complémentaires nécessaires.",2026-S1
MNT-2026S1-1685,EVT-2026S1-0190,EQ-PUMP-390,2026-03-27T02:12:00Z,2026-03-27T06:00:00Z,inspection,follow_up_required,228,5.53,66.37,0,Pièce remplacée puis remise en service progressive.,2026-S1
MNT-2026S1-1686,EVT-2026S1-0350,EQ-PUMP-350,2026-06-07T13:10:00Z,2026-06-07T15:44:00Z,inspection,parts_ordered,154,4.45,205.21,1,Pièce remplacée puis remise en service progressive.,2026-S1
MNT-2026S1-1687,EVT-2026S1-0371,EQ-MIX-159,2026-05-07T05:25:00Z,2026-05-07T07:27:00Z,replacement,no_fault_found,122,2.2,104.41,1,"Réglage effectué, surveillance demandée à la prochaine ronde.",2026-S1
MNT-2026S1-1688,EVT-2026S1-0212,EQ-VALVE-316,2026-06-18T18:56:00Z,2026-06-18T19:43:00Z,corrective,resolved,47,1.98,186.6,1,"Réglage effectué, surveillance demandée à la prochaine ronde.",2026-S1
MNT-2026S1-1689,EVT-2026S1-0162,EQ-CONV-382,2026-03-01T08:11:00Z,2026-03-01T09:56:00Z,calibration,parts_ordered,105,3.19,38.24,0,Pièce remplacée puis remise en service progressive.,2026-S1
MNT-2026S1-1690,EVT-2026S1-0438,EQ-COMP-118,2026-06-15T01:52:00Z,2026-06-15T04:49:00Z,calibration,resolved,177,3.44,280.13,1,"Cause non confirmée, mesures complémentaires nécessaires.",2026-S1
MNT-2026S1-1691,EVT-2026S1-0093,EQ-OVEN-223,2026-03-22T21:09:00Z,2026-03-22T21:53:00Z,preventive,monitoring,44,1.02,12.26,0,Contrôle visuel et essai fonctionnel réalisés.,2026-S1
MNT-2026S1-1692,EVT-2026S1-0355,EQ-SENSOR-105,2026-04-03T22:59:00Z,2026-04-04T00:11:00Z,corrective,no_fault_found,72,1.23,152.07,1,"Cause non confirmée, mesures complémentaires nécessaires.",2026-S1
MNT-2026S1-1693,EVT-2026S1-0409,EQ-VALVE-399,2026-01-11T16:44:00Z,2026-01-11T17:46:00Z,calibration,parts_ordered,62,1.53,18.34,0,"Cause non confirmée, mesures complémentaires nécessaires.",2026-S1
MNT-2026S1-1694,EVT-2026S1-0446,EQ-CAB-206,2026-01-28T15:56:00Z,2026-01-28T18:22:00Z,inspection,monitoring,146,3.68,44.14,0,Pièce remplacée puis remise en service progressive.,2026-S1
MNT-2026S1-1695,EVT-2026S1-0059,EQ-COMP-149,2026-03-09T13:49:00Z,2026-03-09T17:45:00Z,corrective,parts_ordered,236,4.88,58.57,0,"Cause non confirmée, mesures complémentaires nécessaires.",2026-S1
MNT-2026S1-1696,EVT-2026S1-0032,EQ-PUMP-005,2026-04-09T22:50:00Z,2026-04-10T01:16:00Z,preventive,monitoring,146,5.51,167.74,2,Intervention préventive conforme au plan.,2026-S1
MNT-2026S1-1697,EVT-2026S1-0109,EQ-MIX-399,2026-06-10T03:23:00Z,2026-06-10T05:19:00Z,calibration,monitoring,116,3.74,44.88,0,Contrôle visuel et essai fonctionnel réalisés.,2026-S1
MNT-2026S1-1698,EVT-2026S1-0229,EQ-MIX-219,2026-02-21T05:43:00Z,2026-02-21T07:55:00Z,calibration,monitoring,132,2.4,107.11,2,Contrôle visuel et essai fonctionnel réalisés.,2026-S1
MNT-2026S1-1699,EVT-2026S1-X030,EQ-VALVE-388,2026-03-03T20:31:00Z,2026-03-03T23:03:00Z,calibration,follow_up_required,152,1.84,171.93,1,Contrôle visuel et essai fonctionnel réalisés.,2026-S1
MNT-2026S1-1700,EVT-2026S1-0013,EQ-CHILL-001,2026-01-02T13:16:00Z,2026-01-02T16:58:00Z,inspection,no_fault_found,222,4.82,57.85,0,Contrôle visuel et essai fonctionnel réalisés.,2026-S1
MNT-2026S1-1701,EVT-2026S1-0337,EQ-PUMP-207,2026-02-23T18:32:00Z,2026-02-23T20:41:00Z,calibration,monitoring,129,3.94,535.45,3,"Cause non confirmée, mesures complémentaires nécessaires.",2026-S1
MNT-2026S1-1702,EVT-2026S1-0144,EQ-FAN-184,2026-03-13T13:37:00Z,,replacement,resolved,228,6.71,973.54,5,"Réglage effectué, surveillance demandée à la prochaine ronde.",2026-S1
MNT-2026S1-1703,EVT-2026S1-0482,EQ-CHILL-328,2026-05-01T18:48:00Z,2026-05-01T21:43:00Z,calibration,no_fault_found,175,4.17,524.41,2,Intervention préventive conforme au plan.,2026-S1
MNT-2026S1-1704,EVT-2026S1-0188,EQ-CHILL-368,2026-01-16T11:29:00Z,2026-01-16T15:07:00Z,inspection,follow_up_required,218,5.66,603.87,3,"Cause non confirmée, mesures complémentaires nécessaires.",2026-S1
MNT-2026S1-1705,EVT-2026S1-0118,EQ-ROBOT-198,2026-01-06T13:20:00Z,2026-01-06T16:08:00Z,preventive,follow_up_required,168,3.17,269.74,1,"Cause non confirmée, mesures complémentaires nécessaires.",2026-S1
MNT-2026S1-1706,EVT-2026S1-0362,EQ-CONV-182,2026-05-31T05:39:00Z,2026-05-31T08:03:00Z,corrective,parts_ordered,144,2.5,30.02,0,"Réglage effectué, surveillance demandée à la prochaine ronde.",2026-S1
MNT-2026S1-1707,EVT-2026S1-0299,EQ-COMP-389,2026-03-04T20:00:00Z,2026-03-04T23:15:00Z,inspection,resolved,195,5.35,435.03,4,Contrôle visuel et essai fonctionnel réalisés.,2026-S1
MNT-2026S1-1708,EVT-2026S1-0068,EQ-CHILL-248,2026-03-15T06:23:00Z,2026-03-15T09:06:00Z,corrective,monitoring,163,4.81,142.27,2,Pièce remplacée puis remise en service progressive.,2026-S1
MNT-2026S1-1709,EVT-2026S1-0104,EQ-FAN-344,2026-05-29T10:32:00Z,2026-05-29T15:21:00Z,inspection,resolved,289,6.92,796.05,3,Pièce remplacée puis remise en service progressive.,2026-S1
MNT-2026S1-1710,EVT-2026S1-0277,EQ-PUMP-147,2026-02-03T21:31:00Z,2026-02-04T00:44:00Z,replacement,monitoring,193,3.76,90.77,1,"Cause non confirmée, mesures complémentaires nécessaires.",2026-S1
MNT-2026S1-1711,EVT-2026S1-0389,EQ-MIX-179,2026-04-17T00:00:00Z,2026-04-17T01:36:00Z,preventive,resolved,96,2.24,91.42,1,Intervention préventive conforme au plan.,2026-S1
MNT-2026S1-1712,EVT-2026S1-0143,EQ-COMP-173,2026-02-19T19:14:00Z,2026-02-19T21:48:00Z,replacement,parts_ordered,154,3.89,394.94,2,"Réglage effectué, surveillance demandée à la prochaine ronde.",2026-S1
MNT-2026S1-1713,EVT-2026S1-0466,EQ-CONV-126,2026-02-15T14:35:00Z,2026-02-15T17:31:00Z,inspection,no_fault_found,176,4.34,256.36,1,Contrôle visuel et essai fonctionnel réalisés.,2026-S1
MNT-2026S1-1714,EVT-2026S1-0358,EQ-ROBOT-138,2026-03-08T17:03:00Z,2026-03-08T18:22:00Z,inspection,monitoring,79,2.47,29.63,0,"Réglage effectué, surveillance demandée à la prochaine ronde.",2026-S1
MNT-2026S1-1715,EVT-2026S1-0254,EQ-PRESS-194,2026-04-02T19:35:00Z,2026-04-02T23:26:00Z,inspection,follow_up_required,231,6.42,209.15,1,"Cause non confirmée, mesures complémentaires nécessaires.",2026-S1
MNT-2026S1-1716,EVT-2026S1-0428,EQ-LIFT-308,2026-01-08T12:06:00Z,2026-01-08T14:37:00Z,replacement,monitoring,151,5.51,495.05,2,Intervention préventive conforme au plan.,2026-S1
MNT-2026S1-1717,EVT-2026S1-0128,EQ-CHILL-308,2026-05-25T21:40:00Z,2026-05-26T00:51:00Z,calibration,no_fault_found,191,5.04,578.17,2,Intervention préventive conforme au plan.,2026-S1
MNT-2026S1-1718,EVT-2026S1-0129,EQ-MIX-319,2026-06-15T04:28:00Z,2026-06-15T05:22:00Z,corrective,follow_up_required,54,1.99,295.72,2,"Cause non confirmée, mesures complémentaires nécessaires.",2026-S1
MNT-2026S1-1719,EVT-2026S1-0224,EQ-FAN-164,2026-04-01T11:33:00Z,2026-04-01T16:40:00Z,calibration,parts_ordered,307,7.25,185.47,2,"Réglage effectué, surveillance demandée à la prochaine ronde.",2026-S1
MNT-2026S1-1720,EVT-2026S1-0419,EQ-PACK-209,2026-02-10T03:19:00Z,2026-02-10T04:18:00Z,corrective,no_fault_found,59,0.25,3.0,0,"Cause non confirmée, mesures complémentaires nécessaires.",2026-S1
MNT-2026S1-1721,EVT-2026S1-0403,EQ-MOTOR-333,2026-04-14T08:17:00Z,2026-04-14T11:33:00Z,calibration,no_fault_found,196,4.83,57.94,0,Contrôle visuel et essai fonctionnel réalisés.,2026-S1
MNT-2026S1-1722,EVT-2026S1-0224,EQ-FAN-164,2026-04-01T11:49:00Z,2026-04-01T16:47:00Z,corrective,follow_up_required,298,7.98,446.45,2,Contrôle visuel et essai fonctionnel réalisés.,2026-S1
MNT-2026S1-1723,EVT-2026S1-0446,EQ-CAB-206,2026-01-28T16:24:00Z,2026-01-28T18:44:00Z,calibration,no_fault_found,140,2.21,26.56,0,"Réglage effectué, surveillance demandée à la prochaine ronde.",2026-S1
MNT-2026S1-1724,EVT-2026S1-0428,EQ-LIFT-308,2026-01-08T12:18:00Z,2026-01-08T15:35:00Z,inspection,follow_up_required,197,4.26,322.77,2,"Cause non confirmée, mesures complémentaires nécessaires.",2026-S1
MNT-2026S1-1725,EVT-2026S1-X012,EQ-CONV-003,2026-05-20T04:47:00Z,2026-05-20T10:11:00Z,corrective,parts_ordered,324,6.59,281.37,3,Pièce remplacée puis remise en service progressive.,2026-S1
MNT-2026S1-1726,EVT-2026S1-0210,EQ-PUMP-310,2026-01-26T13:04:00Z,2026-01-26T16:07:00Z,preventive,resolved,183,3.7,356.2,2,"Réglage effectué, surveillance demandée à la prochaine ronde.",2026-S1
MNT-2026S1-1727,EVT-2026S1-0359,EQ-COMP-149,2026-03-26T02:51:00Z,2026-03-26T05:25:00Z,preventive,parts_ordered,154,3.61,547.16,2,Contrôle visuel et essai fonctionnel réalisés.,2026-S1
MNT-2026S1-1728,EVT-2026S1-0060,EQ-FAN-160,2026-05-18T01:14:00Z,2026-05-18T01:29:00Z,inspection,resolved,5,2.51,30.18,0,Intervention préventive conforme au plan.,2026-S1
MNT-2026S1-1729,EVT-2026S1-0300,EQ-FAN-100,2026-05-06T14:48:00Z,2026-05-06T15:40:00Z,inspection,no_fault_found,52,1.3,151.06,1,"Réglage effectué, surveillance demandée à la prochaine ronde.",2026-S1
MNT-2026S1-1730,EVT-2026S1-0323,EQ-COMP-353,2026-05-03T17:21:00Z,2026-05-03T20:39:00Z,corrective,follow_up_required,198,5.08,183.94,1,"Cause non confirmée, mesures complémentaires nécessaires.",2026-S1
MNT-2026S1-1731,EVT-2026S1-0290,EQ-PUMP-290,2026-05-05T11:37:00Z,2026-05-05T13:55:00Z,replacement,follow_up_required,138,4.9,168.22,3,Pièce remplacée puis remise en service progressive.,2026-S1
MNT-2026S1-1732,EVT-2026S1-0298,EQ-ROBOT-378,2026-05-04T08:52:00Z,2026-05-04T09:10:00Z,replacement,parts_ordered,18,0.94,661.97,3,"Réglage effectué, surveillance demandée à la prochaine ronde.",2026-S1
MNT-2026S1-1733,EVT-2026S1-0305,EQ-ROBOT-155,2026-03-13T05:13:00Z,2026-03-13T09:15:00Z,inspection,follow_up_required,242,2.99,35.82,0,"Réglage effectué, surveillance demandée à la prochaine ronde.",2026-S1
MNT-2026S1-1734,EVT-2026S1-0074,EQ-PRESS-314,2026-05-22T18:44:00Z,2026-05-22T23:34:00Z,replacement,no_fault_found,290,8.5,353.99,2,Contrôle visuel et essai fonctionnel réalisés.,2026-S1
MNT-2026S1-1735,EVT-2026S1-0468,EQ-CONV-148,2026-03-26T04:23:00Z,2026-03-26T07:00:00Z,preventive,monitoring,157,4.21,240.87,1,Intervention préventive conforme au plan.,2026-S1
MNT-2026S1-1736,EVT-2026S1-0174,EQ-PRESS-214,2026-04-30T16:11:00Z,2026-04-30T20:05:00Z,replacement,monitoring,234,7.32,87.89,0,"Cause non confirmée, mesures complémentaires nécessaires.",2026-S1
MNT-2026S1-1737,EVT-2026S1-0147,EQ-PRESS-217,2026-04-22T23:12:00Z,2026-04-23T04:40:00Z,calibration,resolved,328,8.04,167.78,1,Pièce remplacée puis remise en service progressive.,2026-S1
MNT-2026S1-1738,EVT-2026S1-0054,EQ-PRESS-394,2026-01-11T18:03:00Z,2026-01-11T23:23:00Z,preventive,no_fault_found,320,6.36,126.72,1,"Cause non confirmée, mesures complémentaires nécessaires.",2026-S1
MNT-2026S1-1739,EVT-2026S1-0081,EQ-PUMP-391,2026-05-30T10:49:00Z,,inspection,parts_ordered,161,6.32,444.54,2,Contrôle visuel et essai fonctionnel réalisés.,2026-S1
MNT-2026S1-1740,EVT-2026S1-0406,EQ-VALVE-366,2026-01-09T18:07:00Z,2026-01-09T20:38:00Z,preventive,monitoring,151,2.84,194.66,1,"Cause non confirmée, mesures complémentaires nécessaires.",2026-S1
MNT-2026S1-1741,EVT-2026S1-0429,EQ-LIFT-319,2026-01-02T12:55:00Z,2026-01-02T15:50:00Z,preventive,no_fault_found,175,5.32,460.57,2,"Cause non confirmée, mesures complémentaires nécessaires.",2026-S1
MNT-2026S1-1742,EVT-2026S1-0121,EQ-PUMP-231,2026-02-06T15:06:00Z,2026-02-06T19:07:00Z,corrective,resolved,241,5.28,63.37,0,"Cause non confirmée, mesures complémentaires nécessaires.",2026-S1
MNT-2026S1-1743,EVT-2026S1-0245,EQ-ROBOT-395,2026-03-26T09:04:00Z,2026-03-26T11:24:00Z,corrective,no_fault_found,140,5.89,389.72,2,Intervention préventive conforme au plan.,2026-S1
MNT-2026S1-1744,EVT-2026S1-0268,EQ-CHILL-348,2026-04-14T18:08:00Z,2026-04-14T21:06:00Z,corrective,resolved,178,3.67,277.5,2,Pièce remplacée puis remise en service progressive.,2026-S1
MNT-2026S1-1745,EVT-2026S1-0368,EQ-CHILL-248,2026-03-11T03:52:00Z,2026-03-11T06:20:00Z,preventive,follow_up_required,148,4.47,103.28,1,"Cause non confirmée, mesures complémentaires nécessaires.",2026-S1
MNT-2026S1-1746,EVT-2026S1-0141,EQ-PUMP-151,2026-04-19T00:55:00Z,2026-04-19T03:46:00Z,preventive,monitoring,171,4.99,501.88,2,Pièce remplacée puis remise en service progressive.,2026-S1
MNT-2026S1-1747,EVT-2026S1-0397,EQ-PUMP-267,2026-02-01T03:57:00Z,2026-02-01T06:17:00Z,inspection,parts_ordered,140,4.63,573.89,2,Intervention préventive conforme au plan.,2026-S1
MNT-2026S1-1748,EVT-2026S1-0329,EQ-MIX-119,2026-04-07T00:43:00Z,2026-04-07T02:29:00Z,calibration,follow_up_required,106,3.04,760.6,3,"Réglage effectué, surveillance demandée à la prochaine ronde.",2026-S1
MNT-2026S1-1749,EVT-2026S1-X027,EQ-CAB-134,2026-01-18T09:55:00Z,2026-01-18T13:55:00Z,preventive,monitoring,240,6.01,524.94,2,Intervention préventive conforme au plan.,2026-S1
MNT-2026S1-1750,EVT-2026S1-0131,EQ-EXTRA-420,2026-06-12T01:36:00Z,2026-06-12T03:03:00Z,preventive,no_fault_found,87,2.52,30.25,0,Contrôle visuel et essai fonctionnel réalisés.,2026-S1
MNT-2026S1-1751,EVT-2026S1-0487,EQ-ROBOT-357,2026-04-09T11:20:00Z,2026-04-09T16:01:00Z,calibration,follow_up_required,281,6.82,1023.52,4,Contrôle visuel et essai fonctionnel réalisés.,2026-S1
MNT-2026S1-1752,EVT-2026S1-X016,EQ-COMP-002,2026-05-26T19:52:00Z,2026-05-26T21:43:00Z,inspection,parts_ordered,111,1.07,12.8,0,"Réglage effectué, surveillance demandée à la prochaine ronde.",2026-S1
MNT-2026S1-1753,EVT-2026S1-0396,EQ-CONV-256,2026-02-22T11:33:00Z,2026-02-22T14:43:00Z,calibration,follow_up_required,190,5.62,213.66,2,Intervention préventive conforme au plan.,2026-S1
MNT-2026S1-1754,EVT-2026S1-0381,EQ-PUMP-391,2026-01-07T22:23:00Z,2026-01-08T00:45:00Z,calibration,no_fault_found,142,3.92,418.39,2,Contrôle visuel et essai fonctionnel réalisés.,2026-S1
MNT-2026S1-1755,EVT-2026S1-0188,EQ-CHILL-368,2026-01-16T11:01:00Z,2026-01-16T13:33:00Z,preventive,parts_ordered,152,3.91,252.01,2,Pièce remplacée puis remise en service progressive.,2026-S1
MNT-2026S1-1756,EVT-2026S1-0170,EQ-PUMP-170,2026-03-05T03:11:00Z,2026-03-05T05:44:00Z,replacement,parts_ordered,153,3.49,165.23,1,Contrôle visuel et essai fonctionnel réalisés.,2026-S1
MNT-2026S1-1757,EVT-2026S1-0415,EQ-GEAR-165,2026-06-10T20:18:00Z,2026-06-10T22:53:00Z,preventive,parts_ordered,155,4.36,309.29,1,Pièce remplacée puis remise en service progressive.,2026-S1
MNT-2026S1-1758,EVT-2026S1-0157,EQ-PUMP-327,2026-06-14T18:27:00Z,2026-06-14T22:07:00Z,corrective,follow_up_required,220,5.74,112.46,1,Pièce remplacée puis remise en service progressive.,2026-S1
MNT-2026S1-1759,EVT-2026S1-0200,EQ-FAN-200,2026-02-15T01:18:00Z,2026-02-15T02:21:00Z,calibration,monitoring,63,1.92,576.26,3,"Réglage effectué, surveillance demandée à la prochaine ronde.",2026-S1
MNT-2026S1-1760,EVT-2026S1-0444,EQ-ROBOT-184,2026-03-24T03:15:00Z,2026-03-24T05:54:00Z,inspection,no_fault_found,159,2.41,28.91,0,Contrôle visuel et essai fonctionnel réalisés.,2026-S1
MNT-2026S1-1761,EVT-2026S1-0151,EQ-CAB-134,2026-06-19T00:39:00Z,2026-06-19T02:11:00Z,replacement,parts_ordered,92,2.94,35.22,0,"Cause non confirmée, mesures complémentaires nécessaires.",2026-S1
MNT-2026S1-1762,EVT-2026S1-0026,EQ-CONV-002,2026-05-31T22:49:00Z,2026-06-01T01:29:00Z,preventive,parts_ordered,160,5.11,97.87,1,Intervention préventive conforme au plan.,2026-S1
MNT-2026S1-1763,EVT-2026S1-0331,EQ-CONV-282,2026-03-25T14:22:00Z,2026-03-25T16:09:00Z,inspection,monitoring,107,2.11,269.26,1,Intervention préventive conforme au plan.,2026-S1
MNT-2026S1-1764,EVT-2026S1-0104,EQ-FAN-344,2026-05-29T09:17:00Z,2026-05-29T13:22:00Z,inspection,monitoring,245,6.74,80.91,0,"Cause non confirmée, mesures complémentaires nécessaires.",2026-S1
MNT-2026S1-1765,EVT-2026S1-0353,EQ-OVEN-383,2026-01-02T09:15:00Z,2026-01-02T11:12:00Z,corrective,no_fault_found,117,3.08,37.02,0,"Cause non confirmée, mesures complémentaires nécessaires.",2026-S1
MNT-2026S1-1766,EVT-2026S1-0434,EQ-STEAM-374,2026-01-24T11:13:00Z,2026-01-24T13:24:00Z,replacement,resolved,131,3.26,39.1,0,"Réglage effectué, surveillance demandée à la prochaine ronde.",2026-S1
MNT-2026S1-1767,EVT-2026S1-0352,EQ-PUMP-331,2026-03-19T13:00:00Z,2026-03-19T13:24:00Z,preventive,monitoring,24,2.18,26.18,0,"Cause non confirmée, mesures complémentaires nécessaires.",2026-S1
MNT-2026S1-1768,EVT-2026S1-0099,EQ-COMP-289,2026-02-03T04:12:00Z,2026-02-03T07:40:00Z,corrective,monitoring,208,4.58,286.08,1,Contrôle visuel et essai fonctionnel réalisés.,2026-S1
MNT-2026S1-1769,EVT-2026S1-0034,EQ-FAN-001,2026-01-14T03:41:00Z,2026-01-14T05:46:00Z,inspection,resolved,125,4.38,230.35,1,"Cause non confirmée, mesures complémentaires nécessaires.",2026-S1
MNT-2026S1-1770,EVT-2026S1-0290,EQ-PUMP-290,2026-05-05T12:43:00Z,2026-05-05T15:15:00Z,calibration,follow_up_required,152,4.41,365.23,2,Contrôle visuel et essai fonctionnel réalisés.,2026-S1
MNT-2026S1-1771,EVT-2026S1-0190,EQ-PUMP-390,2026-03-27T02:45:00Z,2026-03-27T05:30:00Z,inspection,follow_up_required,165,6.05,515.05,2,Intervention préventive conforme au plan.,2026-S1
MNT-2026S1-1772,EVT-2026S1-0047,EQ-PRESS-317,2026-01-12T03:10:00Z,2026-01-12T07:55:00Z,inspection,follow_up_required,285,7.05,537.15,4,"Réglage effectué, surveillance demandée à la prochaine ronde.",2026-S1
MNT-2026S1-1773,EVT-2026S1-0154,EQ-PRESS-294,2026-02-01T01:49:00Z,2026-02-01T06:26:00Z,corrective,resolved,277,7.41,179.77,1,"Cause non confirmée, mesures complémentaires nécessaires.",2026-S1
MNT-2026S1-1774,EVT-2026S1-0142,EQ-CONV-162,2026-06-18T12:02:00Z,2026-06-18T14:32:00Z,inspection,parts_ordered,150,2.6,31.17,0,Contrôle visuel et essai fonctionnel réalisés.,2026-S1
MNT-2026S1-1775,EVT-2026S1-0257,EQ-PUMP-227,2026-04-12T13:05:00Z,2026-04-12T17:11:00Z,calibration,monitoring,246,4.76,285.3,1,"Réglage effectué, surveillance demandée à la prochaine ronde.",2026-S1
MNT-2026S1-1776,EVT-2026S1-0225,EQ-ROBOT-175,2026-01-20T21:35:00Z,,inspection,monitoring,163,4.86,218.78,1,Contrôle visuel et essai fonctionnel réalisés.,2026-S1
MNT-2026S1-1777,EVT-2026S1-0334,EQ-PRESS-174,2026-01-25T08:50:00Z,2026-01-25T13:18:00Z,calibration,monitoring,268,7.36,582.64,4,"Réglage effectué, surveillance demandée à la prochaine ronde.",2026-S1
MNT-2026S1-1778,EVT-2026S1-0319,EQ-COMP-309,2026-03-14T14:19:00Z,2026-03-14T17:51:00Z,calibration,resolved,212,5.38,444.47,2,"Cause non confirmée, mesures complémentaires nécessaires.",2026-S1
MNT-2026S1-1779,EVT-2026S1-0448,EQ-CAB-228,2026-06-16T16:21:00Z,2026-06-16T17:56:00Z,preventive,parts_ordered,95,2.15,25.8,0,"Cause non confirmée, mesures complémentaires nécessaires.",2026-S1
MNT-2026S1-1780,EVT-2026S1-0488,EQ-ROBOT-368,2026-01-18T03:11:00Z,2026-01-18T07:31:00Z,calibration,follow_up_required,260,7.39,141.37,1,Intervention préventive conforme au plan.,2026-S1
MNT-2026S1-1781,EVT-2026S1-0200,EQ-FAN-200,2026-02-15T00:54:00Z,2026-02-15T01:34:00Z,inspection,resolved,40,0.6,7.17,0,Intervention préventive conforme au plan.,2026-S1
MNT-2026S1-1782,EVT-2026S1-0263,EQ-COMP-293,2026-05-22T20:57:00Z,2026-05-23T00:15:00Z,corrective,follow_up_required,198,5.37,529.25,2,Intervention préventive conforme au plan.,2026-S1
MNT-2026S1-1783,EVT-2026S1-0262,EQ-CONV-282,2026-01-18T05:11:00Z,2026-01-18T07:49:00Z,inspection,resolved,158,1.68,20.2,0,Contrôle visuel et essai fonctionnel réalisés.,2026-S1
MNT-2026S1-1784,EVT-2026S1-0034,EQ-FAN-001,2026-01-14T04:36:00Z,2026-01-14T06:07:00Z,preventive,follow_up_required,91,2.66,31.92,0,Pièce remplacée puis remise en service progressive.,2026-S1
MNT-2026S1-1785,EVT-2026S1-0084,EQ-FAN-124,2026-02-04T11:37:00Z,2026-02-04T16:18:00Z,corrective,parts_ordered,281,8.5,538.54,2,Intervention préventive conforme au plan.,2026-S1
MNT-2026S1-1786,EVT-2026S1-0142,EQ-CONV-162,2026-06-18T10:51:00Z,2026-06-18T12:47:00Z,corrective,follow_up_required,116,2.03,142.26,1,"Cause non confirmée, mesures complémentaires nécessaires.",2026-S1
MNT-2026S1-1787,EVT-2026S1-0239,EQ-COMP-329,2026-02-26T04:52:00Z,2026-02-26T08:17:00Z,corrective,follow_up_required,205,5.37,64.41,0,"Réglage effectué, surveillance demandée à la prochaine ronde.",2026-S1
MNT-2026S1-1788,EVT-2026S1-0184,EQ-FAN-324,2026-05-23T15:40:00Z,2026-05-23T21:06:00Z,replacement,monitoring,326,6.88,215.84,1,"Cause non confirmée, mesures complémentaires nécessaires.",2026-S1
MNT-2026S1-1789,EVT-2026S1-0376,EQ-CONV-336,2026-06-20T15:58:00Z,2026-06-20T18:38:00Z,preventive,monitoring,160,3.53,260.19,1,Contrôle visuel et essai fonctionnel réalisés.,2026-S1
MNT-2026S1-1790,EVT-2026S1-0060,EQ-FAN-160,2026-05-18T04:01:00Z,2026-05-18T05:15:00Z,replacement,monitoring,74,1.74,20.93,0,"Réglage effectué, surveillance demandée à la prochaine ronde.",2026-S1
MNT-2026S1-1791,EVT-2026S1-0061,EQ-PUMP-171,2026-01-15T20:51:00Z,2026-01-16T00:43:00Z,calibration,no_fault_found,232,4.82,819.65,3,"Réglage effectué, surveillance demandée à la prochaine ronde.",2026-S1
MNT-2026S1-1792,EVT-2026S1-0227,EQ-PRESS-197,2026-06-09T22:31:00Z,2026-06-10T04:01:00Z,inspection,follow_up_required,330,5.85,578.17,2,Intervention préventive conforme au plan.,2026-S1
MNT-2026S1-1793,EVT-2026S1-0289,EQ-MIX-279,2026-01-12T22:35:00Z,2026-01-12T23:52:00Z,preventive,follow_up_required,77,2.46,599.52,3,"Réglage effectué, surveillance demandée à la prochaine ronde.",2026-S1
MNT-2026S1-1794,EVT-2026S1-0286,EQ-OVEN-246,2026-05-12T01:56:00Z,2026-05-12T04:12:00Z,preventive,no_fault_found,136,3.23,38.82,0,Contrôle visuel et essai fonctionnel réalisés.,2026-S1
MNT-2026S1-1795,EVT-2026S1-0482,EQ-CHILL-328,2026-05-01T21:08:00Z,2026-05-01T23:18:00Z,corrective,resolved,130,2.76,262.4,2,"Cause non confirmée, mesures complémentaires nécessaires.",2026-S1
