equipment_id,timestamp,sensor_name,value,unit,period
EQ-STEAM-341,2026-01-01T23:41:00Z,pressure_bar,5.97,bar,2026-S1
EQ-CHILL-001,2026-01-02T00:00:00Z,temperature_c,56.39,°C,2026-S1
EQ-CHILL-168,2026-01-02T00:00:00Z,temperature_c,276.59,°C,2026-S1
EQ-CHILL-248,2026-01-02T00:00:00Z,temperature_c,52.61,°C,2026-S1
EQ-FAN-003,2026-01-02T00:00:00Z,vibration_mm_s,2.69,mm/s,2026-S1
EQ-FAN-284,2026-01-02T00:00:00Z,rpm,1691.38,rpm,2026-S1
EQ-MIX-159,2026-01-02T00:00:00Z,current_a,19.93,A,2026-S1
EQ-PUMP-001,2026-01-02T00:00:00Z,TEMPERATURE_C ,59.56,°C,2026-S1
EQ-PUMP-006,2026-01-02T00:00:00Z,vibration_mm_s,2.80,mm/s,2026-S1
EQ-STEAM-341,2026-01-02T05:23:00Z,pressure_bar,6.02,bar,2026-S1
EQ-CHILL-001,2026-01-02T06:00:00Z,temperature_c,66.35,°C,2026-S1
EQ-CHILL-168,2026-01-02T06:00:00Z,temperature_c,260.71,°C,2026-S1
EQ-CHILL-248,2026-01-02T06:00:00Z,temperature_c,49.21,°C,2026-S1
EQ-FAN-003,2026-01-02T06:00:00Z,vibration_mm_s,2.56,mm/s,2026-S1
EQ-FAN-284,2026-01-02T06:00:00Z,rpm,1635.06,rpm,2026-S1
EQ-MIX-159,2026-01-02T06:00:00Z,current_a,23.77,A,2026-S1
EQ-PUMP-001,2026-01-02T06:00:00Z,TEMPERATURE_C ,62.69,°C,2026-S1
EQ-PUMP-006,2026-01-02T06:00:00Z,vibration_mm_s,2.54,mm/s,2026-S1
EQ-CHILL-001,2026-01-02T12:00:00Z,temperature_c,64.85,°C,2026-S1
EQ-CHILL-168,2026-01-02T12:00:00Z,temperature_c,296.46,°C,2026-S1
EQ-CHILL-248,2026-01-02T12:00:00Z,temperature_c,54.67,°C,2026-S1
EQ-FAN-003,2026-01-02T12:00:00Z,vibration_mm_s,3.05,mm/s,2026-S1
EQ-FAN-284,2026-01-02T12:00:00Z,rpm,1603.08,rpm,2026-S1
EQ-MIX-159,2026-01-02T12:00:00Z,current_a,26.09,A,2026-S1
EQ-PUMP-001,2026-01-02T12:00:00Z,TEMPERATURE_C ,53.76,°C,2026-S1
EQ-PUMP-006,2026-01-02T12:00:00Z,vibration_mm_s,3.37,mm/s,2026-S1
EQ-STEAM-341,2026-01-02T12:41:00Z,pressure_bar,6.25,bar,2026-S1
EQ-STEAM-341,2026-01-02T17:23:00Z,pressure_bar,5.78,bar,2026-S1
EQ-CHILL-001,2026-01-02T18:00:00Z,temperature_c,57.22,°C,2026-S1
EQ-CHILL-168,2026-01-02T18:00:00Z,temperature_c,244.48,°C,2026-S1
EQ-CHILL-248,2026-01-02T18:00:00Z,temperature_c,56.88,°C,2026-S1
EQ-FAN-003,2026-01-02T18:00:00Z,vibration_mm_s,2.58,mm/s,2026-S1
EQ-FAN-284,2026-01-02T18:00:00Z,rpm,1644.76,rpm,2026-S1
EQ-MIX-159,2026-01-02T18:00:00Z,current_a,25.23,A,2026-S1
EQ-PUMP-001,2026-01-02T18:00:00Z,TEMPERATURE_C ,55.21,°C,2026-S1
EQ-PUMP-006,2026-01-02T18:00:00Z,vibration_mm_s,3.22,mm/s,2026-S1
EQ-CHILL-001,2026-01-03T00:00:00Z,temperature_c,53.95,°C,2026-S1
EQ-CHILL-168,2026-01-03T00:00:00Z,temperature_c,270.68,°C,2026-S1
EQ-CHILL-248,2026-01-03T00:00:00Z,temperature_c,48.68,°C,2026-S1
EQ-FAN-003,2026-01-03T00:00:00Z,vibration_mm_s,2.66,mm/s,2026-S1
EQ-FAN-284,2026-01-03T00:00:00Z,rpm,1680.23,rpm,2026-S1
EQ-MIX-159,2026-01-03T00:00:00Z,current_a,22.74,A,2026-S1
EQ-PUMP-001,2026-01-03T00:00:00Z,TEMPERATURE_C ,61.70,°C,2026-S1
EQ-PUMP-006,2026-01-03T00:00:00Z,vibration_mm_s,3.59,mm/s,2026-S1
EQ-STEAM-341,2026-01-03T00:23:00Z,pressure_bar,5.57,bar,2026-S1
EQ-STEAM-341,2026-01-03T05:23:00Z,pressure_bar,5.89,bar,2026-S1
EQ-CHILL-001,2026-01-03T06:00:00Z,temperature_c,61.00,°C,2026-S1
EQ-CHILL-168,2026-01-03T06:00:00Z,temperature_c,271.65,°C,2026-S1
EQ-CHILL-248,2026-01-03T06:00:00Z,temperature_c,49.69,°C,2026-S1
EQ-FAN-003,2026-01-03T06:00:00Z,vibration_mm_s,2.81,mm/s,2026-S1
EQ-FAN-284,2026-01-03T06:00:00Z,rpm,1633.28,rpm,2026-S1
EQ-MIX-159,2026-01-03T06:00:00Z,current_a,22.03,A,2026-S1
EQ-PUMP-001,2026-01-03T06:00:00Z,TEMPERATURE_C ,61.54,°C,2026-S1
EQ-PUMP-006,2026-01-03T06:00:00Z,vibration_mm_s,3.74,mm/s,2026-S1
EQ-CHILL-001,2026-01-03T12:00:00Z,temperature_c,60.06,°C,2026-S1
EQ-CHILL-168,2026-01-03T12:00:00Z,temperature_c,261.16,°C,2026-S1
EQ-CHILL-248,2026-01-03T12:00:00Z,temperature_c,50.73,°C,2026-S1
EQ-FAN-003,2026-01-03T12:00:00Z,vibration_mm_s,3.00,mm/s,2026-S1
EQ-FAN-284,2026-01-03T12:00:00Z,rpm,1618.86,rpm,2026-S1
EQ-MIX-159,2026-01-03T12:00:00Z,current_a,27.40,A,2026-S1
EQ-PUMP-001,2026-01-03T12:00:00Z,TEMPERATURE_C ,56.10,°C,2026-S1
EQ-PUMP-006,2026-01-03T12:00:00Z,vibration_mm_s,3.22,mm/s,2026-S1
EQ-STEAM-341,2026-01-03T12:11:00Z,pressure_bar,6.39,bar,2026-S1
EQ-CHILL-001,2026-01-03T18:00:00Z,temperature_c,50.60,°C,2026-S1
EQ-CHILL-168,2026-01-03T18:00:00Z,temperature_c,213.03,°C,2026-S1
EQ-CHILL-248,2026-01-03T18:00:00Z,temperature_c,58.96,°C,2026-S1
EQ-FAN-003,2026-01-03T18:00:00Z,vibration_mm_s,2.74,mm/s,2026-S1
EQ-FAN-284,2026-01-03T18:00:00Z,rpm,1660.86,rpm,2026-S1
EQ-MIX-159,2026-01-03T18:00:00Z,current_a,25.92,A,2026-S1
EQ-PUMP-001,2026-01-03T18:00:00Z,TEMPERATURE_C ,55.56,°C,2026-S1
EQ-PUMP-006,2026-01-03T18:00:00Z,vibration_mm_s,3.11,mm/s,2026-S1
EQ-STEAM-341,2026-01-03T18:11:00Z,pressure_bar,5.72,bar,2026-S1
EQ-STEAM-341,2026-01-03T23:41:00Z,pressure_bar,5.74,bar,2026-S1
EQ-CHILL-001,2026-01-04T00:00:00Z,temperature_c,52.24,°C,2026-S1
EQ-CHILL-168,2026-01-04T00:00:00Z,temperature_c,321.51,°C,2026-S1
EQ-CHILL-248,2026-01-04T00:00:00Z,temperature_c,49.67,°C,2026-S1
EQ-FAN-003,2026-01-04T00:00:00Z,vibration_mm_s,2.05,mm/s,2026-S1
EQ-FAN-284,2026-01-04T00:00:00Z,rpm,1668.74,rpm,2026-S1
EQ-MIX-159,2026-01-04T00:00:00Z,current_a,24.34,A,2026-S1
EQ-PUMP-001,2026-01-04T00:00:00Z,TEMPERATURE_C ,58.94,°C,2026-S1
EQ-PUMP-006,2026-01-04T00:00:00Z,vibration_mm_s,3.11,mm/s,2026-S1
EQ-CHILL-001,2026-01-04T06:00:00Z,temperature_c,58.33,°C,2026-S1
EQ-CHILL-168,2026-01-04T06:00:00Z,temperature_c,279.78,°C,2026-S1
EQ-CHILL-248,2026-01-04T06:00:00Z,temperature_c,46.20,°C,2026-S1
EQ-FAN-003,2026-01-04T06:00:00Z,vibration_mm_s,2.85,mm/s,2026-S1
EQ-FAN-284,2026-01-04T06:00:00Z,rpm,1650.23,rpm,2026-S1
EQ-MIX-159,2026-01-04T06:00:00Z,current_a,25.66,A,2026-S1
EQ-PUMP-001,2026-01-04T06:00:00Z,TEMPERATURE_C ,60.18,°C,2026-S1
EQ-PUMP-006,2026-01-04T06:00:00Z,vibration_mm_s,3.08,mm/s,2026-S1
EQ-STEAM-341,2026-01-04T06:23:00Z,pressure_bar,5.49,bar,2026-S1
EQ-CHILL-001,2026-01-04T12:00:00Z,temperature_c,58.95,°C,2026-S1
EQ-CHILL-168,2026-01-04T12:00:00Z,temperature_c,312.34,°C,2026-S1
EQ-CHILL-248,2026-01-04T12:00:00Z,temperature_c,51.45,°C,2026-S1
EQ-FAN-003,2026-01-04T12:00:00Z,vibration_mm_s,2.93,mm/s,2026-S1
EQ-FAN-284,2026-01-04T12:00:00Z,rpm,1605.08,rpm,2026-S1
EQ-MIX-159,2026-01-04T12:00:00Z,current_a,29.77,A,2026-S1
EQ-PUMP-001,2026-01-04T12:00:00Z,TEMPERATURE_C ,52.82,°C,2026-S1
EQ-PUMP-006,2026-01-04T12:00:00Z,vibration_mm_s,3.09,mm/s,2026-S1
EQ-STEAM-341,2026-01-04T12:11:00Z,pressure_bar,6.38,bar,2026-S1
EQ-STEAM-341,2026-01-04T17:07:00Z,pressure_bar,5.93,bar,2026-S1
EQ-CHILL-001,2026-01-04T18:00:00Z,temperature_c,48.66,°C,2026-S1
EQ-CHILL-168,2026-01-04T18:00:00Z,temperature_c,200.62,°C,2026-S1
EQ-CHILL-248,2026-01-04T18:00:00Z,temperature_c,55.20,°C,2026-S1
EQ-FAN-003,2026-01-04T18:00:00Z,vibration_mm_s,2.69,mm/s,2026-S1
EQ-FAN-284,2026-01-04T18:00:00Z,rpm,1650.66,rpm,2026-S1
EQ-MIX-159,2026-01-04T18:00:00Z,current_a,27.30,A,2026-S1
EQ-PUMP-001,2026-01-04T18:00:00Z,TEMPERATURE_C ,52.86,°C,2026-S1
EQ-PUMP-006,2026-01-04T18:00:00Z,vibration_mm_s,2.69,mm/s,2026-S1
EQ-CHILL-001,2026-01-05T00:00:00Z,temperature_c,53.26,°C,2026-S1
EQ-CHILL-168,2026-01-05T00:00:00Z,temperature_c,228.79,°C,2026-S1
EQ-CHILL-248,2026-01-05T00:00:00Z,temperature_c,51.00,°C,2026-S1
EQ-FAN-003,2026-01-05T00:00:00Z,vibration_mm_s,2.84,mm/s,2026-S1
EQ-FAN-284,2026-01-05T00:00:00Z,rpm,1692.37,rpm,2026-S1
EQ-MIX-159,2026-01-05T00:00:00Z,current_a,25.39,A,2026-S1
EQ-PUMP-001,2026-01-05T00:00:00Z,TEMPERATURE_C ,59.38,°C,2026-S1
EQ-PUMP-006,2026-01-05T00:00:00Z,vibration_mm_s,3.21,mm/s,2026-S1
EQ-STEAM-341,2026-01-05T00:41:00Z,pressure_bar,5.77,bar,2026-S1
EQ-CHILL-001,2026-01-05T06:00:00Z,temperature_c,62.55,°C,2026-S1
EQ-CHILL-168,2026-01-05T06:00:00Z,temperature_c,223.53,°C,2026-S1
EQ-CHILL-248,2026-01-05T06:00:00Z,temperature_c,48.89,°C,2026-S1
EQ-FAN-003,2026-01-05T06:00:00Z,vibration_mm_s,2.59,mm/s,2026-S1
EQ-FAN-284,2026-01-05T06:00:00Z,rpm,1654.68,rpm,2026-S1
EQ-MIX-159,2026-01-05T06:00:00Z,current_a,25.26,A,2026-S1
EQ-PUMP-001,2026-01-05T06:00:00Z,TEMPERATURE_C ,62.74,°C,2026-S1
EQ-PUMP-006,2026-01-05T06:00:00Z,vibration_mm_s,3.24,mm/s,2026-S1
EQ-STEAM-341,2026-01-05T06:41:00Z,pressure_bar,5.77,bar,2026-S1
EQ-CHILL-001,2026-01-05T12:00:00Z,temperature_c,61.39,°C,2026-S1
EQ-CHILL-168,2026-01-05T12:00:00Z,temperature_c,281.62,°C,2026-S1
EQ-CHILL-248,2026-01-05T12:00:00Z,temperature_c,54.22,°C,2026-S1
EQ-FAN-003,2026-01-05T12:00:00Z,vibration_mm_s,2.89,mm/s,2026-S1
EQ-FAN-284,2026-01-05T12:00:00Z,rpm,1597.22,rpm,2026-S1
EQ-MIX-159,2026-01-05T12:00:00Z,current_a,29.22,A,2026-S1
EQ-PUMP-001,2026-01-05T12:00:00Z,TEMPERATURE_C ,55.62,°C,2026-S1
EQ-PUMP-006,2026-01-05T12:00:00Z,vibration_mm_s,3.17,mm/s,2026-S1
EQ-STEAM-341,2026-01-05T12:23:00Z,pressure_bar,6.42,bar,2026-S1
EQ-STEAM-341,2026-01-05T17:23:00Z,pressure_bar,6.18,bar,2026-S1
EQ-CHILL-001,2026-01-05T18:00:00Z,temperature_c,53.76,°C,2026-S1
EQ-CHILL-168,2026-01-05T18:00:00Z,temperature_c,250.49,°C,2026-S1
EQ-CHILL-248,2026-01-05T18:00:00Z,temperature_c,57.97,°C,2026-S1
EQ-FAN-003,2026-01-05T18:00:00Z,vibration_mm_s,2.78,mm/s,2026-S1
EQ-FAN-284,2026-01-05T18:00:00Z,rpm,1655.85,rpm,2026-S1
EQ-MIX-159,2026-01-05T18:00:00Z,current_a,28.51,A,2026-S1
EQ-PUMP-001,2026-01-05T18:00:00Z,TEMPERATURE_C ,54.24,°C,2026-S1
EQ-PUMP-006,2026-01-05T18:00:00Z,vibration_mm_s,3.55,mm/s,2026-S1
EQ-CHILL-001,2026-01-06T00:00:00Z,temperature_c,52.29,°C,2026-S1
EQ-CHILL-168,2026-01-06T00:00:00Z,temperature_c,221.26,°C,2026-S1
EQ-CHILL-248,2026-01-06T00:00:00Z,temperature_c,54.95,°C,2026-S1
EQ-FAN-003,2026-01-06T00:00:00Z,vibration_mm_s,2.56,mm/s,2026-S1
EQ-FAN-284,2026-01-06T00:00:00Z,rpm,1690.64,rpm,2026-S1
EQ-MIX-159,2026-01-06T00:00:00Z,current_a,25.41,A,2026-S1
EQ-PUMP-001,2026-01-06T00:00:00Z,TEMPERATURE_C ,59.14,°C,2026-S1
EQ-PUMP-006,2026-01-06T00:00:00Z,vibration_mm_s,2.85,mm/s,2026-S1
EQ-STEAM-341,2026-01-06T00:41:00Z,pressure_bar,5.93,bar,2026-S1
EQ-STEAM-341,2026-01-06T05:23:00Z,pressure_bar,5.95,bar,2026-S1
EQ-CHILL-001,2026-01-06T06:00:00Z,temperature_c,59.95,°C,2026-S1
EQ-CHILL-168,2026-01-06T06:00:00Z,temperature_c,254.60,°C,2026-S1
EQ-CHILL-248,2026-01-06T06:00:00Z,temperature_c,48.52,°C,2026-S1
EQ-FAN-003,2026-01-06T06:00:00Z,vibration_mm_s,3.17,mm/s,2026-S1
EQ-FAN-284,2026-01-06T06:00:00Z,rpm,1685.08,rpm,2026-S1
EQ-MIX-159,2026-01-06T06:00:00Z,current_a,28.35,A,2026-S1
EQ-PUMP-001,2026-01-06T06:00:00Z,TEMPERATURE_C ,62.97,°C,2026-S1
EQ-PUMP-006,2026-01-06T06:00:00Z,vibration_mm_s,3.90,mm/s,2026-S1
EQ-CHILL-001,2026-01-06T12:00:00Z,temperature_c,58.32,°C,2026-S1
EQ-CHILL-168,2026-01-06T12:00:00Z,temperature_c,240.65,°C,2026-S1
EQ-CHILL-248,2026-01-06T12:00:00Z,temperature_c,53.52,°C,2026-S1
EQ-FAN-003,2026-01-06T12:00:00Z,vibration_mm_s,3.23,mm/s,2026-S1
EQ-FAN-284,2026-01-06T12:00:00Z,rpm,1570.87,rpm,2026-S1
EQ-MIX-159,2026-01-06T12:00:00Z,current_a,28.06,A,2026-S1
EQ-PUMP-001,2026-01-06T12:00:00Z,TEMPERATURE_C ,56.74,°C,2026-S1
EQ-PUMP-006,2026-01-06T12:00:00Z,vibration_mm_s,2.54,mm/s,2026-S1
EQ-STEAM-341,2026-01-06T12:41:00Z,pressure_bar,6.58,bar,2026-S1
EQ-CHILL-001,2026-01-06T18:00:00Z,temperature_c,54.89,°C,2026-S1
EQ-CHILL-168,2026-01-06T18:00:00Z,temperature_c,210.02,°C,2026-S1
EQ-CHILL-248,2026-01-06T18:00:00Z,temperature_c,56.84,°C,2026-S1
EQ-FAN-003,2026-01-06T18:00:00Z,vibration_mm_s,2.72,mm/s,2026-S1
EQ-FAN-284,2026-01-06T18:00:00Z,rpm,1614.64,rpm,2026-S1
EQ-MIX-159,2026-01-06T18:00:00Z,current_a,27.55,A,2026-S1
EQ-PUMP-001,2026-01-06T18:00:00Z,TEMPERATURE_C ,55.75,°C,2026-S1
EQ-PUMP-006,2026-01-06T18:00:00Z,vibration_mm_s,3.00,mm/s,2026-S1
EQ-STEAM-341,2026-01-06T18:23:00Z,pressure_bar,5.95,bar,2026-S1
EQ-STEAM-341,2026-01-06T23:41:00Z,pressure_bar,5.89,bar,2026-S1
EQ-CHILL-001,2026-01-07T00:00:00Z,temperature_c,54.63,°C,2026-S1
EQ-CHILL-168,2026-01-07T00:00:00Z,temperature_c,202.42,°C,2026-S1
EQ-CHILL-248,2026-01-07T00:00:00Z,temperature_c,52.58,°C,2026-S1
EQ-FAN-003,2026-01-07T00:00:00Z,vibration_mm_s,2.75,mm/s,2026-S1
EQ-FAN-284,2026-01-07T00:00:00Z,rpm,1690.20,rpm,2026-S1
EQ-MIX-159,2026-01-07T00:00:00Z,current_a,23.50,A,2026-S1
EQ-PUMP-001,2026-01-07T00:00:00Z,TEMPERATURE_C ,61.26,°C,2026-S1
EQ-PUMP-006,2026-01-07T00:00:00Z,vibration_mm_s,2.84,mm/s,2026-S1
EQ-CHILL-001,2026-01-07T06:00:00Z,temperature_c,58.26,°C,2026-S1
EQ-CHILL-168,2026-01-07T06:00:00Z,temperature_c,236.04,°C,2026-S1
EQ-CHILL-248,2026-01-07T06:00:00Z,temperature_c,49.13,°C,2026-S1
EQ-FAN-003,2026-01-07T06:00:00Z,vibration_mm_s,2.89,mm/s,2026-S1
EQ-FAN-284,2026-01-07T06:00:00Z,rpm,1590.43,rpm,2026-S1
EQ-MIX-159,2026-01-07T06:00:00Z,current_a,21.23,A,2026-S1
EQ-PUMP-001,2026-01-07T06:00:00Z,TEMPERATURE_C ,64.02,°C,2026-S1
EQ-PUMP-006,2026-01-07T06:00:00Z,vibration_mm_s,2.61,mm/s,2026-S1
EQ-STEAM-341,2026-01-07T06:11:00Z,pressure_bar,6.28,bar,2026-S1
EQ-STEAM-341,2026-01-07T11:07:00Z,pressure_bar,6.42,bar,2026-S1
EQ-CHILL-001,2026-01-07T12:00:00Z,temperature_c,58.18,°C,2026-S1
EQ-CHILL-168,2026-01-07T12:00:00Z,temperature_c,204.54,°C,2026-S1
EQ-CHILL-248,2026-01-07T12:00:00Z,temperature_c,53.67,°C,2026-S1
EQ-FAN-003,2026-01-07T12:00:00Z,vibration_mm_s,2.95,mm/s,2026-S1
EQ-FAN-284,2026-01-07T12:00:00Z,rpm,1597.11,rpm,2026-S1
EQ-MIX-159,2026-01-07T12:00:00Z,current_a,24.46,A,2026-S1
EQ-PUMP-001,2026-01-07T12:00:00Z,TEMPERATURE_C ,57.65,°C,2026-S1
EQ-PUMP-006,2026-01-07T12:00:00Z,vibration_mm_s,3.34,mm/s,2026-S1
EQ-CHILL-001,2026-01-07T18:00:00Z,temperature_c,54.90,°C,2026-S1
EQ-CHILL-168,2026-01-07T18:00:00Z,temperature_c,224.69,°C,2026-S1
EQ-CHILL-248,2026-01-07T18:00:00Z,temperature_c,57.87,°C,2026-S1
EQ-FAN-003,2026-01-07T18:00:00Z,vibration_mm_s,3.25,mm/s,2026-S1
EQ-FAN-284,2026-01-07T18:00:00Z,rpm,1678.30,rpm,2026-S1
EQ-MIX-159,2026-01-07T18:00:00Z,current_a,24.90,A,2026-S1
EQ-PUMP-001,2026-01-07T18:00:00Z,TEMPERATURE_C ,54.99,°C,2026-S1
EQ-PUMP-006,2026-01-07T18:00:00Z,vibration_mm_s,3.29,mm/s,2026-S1
EQ-STEAM-341,2026-01-07T18:41:00Z,pressure_bar,5.92,bar,2026-S1
EQ-STEAM-341,2026-01-07T23:23:00Z,pressure_bar,5.72,bar,2026-S1
EQ-CHILL-001,2026-01-08T00:00:00Z,temperature_c,52.78,°C,2026-S1
EQ-CHILL-168,2026-01-08T00:00:00Z,temperature_c,280.05,°C,2026-S1
EQ-CHILL-248,2026-01-08T00:00:00Z,temperature_c,51.85,°C,2026-S1
EQ-FAN-003,2026-01-08T00:00:00Z,vibration_mm_s,2.52,mm/s,2026-S1
EQ-FAN-284,2026-01-08T00:00:00Z,rpm,1664.18,rpm,2026-S1
EQ-MIX-159,2026-01-08T00:00:00Z,current_a,23.63,A,2026-S1
EQ-PUMP-001,2026-01-08T00:00:00Z,TEMPERATURE_C ,58.51,°C,2026-S1
EQ-PUMP-006,2026-01-08T00:00:00Z,vibration_mm_s,2.96,mm/s,2026-S1
EQ-CHILL-001,2026-01-08T06:00:00Z,temperature_c,59.03,°C,2026-S1
EQ-CHILL-168,2026-01-08T06:00:00Z,temperature_c,264.45,°C,2026-S1
EQ-CHILL-248,2026-01-08T06:00:00Z,temperature_c,46.93,°C,2026-S1
EQ-FAN-003,2026-01-08T06:00:00Z,vibration_mm_s,2.74,mm/s,2026-S1
EQ-FAN-284,2026-01-08T06:00:00Z,rpm,1631.41,rpm,2026-S1
EQ-MIX-159,2026-01-08T06:00:00Z,current_a,21.94,A,2026-S1
EQ-PUMP-001,2026-01-08T06:00:00Z,TEMPERATURE_C ,62.10,°C,2026-S1
EQ-PUMP-006,2026-01-08T06:00:00Z,vibration_mm_s,3.43,mm/s,2026-S1
EQ-STEAM-341,2026-01-08T06:11:00Z,pressure_bar,6.25,bar,2026-S1
EQ-STEAM-341,2026-01-08T11:07:00Z,pressure_bar,6.26,bar,2026-S1
EQ-CHILL-001,2026-01-08T12:00:00Z,temperature_c,56.25,°C,2026-S1
EQ-CHILL-168,2026-01-08T12:00:00Z,temperature_c,208.56,°C,2026-S1
EQ-CHILL-248,2026-01-08T12:00:00Z,temperature_c,51.13,°C,2026-S1
EQ-FAN-003,2026-01-08T12:00:00Z,vibration_mm_s,3.54,mm/s,2026-S1
EQ-FAN-284,2026-01-08T12:00:00Z,rpm,1607.75,rpm,2026-S1
EQ-MIX-159,2026-01-08T12:00:00Z,current_a,27.13,A,2026-S1
EQ-PUMP-001,2026-01-08T12:00:00Z,TEMPERATURE_C ,57.28,°C,2026-S1
EQ-PUMP-006,2026-01-08T12:00:00Z,vibration_mm_s,2.73,mm/s,2026-S1
EQ-CHILL-001,2026-01-08T18:00:00Z,temperature_c,53.67,°C,2026-S1
EQ-CHILL-168,2026-01-08T18:00:00Z,temperature_c,202.21,°C,2026-S1
EQ-CHILL-248,2026-01-08T18:00:00Z,temperature_c,59.03,°C,2026-S1
EQ-FAN-003,2026-01-08T18:00:00Z,vibration_mm_s,2.90,mm/s,2026-S1
EQ-FAN-284,2026-01-08T18:00:00Z,rpm,1635.83,rpm,2026-S1
EQ-MIX-159,2026-01-08T18:00:00Z,current_a,25.71,A,2026-S1
EQ-PUMP-001,2026-01-08T18:00:00Z,TEMPERATURE_C ,51.95,°C,2026-S1
EQ-PUMP-006,2026-01-08T18:00:00Z,vibration_mm_s,2.97,mm/s,2026-S1
EQ-STEAM-341,2026-01-08T18:23:00Z,pressure_bar,6.08,bar,2026-S1
EQ-CHILL-001,2026-01-09T00:00:00Z,temperature_c,52.57,°C,2026-S1
EQ-CHILL-168,2026-01-09T00:00:00Z,temperature_c,255.70,°C,2026-S1
EQ-CHILL-248,2026-01-09T00:00:00Z,temperature_c,52.07,°C,2026-S1
EQ-FAN-003,2026-01-09T00:00:00Z,vibration_mm_s,2.91,mm/s,2026-S1
EQ-FAN-284,2026-01-09T00:00:00Z,rpm,1684.55,rpm,2026-S1
EQ-MIX-159,2026-01-09T00:00:00Z,current_a,21.81,A,2026-S1
EQ-PUMP-001,2026-01-09T00:00:00Z,TEMPERATURE_C ,59.65,°C,2026-S1
EQ-PUMP-006,2026-01-09T00:00:00Z,vibration_mm_s,3.65,mm/s,2026-S1
EQ-STEAM-341,2026-01-09T00:41:00Z,pressure_bar,5.70,bar,2026-S1
EQ-CHILL-001,2026-01-09T06:00:00Z,temperature_c,59.07,°C,2026-S1
EQ-CHILL-168,2026-01-09T06:00:00Z,temperature_c,274.94,°C,2026-S1
EQ-CHILL-248,2026-01-09T06:00:00Z,temperature_c,49.65,°C,2026-S1
EQ-FAN-003,2026-01-09T06:00:00Z,vibration_mm_s,2.64,mm/s,2026-S1
EQ-FAN-284,2026-01-09T06:00:00Z,rpm,1632.50,rpm,2026-S1
EQ-MIX-159,2026-01-09T06:00:00Z,current_a,23.74,A,2026-S1
EQ-PUMP-001,2026-01-09T06:00:00Z,TEMPERATURE_C ,64.90,°C,2026-S1
EQ-PUMP-006,2026-01-09T06:00:00Z,vibration_mm_s,3.06,mm/s,2026-S1
EQ-STEAM-341,2026-01-09T06:23:00Z,pressure_bar,5.64,bar,2026-S1
EQ-CAB-134,2026-01-09T12:00:00Z,temperature_c,56.16,°C,2026-S1
EQ-CHILL-168,2026-01-09T12:00:00Z,pressure_bar,7.14,bar,2026-S1
EQ-CHILL-188,2026-01-09T12:00:00Z,pressure_bar,6.02,bar,2026-S1
EQ-CHILL-188,2026-01-09T12:00:00Z,temperature_c,63.06,°C,2026-S1
EQ-FAN-284,2026-01-09T12:00:00Z,rpm,1668.38,rpm,2026-S1
EQ-MIX-379,2026-01-09T12:00:00Z,current_a,21.85,A,2026-S1
EQ-PUMP-001,2026-01-09T12:00:00Z,TEMPERATURE_C ,54.79,°C,2026-S1
EQ-ROBOT-358,2026-01-09T12:00:00Z,current_a,23.65,A,2026-S1
EQ-STEAM-341,2026-01-09T12:00:00Z,temperature_c,58.06,°C,2026-S1
EQ-STEAM-352,2026-01-09T12:00:00Z,pressure_bar,6.47,bar,2026-S1
EQ-CAB-134,2026-01-09T18:00:00Z,temperature_c,58.27,°C,2026-S1
EQ-CHILL-168,2026-01-09T18:00:00Z,pressure_bar,7.45,bar,2026-S1
EQ-CHILL-188,2026-01-09T18:00:00Z,pressure_bar,6.43,bar,2026-S1
EQ-CHILL-188,2026-01-09T18:00:00Z,temperature_c,54.36,°C,2026-S1
EQ-FAN-284,2026-01-09T18:00:00Z,rpm,1639.81,rpm,2026-S1
EQ-MIX-379,2026-01-09T18:00:00Z,current_a,24.88,A,2026-S1
EQ-PUMP-001,2026-01-09T18:00:00Z,TEMPERATURE_C ,55.22,°C,2026-S1
EQ-ROBOT-358,2026-01-09T18:00:00Z,current_a,22.10,A,2026-S1
EQ-STEAM-341,2026-01-09T18:00:00Z,temperature_c,52.01,°C,2026-S1
EQ-STEAM-352,2026-01-09T18:00:00Z,pressure_bar,5.80,bar,2026-S1
EQ-CAB-134,2026-01-10T00:00:00Z,temperature_c,47.92,°C,2026-S1
EQ-CHILL-168,2026-01-10T00:00:00Z,pressure_bar,7.31,bar,2026-S1
EQ-CHILL-188,2026-01-10T00:00:00Z,pressure_bar,6.95,bar,2026-S1
EQ-CHILL-188,2026-01-10T00:00:00Z,temperature_c,56.96,°C,2026-S1
EQ-FAN-284,2026-01-10T00:00:00Z,rpm,1578.88,rpm,2026-S1
EQ-MIX-379,2026-01-10T00:00:00Z,current_a,21.21,A,2026-S1
EQ-PUMP-001,2026-01-10T00:00:00Z,TEMPERATURE_C ,55.69,°C,2026-S1
EQ-ROBOT-358,2026-01-10T00:00:00Z,current_a,19.59,A,2026-S1
EQ-STEAM-341,2026-01-10T00:00:00Z,temperature_c,54.55,°C,2026-S1
EQ-STEAM-352,2026-01-10T00:00:00Z,pressure_bar,6.03,bar,2026-S1
EQ-CAB-134,2026-01-10T06:00:00Z,temperature_c,55.15,°C,2026-S1
EQ-CHILL-168,2026-01-10T06:00:00Z,pressure_bar,7.04,bar,2026-S1
EQ-CHILL-188,2026-01-10T06:00:00Z,pressure_bar,6.60,bar,2026-S1
EQ-CHILL-188,2026-01-10T06:00:00Z,temperature_c,58.88,°C,2026-S1
EQ-FAN-284,2026-01-10T06:00:00Z,rpm,1642.02,rpm,2026-S1
EQ-MIX-379,2026-01-10T06:00:00Z,current_a,19.45,A,2026-S1
EQ-PUMP-001,2026-01-10T06:00:00Z,TEMPERATURE_C ,63.50,°C,2026-S1
EQ-ROBOT-358,2026-01-10T06:00:00Z,current_a,20.75,A,2026-S1
EQ-STEAM-341,2026-01-10T06:00:00Z,temperature_c,58.33,°C,2026-S1
EQ-STEAM-352,2026-01-10T06:00:00Z,pressure_bar,6.51,bar,2026-S1
EQ-CAB-134,2026-01-10T12:00:00Z,temperature_c,56.33,°C,2026-S1
EQ-CHILL-168,2026-01-10T12:00:00Z,pressure_bar,6.89,bar,2026-S1
EQ-CHILL-188,2026-01-10T12:00:00Z,pressure_bar,6.22,bar,2026-S1
EQ-CHILL-188,2026-01-10T12:00:00Z,temperature_c,55.14,°C,2026-S1
EQ-FAN-284,2026-01-10T12:00:00Z,rpm,1673.16,rpm,2026-S1
EQ-MIX-379,2026-01-10T12:00:00Z,current_a,19.70,A,2026-S1
EQ-PUMP-001,2026-01-10T12:00:00Z,TEMPERATURE_C ,54.57,°C,2026-S1
EQ-ROBOT-358,2026-01-10T12:00:00Z,current_a,19.43,A,2026-S1
EQ-STEAM-341,2026-01-10T12:00:00Z,temperature_c,57.07,°C,2026-S1
EQ-STEAM-352,2026-01-10T12:00:00Z,pressure_bar,6.45,bar,2026-S1
EQ-CAB-134,2026-01-10T18:00:00Z,temperature_c,57.05,°C,2026-S1
EQ-CHILL-168,2026-01-10T18:00:00Z,pressure_bar,7.44,bar,2026-S1
EQ-CHILL-188,2026-01-10T18:00:00Z,pressure_bar,6.23,bar,2026-S1
EQ-CHILL-188,2026-01-10T18:00:00Z,temperature_c,66.75,°C,2026-S1
EQ-FAN-284,2026-01-10T18:00:00Z,rpm,1626.48,rpm,2026-S1
EQ-MIX-379,2026-01-10T18:00:00Z,current_a,23.65,A,2026-S1
EQ-PUMP-001,2026-01-10T18:00:00Z,TEMPERATURE_C ,53.18,°C,2026-S1
EQ-ROBOT-358,2026-01-10T18:00:00Z,current_a,17.97,A,2026-S1
EQ-STEAM-341,2026-01-10T18:00:00Z,temperature_c,48.61,°C,2026-S1
EQ-STEAM-352,2026-01-10T18:00:00Z,pressure_bar,6.16,bar,2026-S1
EQ-CAB-134,2026-01-11T00:00:00Z,temperature_c,58.96,°C,2026-S1
EQ-CHILL-168,2026-01-11T00:00:00Z,pressure_bar,7.40,bar,2026-S1
EQ-CHILL-188,2026-01-11T00:00:00Z,pressure_bar,6.08,bar,2026-S1
EQ-CHILL-188,2026-01-11T00:00:00Z,temperature_c,53.28,°C,2026-S1
EQ-FAN-284,2026-01-11T00:00:00Z,rpm,1608.06,rpm,2026-S1
EQ-MIX-379,2026-01-11T00:00:00Z,current_a,21.89,A,2026-S1
EQ-PUMP-001,2026-01-11T00:00:00Z,TEMPERATURE_C ,57.69,°C,2026-S1
EQ-ROBOT-358,2026-01-11T00:00:00Z,current_a,20.40,A,2026-S1
EQ-STEAM-341,2026-01-11T00:00:00Z,temperature_c,51.75,°C,2026-S1
EQ-STEAM-352,2026-01-11T00:00:00Z,pressure_bar,5.90,bar,2026-S1
EQ-CAB-134,2026-01-11T06:00:00Z,temperature_c,53.79,°C,2026-S1
EQ-CHILL-168,2026-01-11T06:00:00Z,pressure_bar,6.70,bar,2026-S1
EQ-CHILL-188,2026-01-11T06:00:00Z,pressure_bar,6.14,bar,2026-S1
EQ-CHILL-188,2026-01-11T06:00:00Z,temperature_c,61.67,°C,2026-S1
EQ-FAN-284,2026-01-11T06:00:00Z,rpm,1633.30,rpm,2026-S1
EQ-MIX-379,2026-01-11T06:00:00Z,current_a,19.10,A,2026-S1
EQ-PUMP-001,2026-01-11T06:00:00Z,TEMPERATURE_C ,60.67,°C,2026-S1
EQ-ROBOT-358,2026-01-11T06:00:00Z,current_a,21.18,A,2026-S1
EQ-STEAM-341,2026-01-11T06:00:00Z,temperature_c,59.43,°C,2026-S1
EQ-STEAM-352,2026-01-11T06:00:00Z,pressure_bar,6.60,bar,2026-S1
EQ-CAB-134,2026-01-11T12:00:00Z,temperature_c,55.57,°C,2026-S1
EQ-CHILL-168,2026-01-11T12:00:00Z,pressure_bar,6.92,bar,2026-S1
EQ-CHILL-188,2026-01-11T12:00:00Z,pressure_bar,6.23,bar,2026-S1
EQ-CHILL-188,2026-01-11T12:00:00Z,temperature_c,59.10,°C,2026-S1
EQ-FAN-284,2026-01-11T12:00:00Z,rpm,1696.43,rpm,2026-S1
EQ-MIX-379,2026-01-11T12:00:00Z,current_a,20.56,A,2026-S1
EQ-PUMP-001,2026-01-11T12:00:00Z,TEMPERATURE_C ,54.74,°C,2026-S1
EQ-ROBOT-358,2026-01-11T12:00:00Z,current_a,19.65,A,2026-S1
EQ-STEAM-341,2026-01-11T12:00:00Z,temperature_c,53.90,°C,2026-S1
EQ-STEAM-352,2026-01-11T12:00:00Z,pressure_bar,6.45,bar,2026-S1
EQ-CAB-134,2026-01-11T18:00:00Z,temperature_c,59.64,°C,2026-S1
EQ-CHILL-168,2026-01-11T18:00:00Z,pressure_bar,7.48,bar,2026-S1
EQ-CHILL-188,2026-01-11T18:00:00Z,pressure_bar,6.29,bar,2026-S1
EQ-CHILL-188,2026-01-11T18:00:00Z,temperature_c,55.37,°C,2026-S1
EQ-FAN-284,2026-01-11T18:00:00Z,rpm,1642.18,rpm,2026-S1
EQ-MIX-379,2026-01-11T18:00:00Z,current_a,22.04,A,2026-S1
EQ-PUMP-001,2026-01-11T18:00:00Z,TEMPERATURE_C ,51.91,°C,2026-S1
EQ-ROBOT-358,2026-01-11T18:00:00Z,current_a,21.89,A,2026-S1
EQ-STEAM-341,2026-01-11T18:00:00Z,temperature_c,49.25,°C,2026-S1
EQ-STEAM-352,2026-01-11T18:00:00Z,pressure_bar,6.48,bar,2026-S1
EQ-CAB-134,2026-01-12T00:00:00Z,temperature_c,50.88,°C,2026-S1
EQ-CHILL-168,2026-01-12T00:00:00Z,pressure_bar,7.29,bar,2026-S1
EQ-CHILL-188,2026-01-12T00:00:00Z,pressure_bar,6.40,bar,2026-S1
EQ-CHILL-188,2026-01-12T00:00:00Z,temperature_c,53.35,°C,2026-S1
EQ-FAN-284,2026-01-12T00:00:00Z,rpm,1625.96,rpm,2026-S1
EQ-MIX-379,2026-01-12T00:00:00Z,current_a,22.12,A,2026-S1
EQ-PUMP-001,2026-01-12T00:00:00Z,temperature_c,58.72,°C,2026-S1
EQ-ROBOT-358,2026-01-12T00:00:00Z,current_a,18.58,A,2026-S1
EQ-STEAM-341,2026-01-12T00:00:00Z,temperature_c,54.46,°C,2026-S1
EQ-STEAM-352,2026-01-12T00:00:00Z,pressure_bar,5.97,bar,2026-S1
EQ-CAB-134,2026-01-12T06:00:00Z,temperature_c,57.09,°C,2026-S1
EQ-CHILL-168,2026-01-12T06:00:00Z,pressure_bar,7.07,bar,2026-S1
EQ-CHILL-188,2026-01-12T06:00:00Z,pressure_bar,5.90,bar,2026-S1
EQ-CHILL-188,2026-01-12T06:00:00Z,temperature_c,56.99,°C,2026-S1
EQ-FAN-284,2026-01-12T06:00:00Z,rpm,1671.77,rpm,2026-S1
EQ-MIX-379,2026-01-12T06:00:00Z,current_a,20.21,A,2026-S1
EQ-PUMP-001,2026-01-12T06:00:00Z,temperature_c,62.71,°C,2026-S1
EQ-ROBOT-358,2026-01-12T06:00:00Z,current_a,23.22,A,2026-S1
EQ-STEAM-341,2026-01-12T06:00:00Z,temperature_c,59.47,°C,2026-S1
EQ-STEAM-352,2026-01-12T06:00:00Z,pressure_bar,6.33,bar,2026-S1
EQ-CAB-134,2026-01-12T12:00:00Z,temperature_c,58.29,°C,2026-S1
EQ-CHILL-168,2026-01-12T12:00:00Z,pressure_bar,7.13,bar,2026-S1
EQ-CHILL-188,2026-01-12T12:00:00Z,pressure_bar,6.32,bar,2026-S1
EQ-CHILL-188,2026-01-12T12:00:00Z,temperature_c,58.58,°C,2026-S1
EQ-FAN-284,2026-01-12T12:00:00Z,rpm,1699.47,rpm,2026-S1
EQ-MIX-379,2026-01-12T12:00:00Z,current_a,21.88,A,2026-S1
EQ-PUMP-001,2026-01-12T12:00:00Z,temperature_c,58.17,°C,2026-S1
EQ-ROBOT-358,2026-01-12T12:00:00Z,current_a,21.99,A,2026-S1
EQ-STEAM-341,2026-01-12T12:00:00Z,temperature_c,56.61,°C,2026-S1
EQ-STEAM-352,2026-01-12T12:00:00Z,pressure_bar,6.49,bar,2026-S1
EQ-CAB-134,2026-01-12T18:00:00Z,temperature_c,52.39,°C,2026-S1
EQ-CHILL-168,2026-01-12T18:00:00Z,pressure_bar,7.60,bar,2026-S1
EQ-CHILL-188,2026-01-12T18:00:00Z,pressure_bar,6.18,bar,2026-S1
EQ-CHILL-188,2026-01-12T18:00:00Z,temperature_c,58.78,°C,2026-S1
EQ-FAN-284,2026-01-12T18:00:00Z,rpm,1620.34,rpm,2026-S1
EQ-MIX-379,2026-01-12T18:00:00Z,current_a,24.07,A,2026-S1
EQ-PUMP-001,2026-01-12T18:00:00Z,temperature_c,55.55,°C,2026-S1
EQ-ROBOT-358,2026-01-12T18:00:00Z,current_a,22.89,A,2026-S1
EQ-STEAM-341,2026-01-12T18:00:00Z,temperature_c,49.09,°C,2026-S1
EQ-STEAM-352,2026-01-12T18:00:00Z,pressure_bar,6.14,bar,2026-S1
EQ-CAB-134,2026-01-13T00:00:00Z,temperature_c,48.57,°C,2026-S1
EQ-CHILL-168,2026-01-13T00:00:00Z,pressure_bar,7.32,bar,2026-S1
EQ-CHILL-188,2026-01-13T00:00:00Z,pressure_bar,6.54,bar,2026-S1
EQ-CHILL-188,2026-01-13T00:00:00Z,temperature_c,66.36,°C,2026-S1
EQ-FAN-284,2026-01-13T00:00:00Z,rpm,1599.69,rpm,2026-S1
EQ-MIX-379,2026-01-13T00:00:00Z,current_a,21.31,A,2026-S1
EQ-PUMP-001,2026-01-13T00:00:00Z,temperature_c,57.52,°C,2026-S1
EQ-ROBOT-358,2026-01-13T00:00:00Z,current_a,19.14,A,2026-S1
EQ-STEAM-341,2026-01-13T00:00:00Z,temperature_c,55.18,°C,2026-S1
EQ-STEAM-352,2026-01-13T00:00:00Z,pressure_bar,6.14,bar,2026-S1
EQ-CAB-134,2026-01-13T06:00:00Z,temperature_c,57.51,°C,2026-S1
EQ-CHILL-168,2026-01-13T06:00:00Z,pressure_bar,6.90,bar,2026-S1
EQ-CHILL-188,2026-01-13T06:00:00Z,pressure_bar,6.62,bar,2026-S1
EQ-CHILL-188,2026-01-13T06:00:00Z,temperature_c,59.03,°C,2026-S1
EQ-FAN-284,2026-01-13T06:00:00Z,rpm,1646.35,rpm,2026-S1
EQ-MIX-379,2026-01-13T06:00:00Z,current_a,20.11,A,2026-S1
EQ-PUMP-001,2026-01-13T06:00:00Z,temperature_c,61.62,°C,2026-S1
EQ-ROBOT-358,2026-01-13T06:00:00Z,current_a,20.40,A,2026-S1
EQ-STEAM-341,2026-01-13T06:00:00Z,temperature_c,60.34,°C,2026-S1
EQ-STEAM-352,2026-01-13T06:00:00Z,pressure_bar,6.59,bar,2026-S1
EQ-CAB-134,2026-01-13T12:00:00Z,temperature_c,59.24,°C,2026-S1
EQ-CHILL-168,2026-01-13T12:00:00Z,pressure_bar,7.29,bar,2026-S1
EQ-CHILL-188,2026-01-13T12:00:00Z,pressure_bar,6.20,bar,2026-S1
EQ-CHILL-188,2026-01-13T12:00:00Z,temperature_c,54.18,°C,2026-S1
EQ-FAN-284,2026-01-13T12:00:00Z,rpm,1695.34,rpm,2026-S1
EQ-MIX-379,2026-01-13T12:00:00Z,current_a,22.98,A,2026-S1
EQ-PUMP-001,2026-01-13T12:00:00Z,temperature_c,56.53,°C,2026-S1
EQ-ROBOT-358,2026-01-13T12:00:00Z,current_a,19.46,A,2026-S1
EQ-STEAM-341,2026-01-13T12:00:00Z,temperature_c,59.49,°C,2026-S1
EQ-STEAM-352,2026-01-13T12:00:00Z,pressure_bar,6.75,bar,2026-S1
EQ-CAB-134,2026-01-13T18:00:00Z,temperature_c,55.74,°C,2026-S1
EQ-CHILL-168,2026-01-13T18:00:00Z,pressure_bar,7.34,bar,2026-S1
EQ-CHILL-188,2026-01-13T18:00:00Z,pressure_bar,6.34,bar,2026-S1
EQ-CHILL-188,2026-01-13T18:00:00Z,temperature_c,55.63,°C,2026-S1
EQ-FAN-284,2026-01-13T18:00:00Z,rpm,1664.65,rpm,2026-S1
EQ-MIX-379,2026-01-13T18:00:00Z,current_a,22.53,A,2026-S1
EQ-PUMP-001,2026-01-13T18:00:00Z,temperature_c,54.76,°C,2026-S1
EQ-ROBOT-358,2026-01-13T18:00:00Z,current_a,19.47,A,2026-S1
EQ-STEAM-341,2026-01-13T18:00:00Z,temperature_c,53.61,°C,2026-S1
EQ-STEAM-352,2026-01-13T18:00:00Z,pressure_bar,6.15,bar,2026-S1
EQ-CAB-134,2026-01-14T00:00:00Z,temperature_c,56.44,°C,2026-S1
EQ-CHILL-168,2026-01-14T00:00:00Z,pressure_bar,7.11,bar,2026-S1
EQ-CHILL-188,2026-01-14T00:00:00Z,pressure_bar,6.50,bar,2026-S1
EQ-CHILL-188,2026-01-14T00:00:00Z,temperature_c,60.84,°C,2026-S1
EQ-FAN-284,2026-01-14T00:00:00Z,rpm,1628.16,rpm,2026-S1
EQ-MIX-379,2026-01-14T00:00:00Z,current_a,20.77,A,2026-S1
EQ-PUMP-001,2026-01-14T00:00:00Z,temperature_c,61.17,°C,2026-S1
EQ-ROBOT-358,2026-01-14T00:00:00Z,current_a,19.94,A,2026-S1
EQ-STEAM-341,2026-01-14T00:00:00Z,temperature_c,54.46,°C,2026-S1
EQ-STEAM-352,2026-01-14T00:00:00Z,pressure_bar,5.99,bar,2026-S1
EQ-CAB-134,2026-01-14T06:00:00Z,temperature_c,56.69,°C,2026-S1
EQ-CHILL-168,2026-01-14T06:00:00Z,pressure_bar,6.98,bar,2026-S1
EQ-CHILL-188,2026-01-14T06:00:00Z,pressure_bar,6.46,bar,2026-S1
EQ-CHILL-188,2026-01-14T06:00:00Z,temperature_c,62.08,°C,2026-S1
EQ-FAN-284,2026-01-14T06:00:00Z,rpm,1645.36,rpm,2026-S1
EQ-MIX-379,2026-01-14T06:00:00Z,current_a,18.15,A,2026-S1
EQ-PUMP-001,2026-01-14T06:00:00Z,temperature_c,62.50,°C,2026-S1
EQ-ROBOT-358,2026-01-14T06:00:00Z,current_a,22.05,A,2026-S1
EQ-STEAM-341,2026-01-14T06:00:00Z,temperature_c,60.25,°C,2026-S1
EQ-STEAM-352,2026-01-14T06:00:00Z,pressure_bar,6.76,bar,2026-S1
EQ-CAB-134,2026-01-14T12:00:00Z,temperature_c,51.44,°C,2026-S1
EQ-CHILL-168,2026-01-14T12:00:00Z,pressure_bar,6.76,bar,2026-S1
EQ-CHILL-188,2026-01-14T12:00:00Z,pressure_bar,6.32,bar,2026-S1
EQ-CHILL-188,2026-01-14T12:00:00Z,temperature_c,64.36,°C,2026-S1
EQ-FAN-284,2026-01-14T12:00:00Z,rpm,1707.28,rpm,2026-S1
EQ-MIX-379,2026-01-14T12:00:00Z,current_a,23.71,A,2026-S1
EQ-PUMP-001,2026-01-14T12:00:00Z,temperature_c,57.25,°C,2026-S1
EQ-ROBOT-358,2026-01-14T12:00:00Z,current_a,19.96,A,2026-S1
EQ-STEAM-341,2026-01-14T12:00:00Z,temperature_c,57.20,°C,2026-S1
EQ-STEAM-352,2026-01-14T12:00:00Z,pressure_bar,6.58,bar,2026-S1
EQ-CAB-134,2026-01-14T18:00:00Z,temperature_c,56.71,°C,2026-S1
EQ-CHILL-168,2026-01-14T18:00:00Z,pressure_bar,7.33,bar,2026-S1
EQ-CHILL-188,2026-01-14T18:00:00Z,pressure_bar,6.56,bar,2026-S1
EQ-CHILL-188,2026-01-14T18:00:00Z,temperature_c,63.06,°C,2026-S1
EQ-FAN-284,2026-01-14T18:00:00Z,rpm,1637.82,rpm,2026-S1
EQ-MIX-379,2026-01-14T18:00:00Z,current_a,24.81,A,2026-S1
EQ-PUMP-001,2026-01-14T18:00:00Z,temperature_c,55.07,°C,2026-S1
EQ-ROBOT-358,2026-01-14T18:00:00Z,current_a,22.05,A,2026-S1
EQ-STEAM-341,2026-01-14T18:00:00Z,temperature_c,51.42,°C,2026-S1
EQ-STEAM-352,2026-01-14T18:00:00Z,pressure_bar,6.23,bar,2026-S1
EQ-CAB-134,2026-01-15T00:00:00Z,temperature_c,52.54,°C,2026-S1
EQ-CHILL-168,2026-01-15T00:00:00Z,pressure_bar,7.36,bar,2026-S1
EQ-CHILL-188,2026-01-15T00:00:00Z,pressure_bar,6.16,bar,2026-S1
EQ-CHILL-188,2026-01-15T00:00:00Z,temperature_c,54.14,°C,2026-S1
EQ-FAN-284,2026-01-15T00:00:00Z,rpm,1579.51,rpm,2026-S1
EQ-MIX-379,2026-01-15T00:00:00Z,current_a,22.69,A,2026-S1
EQ-PUMP-001,2026-01-15T00:00:00Z,temperature_c,60.01,°C,2026-S1
EQ-ROBOT-358,2026-01-15T00:00:00Z,current_a,20.22,A,2026-S1
EQ-STEAM-341,2026-01-15T00:00:00Z,temperature_c,52.73,°C,2026-S1
EQ-STEAM-352,2026-01-15T00:00:00Z,pressure_bar,6.06,bar,2026-S1
EQ-CAB-134,2026-01-15T06:00:00Z,temperature_c,59.65,°C,2026-S1
EQ-CHILL-168,2026-01-15T06:00:00Z,pressure_bar,7.15,bar,2026-S1
EQ-CHILL-188,2026-01-15T06:00:00Z,pressure_bar,6.42,bar,2026-S1
EQ-CHILL-188,2026-01-15T06:00:00Z,temperature_c,63.06,°C,2026-S1
EQ-FAN-284,2026-01-15T06:00:00Z,rpm,1654.64,rpm,2026-S1
EQ-MIX-379,2026-01-15T06:00:00Z,current_a,20.79,A,2026-S1
EQ-PUMP-001,2026-01-15T06:00:00Z,temperature_c,60.87,°C,2026-S1
EQ-ROBOT-358,2026-01-15T06:00:00Z,current_a,22.36,A,2026-S1
EQ-STEAM-341,2026-01-15T06:00:00Z,temperature_c,60.20,°C,2026-S1
EQ-STEAM-352,2026-01-15T06:00:00Z,pressure_bar,6.71,bar,2026-S1
EQ-CAB-134,2026-01-15T12:00:00Z,temperature_c,53.13,°C,2026-S1
EQ-CHILL-168,2026-01-15T12:00:00Z,pressure_bar,7.44,bar,2026-S1
EQ-CHILL-188,2026-01-15T12:00:00Z,pressure_bar,6.67,bar,2026-S1
EQ-CHILL-188,2026-01-15T12:00:00Z,temperature_c,55.16,°C,2026-S1
EQ-FAN-284,2026-01-15T12:00:00Z,rpm,1669.73,rpm,2026-S1
EQ-MIX-379,2026-01-15T12:00:00Z,current_a,22.32,A,2026-S1
EQ-PUMP-001,2026-01-15T12:00:00Z,temperature_c,56.08,°C,2026-S1
EQ-ROBOT-358,2026-01-15T12:00:00Z,current_a,19.93,A,2026-S1
EQ-STEAM-341,2026-01-15T12:00:00Z,temperature_c,61.00,°C,2026-S1
EQ-STEAM-352,2026-01-15T12:00:00Z,pressure_bar,6.66,bar,2026-S1
EQ-CAB-134,2026-01-15T18:00:00Z,temperature_c,59.23,°C,2026-S1
EQ-CHILL-168,2026-01-15T18:00:00Z,pressure_bar,7.34,bar,2026-S1
EQ-CHILL-188,2026-01-15T18:00:00Z,pressure_bar,6.77,bar,2026-S1
EQ-CHILL-188,2026-01-15T18:00:00Z,temperature_c,54.93,°C,2026-S1
EQ-FAN-284,2026-01-15T18:00:00Z,rpm,1650.29,rpm,2026-S1
EQ-MIX-379,2026-01-15T18:00:00Z,current_a,24.10,A,2026-S1
EQ-PUMP-001,2026-01-15T18:00:00Z,temperature_c,54.98,°C,2026-S1
EQ-ROBOT-358,2026-01-15T18:00:00Z,current_a,19.05,A,2026-S1
EQ-STEAM-341,2026-01-15T18:00:00Z,temperature_c,52.76,°C,2026-S1
EQ-STEAM-352,2026-01-15T18:00:00Z,pressure_bar,6.00,bar,2026-S1
EQ-CAB-134,2026-01-16T00:00:00Z,temperature_c,55.18,°C,2026-S1
EQ-CHILL-168,2026-01-16T00:00:00Z,pressure_bar,7.37,bar,2026-S1
EQ-CHILL-188,2026-01-16T00:00:00Z,pressure_bar,6.12,bar,2026-S1
EQ-CHILL-188,2026-01-16T00:00:00Z,temperature_c,55.71,°C,2026-S1
EQ-FAN-284,2026-01-16T00:00:00Z,rpm,1578.98,rpm,2026-S1
EQ-MIX-379,2026-01-16T00:00:00Z,current_a,21.92,A,2026-S1
EQ-PUMP-001,2026-01-16T00:00:00Z,temperature_c,59.36,°C,2026-S1
EQ-ROBOT-358,2026-01-16T00:00:00Z,current_a,21.17,A,2026-S1
EQ-STEAM-341,2026-01-16T00:00:00Z,temperature_c,54.46,°C,2026-S1
EQ-STEAM-352,2026-01-16T00:00:00Z,pressure_bar,6.27,bar,2026-S1
EQ-CAB-134,2026-01-16T06:00:00Z,temperature_c,56.38,°C,2026-S1
EQ-CHILL-168,2026-01-16T06:00:00Z,pressure_bar,7.18,bar,2026-S1
EQ-CHILL-188,2026-01-16T06:00:00Z,pressure_bar,6.81,bar,2026-S1
EQ-CHILL-188,2026-01-16T06:00:00Z,temperature_c,53.35,°C,2026-S1
EQ-FAN-284,2026-01-16T06:00:00Z,rpm,1595.32,rpm,2026-S1
EQ-MIX-379,2026-01-16T06:00:00Z,current_a,19.09,A,2026-S1
EQ-PUMP-001,2026-01-16T06:00:00Z,temperature_c,62.38,°C,2026-S1
EQ-ROBOT-358,2026-01-16T06:00:00Z,current_a,22.83,A,2026-S1
EQ-STEAM-341,2026-01-16T06:00:00Z,temperature_c,59.79,°C,2026-S1
EQ-STEAM-352,2026-01-16T06:00:00Z,pressure_bar,6.34,bar,2026-S1
EQ-CAB-134,2026-01-16T12:00:00Z,temperature_c,55.97,°C,2026-S1
EQ-CHILL-168,2026-01-16T12:00:00Z,pressure_bar,7.07,bar,2026-S1
EQ-CHILL-188,2026-01-16T12:00:00Z,pressure_bar,5.91,bar,2026-S1
EQ-CHILL-188,2026-01-16T12:00:00Z,temperature_c,56.15,°C,2026-S1
EQ-FAN-284,2026-01-16T12:00:00Z,rpm,1689.16,rpm,2026-S1
EQ-MIX-379,2026-01-16T12:00:00Z,current_a,22.74,A,2026-S1
EQ-PUMP-001,2026-01-16T12:00:00Z,temperature_c,56.75,°C,2026-S1
EQ-ROBOT-358,2026-01-16T12:00:00Z,current_a,20.34,A,2026-S1
EQ-STEAM-341,2026-01-16T12:00:00Z,temperature_c,56.74,°C,2026-S1
EQ-STEAM-352,2026-01-16T12:00:00Z,pressure_bar,6.48,bar,2026-S1
EQ-CAB-134,2026-01-16T18:00:00Z,temperature_c,55.15,°C,2026-S1
EQ-CHILL-168,2026-01-16T18:00:00Z,pressure_bar,7.39,bar,2026-S1
EQ-CHILL-188,2026-01-16T18:00:00Z,pressure_bar,6.50,bar,2026-S1
EQ-CHILL-188,2026-01-16T18:00:00Z,temperature_c,57.94,°C,2026-S1
EQ-FAN-284,2026-01-16T18:00:00Z,rpm,1620.98,rpm,2026-S1
EQ-MIX-379,2026-01-16T18:00:00Z,current_a,24.07,A,2026-S1
EQ-PUMP-001,2026-01-16T18:00:00Z,temperature_c,51.50,°C,2026-S1
EQ-ROBOT-358,2026-01-16T18:00:00Z,current_a,19.08,A,2026-S1
EQ-STEAM-341,2026-01-16T18:00:00Z,temperature_c,50.77,°C,2026-S1
EQ-STEAM-352,2026-01-16T18:00:00Z,pressure_bar,5.83,bar,2026-S1
EQ-CHILL-115,2026-01-17T00:00:00Z,temperature_c,61.34,°C,2026-S1
EQ-COMP-396,2026-01-17T00:00:00Z,pressure_bar,6.00,bar,2026-S1
EQ-FAN-002,2026-01-17T00:00:00Z,current_a,21.21,A,2026-S1
EQ-OVEN-123,2026-01-17T00:00:00Z,temperature_c,54.48,°C,2026-S1
EQ-OVEN-366,2026-01-17T00:00:00Z,current_a,24.88,mA,2026-S1
EQ-SENSOR-305,2026-01-17T00:00:00Z,temperature_c,55.35,°C,2026-S1
EQ-CHILL-115,2026-01-17T06:00:00Z,temperature_c,61.96,°C,2026-S1
EQ-COMP-396,2026-01-17T06:00:00Z,pressure_bar,5.52,bar,2026-S1
EQ-FAN-002,2026-01-17T06:00:00Z,current_a,22.21,A,2026-S1
EQ-OVEN-123,2026-01-17T06:00:00Z,temperature_c,51.88,°C,2026-S1
EQ-OVEN-366,2026-01-17T06:00:00Z,current_a,24.65,mA,2026-S1
EQ-SENSOR-305,2026-01-17T06:00:00Z,temperature_c,60.67,°C,2026-S1
EQ-CHILL-115,2026-01-17T12:00:00Z,temperature_c,57.89,°C,2026-S1
EQ-COMP-396,2026-01-17T12:00:00Z,pressure_bar,6.25,bar,2026-S1
EQ-FAN-002,2026-01-17T12:00:00Z,current_a,25.15,A,2026-S1
EQ-OVEN-123,2026-01-17T12:00:00Z,temperature_c,59.12,°C,2026-S1
EQ-OVEN-366,2026-01-17T12:00:00Z,current_a,22.89,mA,2026-S1
EQ-SENSOR-305,2026-01-17T12:00:00Z,temperature_c,53.86,°C,2026-S1
EQ-CHILL-115,2026-01-17T18:00:00Z,temperature_c,57.50,°C,2026-S1
EQ-COMP-396,2026-01-17T18:00:00Z,pressure_bar,6.64,bar,2026-S1
EQ-FAN-002,2026-01-17T18:00:00Z,current_a,24.18,A,2026-S1
EQ-OVEN-123,2026-01-17T18:00:00Z,temperature_c,60.82,°C,2026-S1
EQ-OVEN-366,2026-01-17T18:00:00Z,current_a,20.10,mA,2026-S1
EQ-SENSOR-305,2026-01-17T18:00:00Z,temperature_c,52.19,°C,2026-S1
EQ-CHILL-115,2026-01-18T00:00:00Z,temperature_c,57.84,°C,2026-S1
EQ-COMP-396,2026-01-18T00:00:00Z,pressure_bar,6.16,bar,2026-S1
EQ-FAN-002,2026-01-18T00:00:00Z,current_a,20.52,A,2026-S1
EQ-OVEN-123,2026-01-18T00:00:00Z,temperature_c,55.06,°C,2026-S1
EQ-OVEN-366,2026-01-18T00:00:00Z,current_a,26.09,mA,2026-S1
EQ-SENSOR-305,2026-01-18T00:00:00Z,temperature_c,54.60,°C,2026-S1
EQ-CHILL-115,2026-01-18T06:00:00Z,temperature_c,56.11,°C,2026-S1
EQ-COMP-396,2026-01-18T06:00:00Z,pressure_bar,6.11,bar,2026-S1
EQ-FAN-002,2026-01-18T06:00:00Z,current_a,22.71,A,2026-S1
EQ-OVEN-123,2026-01-18T06:00:00Z,temperature_c,50.86,°C,2026-S1
EQ-OVEN-366,2026-01-18T06:00:00Z,current_a,25.79,mA,2026-S1
EQ-SENSOR-305,2026-01-18T06:00:00Z,temperature_c,59.09,°C,2026-S1
EQ-CHILL-115,2026-01-18T12:00:00Z,temperature_c,62.15,°C,2026-S1
EQ-COMP-396,2026-01-18T12:00:00Z,pressure_bar,5.99,bar,2026-S1
EQ-FAN-002,2026-01-18T12:00:00Z,current_a,24.70,A,2026-S1
EQ-OVEN-123,2026-01-18T12:00:00Z,temperature_c,56.69,°C,2026-S1
EQ-OVEN-366,2026-01-18T12:00:00Z,current_a,23.51,mA,2026-S1
EQ-SENSOR-305,2026-01-18T12:00:00Z,temperature_c,54.53,°C,2026-S1
EQ-CHILL-115,2026-01-18T18:00:00Z,temperature_c,61.23,°C,2026-S1
EQ-COMP-396,2026-01-18T18:00:00Z,pressure_bar,6.56,bar,2026-S1
EQ-FAN-002,2026-01-18T18:00:00Z,current_a,22.91,A,2026-S1
EQ-OVEN-123,2026-01-18T18:00:00Z,temperature_c,60.83,°C,2026-S1
EQ-OVEN-366,2026-01-18T18:00:00Z,current_a,22.41,mA,2026-S1
EQ-SENSOR-305,2026-01-18T18:00:00Z,temperature_c,50.84,°C,2026-S1
EQ-CHILL-115,2026-01-19T00:00:00Z,temperature_c,56.06,°C,2026-S1
EQ-COMP-396,2026-01-19T00:00:00Z,pressure_bar,5.88,bar,2026-S1
EQ-FAN-002,2026-01-19T00:00:00Z,current_a,22.93,A,2026-S1
EQ-OVEN-123,2026-01-19T00:00:00Z,temperature_c,56.56,°C,2026-S1
EQ-OVEN-366,2026-01-19T00:00:00Z,current_a,24.38,mA,2026-S1
EQ-SENSOR-305,2026-01-19T00:00:00Z,temperature_c,58.28,°C,2026-S1
EQ-CHILL-115,2026-01-19T06:00:00Z,temperature_c,55.85,°C,2026-S1
EQ-COMP-396,2026-01-19T06:00:00Z,pressure_bar,6.21,bar,2026-S1
EQ-FAN-002,2026-01-19T06:00:00Z,current_a,24.33,A,2026-S1
EQ-OVEN-123,2026-01-19T06:00:00Z,temperature_c,51.57,°C,2026-S1
EQ-OVEN-366,2026-01-19T06:00:00Z,current_a,26.99,mA,2026-S1
EQ-SENSOR-305,2026-01-19T06:00:00Z,temperature_c,63.51,°C,2026-S1
EQ-CHILL-115,2026-01-19T12:00:00Z,temperature_c,55.03,°C,2026-S1
EQ-COMP-396,2026-01-19T12:00:00Z,pressure_bar,6.42,bar,2026-S1
EQ-FAN-002,2026-01-19T12:00:00Z,current_a,25.85,A,2026-S1
EQ-OVEN-123,2026-01-19T12:00:00Z,temperature_c,59.04,°C,2026-S1
EQ-OVEN-366,2026-01-19T12:00:00Z,current_a,25.08,mA,2026-S1
EQ-SENSOR-305,2026-01-19T12:00:00Z,temperature_c,56.23,°C,2026-S1
EQ-CHILL-115,2026-01-19T18:00:00Z,temperature_c,60.94,°C,2026-S1
EQ-COMP-396,2026-01-19T18:00:00Z,pressure_bar,6.65,bar,2026-S1
EQ-FAN-002,2026-01-19T18:00:00Z,current_a,25.34,A,2026-S1
EQ-OVEN-123,2026-01-19T18:00:00Z,temperature_c,61.84,°C,2026-S1
EQ-OVEN-366,2026-01-19T18:00:00Z,current_a,22.07,mA,2026-S1
EQ-SENSOR-305,2026-01-19T18:00:00Z,temperature_c,51.92,°C,2026-S1
EQ-CHILL-115,2026-01-20T00:00:00Z,temperature_c,60.29,°C,2026-S1
EQ-COMP-396,2026-01-20T00:00:00Z,pressure_bar,5.67,bar,2026-S1
EQ-FAN-002,2026-01-20T00:00:00Z,current_a,21.41,A,2026-S1
EQ-OVEN-123,2026-01-20T00:00:00Z,temperature_c,58.74,°C,2026-S1
EQ-OVEN-366,2026-01-20T00:00:00Z,current_a,24.17,mA,2026-S1
EQ-SENSOR-305,2026-01-20T00:00:00Z,temperature_c,58.26,°C,2026-S1
EQ-CHILL-115,2026-01-20T06:00:00Z,temperature_c,55.55,°C,2026-S1
EQ-COMP-396,2026-01-20T06:00:00Z,pressure_bar,6.29,bar,2026-S1
EQ-FAN-002,2026-01-20T06:00:00Z,current_a,25.00,A,2026-S1
EQ-OVEN-123,2026-01-20T06:00:00Z,temperature_c,51.59,°C,2026-S1
EQ-OVEN-366,2026-01-20T06:00:00Z,current_a,27.35,mA,2026-S1
EQ-SENSOR-305,2026-01-20T06:00:00Z,temperature_c,59.72,°C,2026-S1
EQ-CHILL-115,2026-01-20T12:00:00Z,temperature_c,57.72,°C,2026-S1
EQ-COMP-396,2026-01-20T12:00:00Z,pressure_bar,5.49,bar,2026-S1
EQ-FAN-002,2026-01-20T12:00:00Z,current_a,25.30,A,2026-S1
EQ-OVEN-123,2026-01-20T12:00:00Z,temperature_c,60.77,°C,2026-S1
EQ-OVEN-366,2026-01-20T12:00:00Z,current_a,20.76,mA,2026-S1
EQ-SENSOR-305,2026-01-20T12:00:00Z,temperature_c,55.57,°C,2026-S1
EQ-CHILL-115,2026-01-20T18:00:00Z,temperature_c,57.16,°C,2026-S1
EQ-COMP-396,2026-01-20T18:00:00Z,pressure_bar,6.40,bar,2026-S1
EQ-FAN-002,2026-01-20T18:00:00Z,current_a,24.63,A,2026-S1
EQ-OVEN-123,2026-01-20T18:00:00Z,temperature_c,64.54,°C,2026-S1
EQ-OVEN-366,2026-01-20T18:00:00Z,current_a,20.79,mA,2026-S1
EQ-SENSOR-305,2026-01-20T18:00:00Z,temperature_c,51.04,°C,2026-S1
EQ-CHILL-115,2026-01-21T00:00:00Z,temperature_c,61.97,°C,2026-S1
EQ-COMP-396,2026-01-21T00:00:00Z,pressure_bar,6.68,bar,2026-S1
EQ-FAN-002,2026-01-21T00:00:00Z,current_a,23.58,A,2026-S1
EQ-OVEN-123,2026-01-21T00:00:00Z,temperature_c,56.17,°C,2026-S1
EQ-OVEN-366,2026-01-21T00:00:00Z,current_a,26.11,mA,2026-S1
EQ-SENSOR-305,2026-01-21T00:00:00Z,temperature_c,59.16,°C,2026-S1
EQ-CHILL-115,2026-01-21T06:00:00Z,temperature_c,63.38,°C,2026-S1
EQ-COMP-396,2026-01-21T06:00:00Z,pressure_bar,6.08,bar,2026-S1
EQ-FAN-002,2026-01-21T06:00:00Z,current_a,23.79,A,2026-S1
EQ-OVEN-123,2026-01-21T06:00:00Z,temperature_c,53.32,°C,2026-S1
EQ-OVEN-366,2026-01-21T06:00:00Z,current_a,25.17,mA,2026-S1
EQ-SENSOR-305,2026-01-21T06:00:00Z,temperature_c,62.36,°C,2026-S1
EQ-CHILL-115,2026-01-21T12:00:00Z,temperature_c,53.31,°C,2026-S1
EQ-COMP-396,2026-01-21T12:00:00Z,pressure_bar,6.47,bar,2026-S1
EQ-FAN-002,2026-01-21T12:00:00Z,current_a,25.50,A,2026-S1
EQ-OVEN-123,2026-01-21T12:00:00Z,temperature_c,60.66,°C,2026-S1
EQ-OVEN-366,2026-01-21T12:00:00Z,current_a,22.98,mA,2026-S1
EQ-SENSOR-305,2026-01-21T12:00:00Z,temperature_c,55.92,°C,2026-S1
EQ-CHILL-115,2026-01-21T18:00:00Z,temperature_c,60.36,°C,2026-S1
EQ-COMP-396,2026-01-21T18:00:00Z,pressure_bar,6.15,bar,2026-S1
EQ-FAN-002,2026-01-21T18:00:00Z,current_a,25.67,A,2026-S1
EQ-OVEN-123,2026-01-21T18:00:00Z,temperature_c,63.37,°C,2026-S1
EQ-OVEN-366,2026-01-21T18:00:00Z,current_a,21.64,mA,2026-S1
EQ-SENSOR-305,2026-01-21T18:00:00Z,temperature_c,52.50,°C,2026-S1
EQ-CHILL-115,2026-01-22T00:00:00Z,temperature_c,56.29,°C,2026-S1
EQ-COMP-396,2026-01-22T00:00:00Z,pressure_bar,6.15,bar,2026-S1
EQ-FAN-002,2026-01-22T00:00:00Z,current_a,22.88,A,2026-S1
EQ-OVEN-123,2026-01-22T00:00:00Z,temperature_c,58.23,°C,2026-S1
EQ-OVEN-366,2026-01-22T00:00:00Z,current_a,24.33,mA,2026-S1
EQ-SENSOR-305,2026-01-22T00:00:00Z,temperature_c,57.09,°C,2026-S1
EQ-CHILL-115,2026-01-22T06:00:00Z,temperature_c,55.49,°C,2026-S1
EQ-COMP-396,2026-01-22T06:00:00Z,pressure_bar,5.99,bar,2026-S1
EQ-FAN-002,2026-01-22T06:00:00Z,current_a,21.95,A,2026-S1
EQ-OVEN-123,2026-01-22T06:00:00Z,temperature_c,55.49,°C,2026-S1
EQ-OVEN-366,2026-01-22T06:00:00Z,current_a,26.22,mA,2026-S1
EQ-SENSOR-305,2026-01-22T06:00:00Z,temperature_c,58.50,°C,2026-S1
EQ-CHILL-115,2026-01-22T12:00:00Z,temperature_c,55.14,°C,2026-S1
EQ-COMP-396,2026-01-22T12:00:00Z,pressure_bar,5.91,bar,2026-S1
EQ-FAN-002,2026-01-22T12:00:00Z,current_a,26.16,A,2026-S1
EQ-OVEN-123,2026-01-22T12:00:00Z,temperature_c,59.71,°C,2026-S1
EQ-OVEN-366,2026-01-22T12:00:00Z,current_a,23.31,mA,2026-S1
EQ-SENSOR-305,2026-01-22T12:00:00Z,temperature_c,56.10,°C,2026-S1
EQ-CHILL-115,2026-01-22T18:00:00Z,temperature_c,55.75,°C,2026-S1
EQ-COMP-396,2026-01-22T18:00:00Z,pressure_bar,6.39,bar,2026-S1
EQ-FAN-002,2026-01-22T18:00:00Z,current_a,24.38,A,2026-S1
EQ-OVEN-123,2026-01-22T18:00:00Z,temperature_c,64.45,°C,2026-S1
EQ-OVEN-366,2026-01-22T18:00:00Z,current_a,23.74,mA,2026-S1
EQ-SENSOR-305,2026-01-22T18:00:00Z,temperature_c,52.42,°C,2026-S1
EQ-CHILL-115,2026-01-23T00:00:00Z,temperature_c,56.60,°C,2026-S1
EQ-COMP-396,2026-01-23T00:00:00Z,pressure_bar,6.19,bar,2026-S1
EQ-FAN-002,2026-01-23T00:00:00Z,current_a,21.19,A,2026-S1
EQ-OVEN-123,2026-01-23T00:00:00Z,temperature_c,57.50,°C,2026-S1
EQ-OVEN-366,2026-01-23T00:00:00Z,current_a,24.03,mA,2026-S1
EQ-SENSOR-305,2026-01-23T00:00:00Z,temperature_c,58.78,°C,2026-S1
EQ-CHILL-115,2026-01-23T06:00:00Z,temperature_c,64.79,°C,2026-S1
EQ-COMP-396,2026-01-23T06:00:00Z,pressure_bar,6.23,bar,2026-S1
EQ-FAN-002,2026-01-23T06:00:00Z,current_a,23.70,A,2026-S1
EQ-OVEN-123,2026-01-23T06:00:00Z,temperature_c,50.95,°C,2026-S1
EQ-OVEN-366,2026-01-23T06:00:00Z,current_a,23.84,mA,2026-S1
EQ-SENSOR-305,2026-01-23T06:00:00Z,temperature_c,61.89,°C,2026-S1
EQ-CHILL-115,2026-01-23T12:00:00Z,temperature_c,62.11,°C,2026-S1
EQ-COMP-396,2026-01-23T12:00:00Z,pressure_bar,6.07,bar,2026-S1
EQ-FAN-002,2026-01-23T12:00:00Z,current_a,24.86,A,2026-S1
EQ-OVEN-123,2026-01-23T12:00:00Z,temperature_c,60.68,°C,2026-S1
EQ-OVEN-366,2026-01-23T12:00:00Z,current_a,23.53,mA,2026-S1
EQ-SENSOR-305,2026-01-23T12:00:00Z,temperature_c,55.93,°C,2026-S1
EQ-CHILL-115,2026-01-23T18:00:00Z,temperature_c,56.69,°C,2026-S1
EQ-COMP-396,2026-01-23T18:00:00Z,pressure_bar,6.34,bar,2026-S1
EQ-FAN-002,2026-01-23T18:00:00Z,current_a,23.91,A,2026-S1
EQ-OVEN-123,2026-01-23T18:00:00Z,temperature_c,60.81,°C,2026-S1
EQ-OVEN-366,2026-01-23T18:00:00Z,current_a,22.01,mA,2026-S1
EQ-SENSOR-305,2026-01-23T18:00:00Z,temperature_c,48.37,°C,2026-S1
EQ-CHILL-115,2026-01-24T00:00:00Z,temperature_c,58.81,°C,2026-S1
EQ-COMP-396,2026-01-24T00:00:00Z,pressure_bar,6.32,bar,2026-S1
EQ-FAN-002,2026-01-24T00:00:00Z,current_a,21.30,A,2026-S1
EQ-OVEN-123,2026-01-24T00:00:00Z,temperature_c,54.29,°C,2026-S1
EQ-OVEN-366,2026-01-24T00:00:00Z,current_a,25.11,mA,2026-S1
EQ-SENSOR-305,2026-01-24T00:00:00Z,temperature_c,55.43,°C,2026-S1
EQ-CHILL-115,2026-01-24T06:00:00Z,temperature_c,62.93,°C,2026-S1
EQ-COMP-396,2026-01-24T06:00:00Z,pressure_bar,5.70,bar,2026-S1
EQ-FAN-002,2026-01-24T06:00:00Z,current_a,21.39,A,2026-S1
EQ-OVEN-123,2026-01-24T06:00:00Z,temperature_c,53.36,°C,2026-S1
EQ-OVEN-366,2026-01-24T06:00:00Z,current_a,25.16,mA,2026-S1
EQ-SENSOR-305,2026-01-24T06:00:00Z,temperature_c,59.07,°C,2026-S1
EQ-PUMP-001,2026-01-24T08:00:00Z,vibration_mm_s,3.60,mm/s,2026-S1
EQ-CAB-134,2026-01-24T12:00:00Z,temperature_c,52.86,°C,2026-S1
EQ-COMP-396,2026-01-24T12:00:00Z,pressure_bar,6.58,bar,2026-S1
EQ-CONV-262,2026-01-24T12:00:00Z,current_a,103.831498,A,2026-S1
EQ-CONV-336,2026-01-24T12:00:00Z,current_a,19.04,A,2026-S1
EQ-FAN-003,2026-01-24T12:00:00Z,rpm,1372.66,rpm,2026-S1
EQ-FAN-284,2026-01-24T12:00:00Z,vibration_mm_s,2.74,mm/s,2026-S1
EQ-MIX-159,2026-01-24T12:00:00Z,current_a,24.80,A,2026-S1
EQ-MIX-159,2026-01-24T12:00:00Z,vibration_mm_s,3.04,mm/s,2026-S1
EQ-MIX-259,2026-01-24T12:00:00Z,current_a,19.94,A,2026-S1
EQ-OVEN-223,2026-01-24T12:00:00Z,temperature_c,62.43,°C,2026-S1
EQ-OVEN-386,2026-01-24T12:00:00Z,temperature_c,66.12,°C,2026-S1
EQ-STEAM-352,2026-01-24T12:00:00Z,pressure_bar,6.48,bar,2026-S1
EQ-STEAM-352,2026-01-24T12:00:00Z,temperature_c,60.75,°C,2026-S1
EQ-PUMP-001,2026-01-24T14:00:00Z,vibration_mm_s,2.62,mm/s,2026-S1
EQ-CAB-134,2026-01-24T18:00:00Z,temperature_c,55.01,°C,2026-S1
EQ-COMP-396,2026-01-24T18:00:00Z,pressure_bar,6.29,bar,2026-S1
EQ-CONV-262,2026-01-24T18:00:00Z,current_a,6.588178,A,2026-S1
EQ-CONV-336,2026-01-24T18:00:00Z,current_a,22.11,A,2026-S1
EQ-FAN-003,2026-01-24T18:00:00Z,rpm,1372.38,rpm,2026-S1
EQ-FAN-284,2026-01-24T18:00:00Z,vibration_mm_s,2.52,mm/s,2026-S1
EQ-MIX-159,2026-01-24T18:00:00Z,current_a,27.15,A,2026-S1
EQ-MIX-159,2026-01-24T18:00:00Z,vibration_mm_s,3.07,mm/s,2026-S1
EQ-MIX-259,2026-01-24T18:00:00Z,current_a,22.50,A,2026-S1
EQ-OVEN-223,2026-01-24T18:00:00Z,temperature_c,55.26,°C,2026-S1
EQ-OVEN-386,2026-01-24T18:00:00Z,temperature_c,65.51,°C,2026-S1
EQ-STEAM-352,2026-01-24T18:00:00Z,pressure_bar,5.62,bar,2026-S1
EQ-STEAM-352,2026-01-24T18:00:00Z,temperature_c,62.96,°C,2026-S1
EQ-PUMP-001,2026-01-24T20:00:00Z,vibration_mm_s,2.34,mm/s,2026-S1
EQ-CAB-134,2026-01-25T00:00:00Z,temperature_c,58.54,°C,2026-S1
EQ-COMP-396,2026-01-25T00:00:00Z,pressure_bar,5.59,bar,2026-S1
EQ-CONV-262,2026-01-25T00:00:00Z,current_a,60.022428,A,2026-S1
EQ-CONV-336,2026-01-25T00:00:00Z,current_a,23.53,A,2026-S1
EQ-FAN-003,2026-01-25T00:00:00Z,rpm,1392.87,rpm,2026-S1
EQ-FAN-284,2026-01-25T00:00:00Z,vibration_mm_s,2.55,mm/s,2026-S1
EQ-MIX-159,2026-01-25T00:00:00Z,current_a,24.56,A,2026-S1
EQ-MIX-159,2026-01-25T00:00:00Z,vibration_mm_s,2.05,mm/s,2026-S1
EQ-MIX-259,2026-01-25T00:00:00Z,current_a,23.83,A,2026-S1
EQ-OVEN-223,2026-01-25T00:00:00Z,temperature_c,55.60,°C,2026-S1
EQ-OVEN-386,2026-01-25T00:00:00Z,temperature_c,57.77,°C,2026-S1
EQ-STEAM-352,2026-01-25T00:00:00Z,pressure_bar,6.06,bar,2026-S1
EQ-STEAM-352,2026-01-25T00:00:00Z,temperature_c,53.45,°C,2026-S1
EQ-PUMP-001,2026-01-25T02:00:00Z,vibration_mm_s,3.24,mm/s,2026-S1
EQ-CAB-134,2026-01-25T06:00:00Z,temperature_c,49.78,°C,2026-S1
EQ-COMP-396,2026-01-25T06:00:00Z,pressure_bar,6.14,bar,2026-S1
EQ-CONV-262,2026-01-25T06:00:00Z,current_a,100.833568,A,2026-S1
EQ-CONV-336,2026-01-25T06:00:00Z,current_a,20.87,A,2026-S1
EQ-FAN-003,2026-01-25T06:00:00Z,rpm,1460.61,rpm,2026-S1
EQ-FAN-284,2026-01-25T06:00:00Z,vibration_mm_s,2.88,mm/s,2026-S1
EQ-MIX-159,2026-01-25T06:00:00Z,current_a,24.22,A,2026-S1
EQ-MIX-159,2026-01-25T06:00:00Z,vibration_mm_s,2.04,mm/s,2026-S1
EQ-MIX-259,2026-01-25T06:00:00Z,current_a,21.32,A,2026-S1
EQ-OVEN-223,2026-01-25T06:00:00Z,temperature_c,62.97,°C,2026-S1
EQ-OVEN-386,2026-01-25T06:00:00Z,temperature_c,60.96,°C,2026-S1
EQ-STEAM-352,2026-01-25T06:00:00Z,pressure_bar,6.77,bar,2026-S1
EQ-STEAM-352,2026-01-25T06:00:00Z,temperature_c,56.58,°C,2026-S1
EQ-PUMP-001,2026-01-25T08:00:00Z,vibration_mm_s,3.17,mm/s,2026-S1
EQ-CAB-134,2026-01-25T12:00:00Z,temperature_c,48.96,°C,2026-S1
EQ-COMP-396,2026-01-25T12:00:00Z,pressure_bar,6.38,bar,2026-S1
EQ-CONV-262,2026-01-25T12:00:00Z,current_a,103.961882,A,2026-S1
EQ-CONV-336,2026-01-25T12:00:00Z,current_a,20.03,A,2026-S1
EQ-FAN-003,2026-01-25T12:00:00Z,rpm,1358.68,rpm,2026-S1
EQ-FAN-284,2026-01-25T12:00:00Z,vibration_mm_s,2.99,mm/s,2026-S1
EQ-MIX-159,2026-01-25T12:00:00Z,current_a,27.06,A,2026-S1
EQ-MIX-159,2026-01-25T12:00:00Z,vibration_mm_s,2.70,mm/s,2026-S1
EQ-MIX-259,2026-01-25T12:00:00Z,current_a,18.62,A,2026-S1
EQ-OVEN-223,2026-01-25T12:00:00Z,temperature_c,62.05,°C,2026-S1
EQ-OVEN-386,2026-01-25T12:00:00Z,temperature_c,65.66,°C,2026-S1
EQ-STEAM-352,2026-01-25T12:00:00Z,pressure_bar,6.37,bar,2026-S1
EQ-STEAM-352,2026-01-25T12:00:00Z,temperature_c,62.02,°C,2026-S1
EQ-PUMP-001,2026-01-25T14:00:00Z,vibration_mm_s,2.62,mm/s,2026-S1
EQ-CAB-134,2026-01-25T18:00:00Z,temperature_c,56.92,°C,2026-S1
EQ-COMP-396,2026-01-25T18:00:00Z,pressure_bar,5.85,bar,2026-S1
EQ-CONV-262,2026-01-25T18:00:00Z,current_a,47.100613,A,2026-S1
EQ-CONV-336,2026-01-25T18:00:00Z,current_a,21.71,A,2026-S1
EQ-FAN-003,2026-01-25T18:00:00Z,rpm,1328.55,rpm,2026-S1
EQ-FAN-284,2026-01-25T18:00:00Z,vibration_mm_s,2.12,mm/s,2026-S1
EQ-MIX-159,2026-01-25T18:00:00Z,current_a,26.90,A,2026-S1
EQ-MIX-159,2026-01-25T18:00:00Z,vibration_mm_s,2.98,mm/s,2026-S1
EQ-MIX-259,2026-01-25T18:00:00Z,current_a,22.51,A,2026-S1
EQ-OVEN-223,2026-01-25T18:00:00Z,temperature_c,55.13,°C,2026-S1
EQ-OVEN-386,2026-01-25T18:00:00Z,temperature_c,62.29,°C,2026-S1
EQ-STEAM-352,2026-01-25T18:00:00Z,pressure_bar,5.99,bar,2026-S1
EQ-STEAM-352,2026-01-25T18:00:00Z,temperature_c,64.69,°C,2026-S1
EQ-PUMP-001,2026-01-25T20:00:00Z,vibration_mm_s,2.44,mm/s,2026-S1
EQ-CAB-134,2026-01-26T00:00:00Z,temperature_c,59.99,°C,2026-S1
EQ-COMP-396,2026-01-26T00:00:00Z,pressure_bar,5.80,bar,2026-S1
EQ-CONV-262,2026-01-26T00:00:00Z,current_a,35.695285,A,2026-S1
EQ-CONV-336,2026-01-26T00:00:00Z,current_a,24.93,A,2026-S1
EQ-FAN-003,2026-01-26T00:00:00Z,rpm,1436.92,rpm,2026-S1
EQ-FAN-284,2026-01-26T00:00:00Z,vibration_mm_s,2.66,mm/s,2026-S1
EQ-MIX-159,2026-01-26T00:00:00Z,current_a,26.24,A,2026-S1
EQ-MIX-159,2026-01-26T00:00:00Z,vibration_mm_s,2.27,mm/s,2026-S1
EQ-MIX-259,2026-01-26T00:00:00Z,current_a,24.54,A,2026-S1
EQ-OVEN-223,2026-01-26T00:00:00Z,temperature_c,59.39,°C,2026-S1
EQ-OVEN-386,2026-01-26T00:00:00Z,temperature_c,57.66,°C,2026-S1
EQ-STEAM-352,2026-01-26T00:00:00Z,pressure_bar,6.47,bar,2026-S1
EQ-STEAM-352,2026-01-26T00:00:00Z,temperature_c,55.33,°C,2026-S1
EQ-PUMP-001,2026-01-26T02:00:00Z,vibration_mm_s,2.82,mm/s,2026-S1
EQ-CAB-134,2026-01-26T06:00:00Z,temperature_c,52.75,°C,2026-S1
EQ-COMP-396,2026-01-26T06:00:00Z,pressure_bar,6.03,bar,2026-S1
EQ-CONV-262,2026-01-26T06:00:00Z,current_a,36.078840,A,2026-S1
EQ-CONV-336,2026-01-26T06:00:00Z,current_a,22.13,A,2026-S1
EQ-FAN-003,2026-01-26T06:00:00Z,rpm,1445.09,rpm,2026-S1
EQ-FAN-284,2026-01-26T06:00:00Z,vibration_mm_s,2.96,mm/s,2026-S1
EQ-MIX-159,2026-01-26T06:00:00Z,current_a,26.70,A,2026-S1
EQ-MIX-159,2026-01-26T06:00:00Z,vibration_mm_s,2.01,mm/s,2026-S1
EQ-MIX-259,2026-01-26T06:00:00Z,current_a,22.57,A,2026-S1
EQ-OVEN-223,2026-01-26T06:00:00Z,temperature_c,65.56,°C,2026-S1
EQ-OVEN-386,2026-01-26T06:00:00Z,temperature_c,62.80,°C,2026-S1
EQ-STEAM-352,2026-01-26T06:00:00Z,pressure_bar,6.33,bar,2026-S1
EQ-STEAM-352,2026-01-26T06:00:00Z,temperature_c,59.11,°C,2026-S1
EQ-PUMP-001,2026-01-26T08:00:00Z,vibration_mm_s,3.22,mm/s,2026-S1
EQ-CAB-134,2026-01-26T12:00:00Z,temperature_c,51.32,°C,2026-S1
EQ-COMP-396,2026-01-26T12:00:00Z,pressure_bar,6.55,bar,2026-S1
EQ-CONV-262,2026-01-26T12:00:00Z,current_a,2.833526,A,2026-S1
EQ-CONV-336,2026-01-26T12:00:00Z,current_a,20.40,A,2026-S1
EQ-FAN-003,2026-01-26T12:00:00Z,rpm,1410.65,rpm,2026-S1
EQ-FAN-284,2026-01-26T12:00:00Z,vibration_mm_s,3.30,mm/s,2026-S1
EQ-MIX-159,2026-01-26T12:00:00Z,current_a,30.45,A,2026-S1
EQ-MIX-159,2026-01-26T12:00:00Z,vibration_mm_s,2.67,mm/s,2026-S1
EQ-MIX-259,2026-01-26T12:00:00Z,current_a,20.21,A,2026-S1
EQ-OVEN-223,2026-01-26T12:00:00Z,temperature_c,65.43,°C,2026-S1
EQ-OVEN-386,2026-01-26T12:00:00Z,temperature_c,66.48,°C,2026-S1
EQ-STEAM-352,2026-01-26T12:00:00Z,pressure_bar,6.24,bar,2026-S1
EQ-STEAM-352,2026-01-26T12:00:00Z,temperature_c,64.49,°C,2026-S1
EQ-PUMP-001,2026-01-26T14:00:00Z,vibration_mm_s,3.01,mm/s,2026-S1
EQ-CAB-134,2026-01-26T18:00:00Z,temperature_c,59.05,°C,2026-S1
EQ-COMP-396,2026-01-26T18:00:00Z,pressure_bar,6.00,bar,2026-S1
EQ-CONV-262,2026-01-26T18:00:00Z,current_a,106.848527,A,2026-S1
EQ-CONV-336,2026-01-26T18:00:00Z,current_a,21.17,A,2026-S1
EQ-FAN-003,2026-01-26T18:00:00Z,rpm,1401.94,rpm,2026-S1
EQ-FAN-284,2026-01-26T18:00:00Z,vibration_mm_s,2.44,mm/s,2026-S1
EQ-MIX-159,2026-01-26T18:00:00Z,current_a,25.79,A,2026-S1
EQ-MIX-159,2026-01-26T18:00:00Z,vibration_mm_s,2.72,mm/s,2026-S1
EQ-MIX-259,2026-01-26T18:00:00Z,current_a,24.33,A,2026-S1
EQ-OVEN-223,2026-01-26T18:00:00Z,temperature_c,60.45,°C,2026-S1
EQ-OVEN-386,2026-01-26T18:00:00Z,temperature_c,65.18,°C,2026-S1
EQ-STEAM-352,2026-01-26T18:00:00Z,pressure_bar,6.10,bar,2026-S1
EQ-STEAM-352,2026-01-26T18:00:00Z,temperature_c,65.92,°C,2026-S1
EQ-PUMP-001,2026-01-26T20:00:00Z,vibration_mm_s,2.52,mm/s,2026-S1
EQ-CAB-134,2026-01-27T00:00:00Z,temperature_c,59.89,°C,2026-S1
EQ-COMP-396,2026-01-27T00:00:00Z,pressure_bar,5.84,bar,2026-S1
EQ-CONV-262,2026-01-27T00:00:00Z,current_a,70.516592,A,2026-S1
EQ-CONV-336,2026-01-27T00:00:00Z,current_a,23.82,A,2026-S1
EQ-FAN-003,2026-01-27T00:00:00Z,rpm,1462.16,rpm,2026-S1
EQ-FAN-284,2026-01-27T00:00:00Z,vibration_mm_s,2.00,mm/s,2026-S1
EQ-MIX-159,2026-01-27T00:00:00Z,current_a,25.14,A,2026-S1
EQ-MIX-159,2026-01-27T00:00:00Z,vibration_mm_s,2.53,mm/s,2026-S1
EQ-MIX-259,2026-01-27T00:00:00Z,current_a,24.92,A,2026-S1
EQ-OVEN-223,2026-01-27T00:00:00Z,temperature_c,57.74,°C,2026-S1
EQ-OVEN-386,2026-01-27T00:00:00Z,temperature_c,56.70,°C,2026-S1
EQ-STEAM-352,2026-01-27T00:00:00Z,pressure_bar,6.28,bar,2026-S1
EQ-STEAM-352,2026-01-27T00:00:00Z,temperature_c,64.85,°C,2026-S1
EQ-PUMP-001,2026-01-27T02:00:00Z,vibration_mm_s,2.86,mm/s,2026-S1
EQ-CAB-134,2026-01-27T06:00:00Z,temperature_c,52.70,°C,2026-S1
EQ-COMP-396,2026-01-27T06:00:00Z,pressure_bar,6.35,bar,2026-S1
EQ-CONV-262,2026-01-27T06:00:00Z,current_a,0.218181,A,2026-S1
EQ-CONV-336,2026-01-27T06:00:00Z,current_a,22.80,A,2026-S1
EQ-FAN-003,2026-01-27T06:00:00Z,rpm,1433.99,rpm,2026-S1
EQ-FAN-284,2026-01-27T06:00:00Z,vibration_mm_s,2.62,mm/s,2026-S1
EQ-MIX-159,2026-01-27T06:00:00Z,current_a,24.21,A,2026-S1
EQ-MIX-159,2026-01-27T06:00:00Z,vibration_mm_s,2.30,mm/s,2026-S1
EQ-MIX-259,2026-01-27T06:00:00Z,current_a,21.52,A,2026-S1
EQ-OVEN-223,2026-01-27T06:00:00Z,temperature_c,66.28,°C,2026-S1
EQ-OVEN-386,2026-01-27T06:00:00Z,temperature_c,65.03,°C,2026-S1
EQ-STEAM-352,2026-01-27T06:00:00Z,pressure_bar,6.82,bar,2026-S1
EQ-STEAM-352,2026-01-27T06:00:00Z,temperature_c,61.52,°C,2026-S1
EQ-PUMP-001,2026-01-27T08:00:00Z,vibration_mm_s,3.41,mm/s,2026-S1
EQ-CAB-134,2026-01-27T12:00:00Z,temperature_c,48.85,°C,2026-S1
EQ-COMP-396,2026-01-27T12:00:00Z,pressure_bar,6.44,bar,2026-S1
EQ-CONV-262,2026-01-27T12:00:00Z,current_a,35.700393,A,2026-S1
EQ-CONV-336,2026-01-27T12:00:00Z,current_a,20.64,A,2026-S1
EQ-FAN-003,2026-01-27T12:00:00Z,rpm,1417.20,rpm,2026-S1
EQ-FAN-284,2026-01-27T12:00:00Z,vibration_mm_s,3.12,mm/s,2026-S1
EQ-MIX-159,2026-01-27T12:00:00Z,current_a,24.33,A,2026-S1
EQ-MIX-159,2026-01-27T12:00:00Z,vibration_mm_s,2.69,mm/s,2026-S1
EQ-MIX-259,2026-01-27T12:00:00Z,current_a,19.98,A,2026-S1
EQ-OVEN-223,2026-01-27T12:00:00Z,temperature_c,65.23,°C,2026-S1
EQ-OVEN-386,2026-01-27T12:00:00Z,temperature_c,69.60,°C,2026-S1
EQ-STEAM-352,2026-01-27T12:00:00Z,pressure_bar,6.80,bar,2026-S1
EQ-STEAM-352,2026-01-27T12:00:00Z,temperature_c,68.67,°C,2026-S1
EQ-PUMP-001,2026-01-27T14:00:00Z,vibration_mm_s,2.68,mm/s,2026-S1
EQ-CAB-134,2026-01-27T18:00:00Z,temperature_c,58.50,°C,2026-S1
EQ-COMP-396,2026-01-27T18:00:00Z,pressure_bar,6.13,bar,2026-S1
EQ-CONV-262,2026-01-27T18:00:00Z,current_a,29.881855,A,2026-S1
EQ-CONV-336,2026-01-27T18:00:00Z,current_a,22.11,A,2026-S1
EQ-FAN-003,2026-01-27T18:00:00Z,rpm,1358.65,rpm,2026-S1
EQ-FAN-284,2026-01-27T18:00:00Z,vibration_mm_s,2.60,mm/s,2026-S1
EQ-MIX-159,2026-01-27T18:00:00Z,current_a,23.64,A,2026-S1
EQ-MIX-159,2026-01-27T18:00:00Z,vibration_mm_s,3.25,mm/s,2026-S1
EQ-MIX-259,2026-01-27T18:00:00Z,current_a,23.02,A,2026-S1
EQ-OVEN-223,2026-01-27T18:00:00Z,temperature_c,58.32,°C,2026-S1
EQ-OVEN-386,2026-01-27T18:00:00Z,temperature_c,66.46,°C,2026-S1
EQ-STEAM-352,2026-01-27T18:00:00Z,pressure_bar,5.96,bar,2026-S1
EQ-STEAM-352,2026-01-27T18:00:00Z,temperature_c,66.81,°C,2026-S1
EQ-PUMP-001,2026-01-27T20:00:00Z,vibration_mm_s,2.48,mm/s,2026-S1
EQ-CAB-134,2026-01-28T00:00:00Z,temperature_c,59.46,°C,2026-S1
EQ-COMP-396,2026-01-28T00:00:00Z,pressure_bar,5.60,bar,2026-S1
EQ-CONV-262,2026-01-28T00:00:00Z,current_a,57.546562,A,2026-S1
EQ-CONV-336,2026-01-28T00:00:00Z,current_a,26.28,A,2026-S1
EQ-FAN-003,2026-01-28T00:00:00Z,rpm,1414.95,rpm,2026-S1
EQ-FAN-284,2026-01-28T00:00:00Z,vibration_mm_s,2.43,mm/s,2026-S1
EQ-MIX-159,2026-01-28T00:00:00Z,current_a,27.09,A,2026-S1
EQ-MIX-159,2026-01-28T00:00:00Z,vibration_mm_s,2.58,mm/s,2026-S1
EQ-MIX-259,2026-01-28T00:00:00Z,current_a,25.35,A,2026-S1
EQ-OVEN-223,2026-01-28T00:00:00Z,temperature_c,56.51,°C,2026-S1
EQ-OVEN-386,2026-01-28T00:00:00Z,temperature_c,59.14,°C,2026-S1
EQ-STEAM-352,2026-01-28T00:00:00Z,pressure_bar,6.24,bar,2026-S1
EQ-STEAM-352,2026-01-28T00:00:00Z,temperature_c,57.45,°C,2026-S1
EQ-PUMP-001,2026-01-28T02:00:00Z,vibration_mm_s,2.87,mm/s,2026-S1
EQ-CAB-134,2026-01-28T06:00:00Z,temperature_c,54.09,°C,2026-S1
EQ-COMP-396,2026-01-28T06:00:00Z,pressure_bar,6.13,bar,2026-S1
EQ-CONV-262,2026-01-28T06:00:00Z,current_a,98.903726,A,2026-S1
EQ-CONV-336,2026-01-28T06:00:00Z,current_a,24.34,A,2026-S1
EQ-FAN-003,2026-01-28T06:00:00Z,rpm,1483.63,rpm,2026-S1
EQ-FAN-284,2026-01-28T06:00:00Z,vibration_mm_s,2.91,mm/s,2026-S1
EQ-MIX-159,2026-01-28T06:00:00Z,current_a,26.10,A,2026-S1
EQ-MIX-159,2026-01-28T06:00:00Z,vibration_mm_s,2.18,mm/s,2026-S1
EQ-MIX-259,2026-01-28T06:00:00Z,current_a,22.41,A,2026-S1
EQ-OVEN-223,2026-01-28T06:00:00Z,temperature_c,62.33,°C,2026-S1
EQ-OVEN-386,2026-01-28T06:00:00Z,temperature_c,62.62,°C,2026-S1
EQ-STEAM-352,2026-01-28T06:00:00Z,pressure_bar,6.59,bar,2026-S1
EQ-STEAM-352,2026-01-28T06:00:00Z,temperature_c,60.34,°C,2026-S1
EQ-PUMP-001,2026-01-28T08:00:00Z,vibration_mm_s,2.46,mm/s,2026-S1
EQ-CAB-134,2026-01-28T12:00:00Z,temperature_c,50.81,°C,2026-S1
EQ-COMP-396,2026-01-28T12:00:00Z,pressure_bar,6.63,bar,2026-S1
EQ-CONV-262,2026-01-28T12:00:00Z,current_a,2.195054,A,2026-S1
EQ-CONV-336,2026-01-28T12:00:00Z,current_a,21.09,A,2026-S1
EQ-FAN-003,2026-01-28T12:00:00Z,rpm,1399.57,rpm,2026-S1
EQ-FAN-284,2026-01-28T12:00:00Z,vibration_mm_s,3.27,mm/s,2026-S1
EQ-MIX-159,2026-01-28T12:00:00Z,current_a,27.81,A,2026-S1
EQ-MIX-159,2026-01-28T12:00:00Z,vibration_mm_s,2.68,mm/s,2026-S1
EQ-MIX-259,2026-01-28T12:00:00Z,current_a,20.65,A,2026-S1
EQ-OVEN-223,2026-01-28T12:00:00Z,temperature_c,65.79,°C,2026-S1
EQ-OVEN-386,2026-01-28T12:00:00Z,temperature_c,65.68,°C,2026-S1
EQ-STEAM-352,2026-01-28T12:00:00Z,pressure_bar,6.49,bar,2026-S1
EQ-STEAM-352,2026-01-28T12:00:00Z,temperature_c,64.62,°C,2026-S1
EQ-PUMP-001,2026-01-28T14:00:00Z,vibration_mm_s,2.61,mm/s,2026-S1
EQ-CAB-134,2026-01-28T18:00:00Z,temperature_c,54.34,°C,2026-S1
EQ-COMP-396,2026-01-28T18:00:00Z,pressure_bar,6.40,bar,2026-S1
EQ-CONV-262,2026-01-28T18:00:00Z,current_a,92.300140,A,2026-S1
EQ-CONV-336,2026-01-28T18:00:00Z,current_a,22.55,A,2026-S1
EQ-FAN-003,2026-01-28T18:00:00Z,rpm,1369.65,rpm,2026-S1
EQ-FAN-284,2026-01-28T18:00:00Z,vibration_mm_s,2.33,mm/s,2026-S1
EQ-MIX-159,2026-01-28T18:00:00Z,current_a,25.45,A,2026-S1
EQ-MIX-159,2026-01-28T18:00:00Z,vibration_mm_s,2.64,mm/s,2026-S1
EQ-MIX-259,2026-01-28T18:00:00Z,current_a,23.01,A,2026-S1
EQ-OVEN-223,2026-01-28T18:00:00Z,temperature_c,58.98,°C,2026-S1
EQ-OVEN-386,2026-01-28T18:00:00Z,temperature_c,62.38,°C,2026-S1
EQ-STEAM-352,2026-01-28T18:00:00Z,pressure_bar,6.38,bar,2026-S1
EQ-STEAM-352,2026-01-28T18:00:00Z,temperature_c,61.48,°C,2026-S1
EQ-PUMP-001,2026-01-28T20:00:00Z,vibration_mm_s,2.48,mm/s,2026-S1
EQ-CAB-134,2026-01-29T00:00:00Z,temperature_c,59.82,°C,2026-S1
EQ-COMP-396,2026-01-29T00:00:00Z,pressure_bar,5.84,bar,2026-S1
EQ-CONV-262,2026-01-29T00:00:00Z,current_a,103.285737,A,2026-S1
EQ-CONV-336,2026-01-29T00:00:00Z,current_a,24.52,A,2026-S1
EQ-FAN-003,2026-01-29T00:00:00Z,rpm,1454.11,rpm,2026-S1
EQ-FAN-284,2026-01-29T00:00:00Z,vibration_mm_s,2.36,mm/s,2026-S1
EQ-MIX-159,2026-01-29T00:00:00Z,current_a,27.19,A,2026-S1
EQ-MIX-159,2026-01-29T00:00:00Z,vibration_mm_s,2.41,mm/s,2026-S1
EQ-MIX-259,2026-01-29T00:00:00Z,current_a,24.20,A,2026-S1
EQ-OVEN-223,2026-01-29T00:00:00Z,temperature_c,58.61,°C,2026-S1
EQ-OVEN-386,2026-01-29T00:00:00Z,temperature_c,58.16,°C,2026-S1
EQ-STEAM-352,2026-01-29T00:00:00Z,pressure_bar,6.48,bar,2026-S1
EQ-STEAM-352,2026-01-29T00:00:00Z,temperature_c,61.03,°C,2026-S1
EQ-PUMP-001,2026-01-29T02:00:00Z,vibration_mm_s,2.99,mm/s,2026-S1
EQ-CAB-134,2026-01-29T06:00:00Z,temperature_c,54.31,°C,2026-S1
EQ-COMP-396,2026-01-29T06:00:00Z,pressure_bar,6.21,bar,2026-S1
EQ-CONV-262,2026-01-29T06:00:00Z,current_a,116.679996,A,2026-S1
EQ-CONV-336,2026-01-29T06:00:00Z,current_a,24.08,A,2026-S1
EQ-FAN-003,2026-01-29T06:00:00Z,rpm,1474.41,rpm,2026-S1
EQ-FAN-284,2026-01-29T06:00:00Z,vibration_mm_s,2.70,mm/s,2026-S1
EQ-MIX-159,2026-01-29T06:00:00Z,current_a,27.02,A,2026-S1
EQ-MIX-159,2026-01-29T06:00:00Z,vibration_mm_s,2.40,mm/s,2026-S1
EQ-MIX-259,2026-01-29T06:00:00Z,current_a,21.26,A,2026-S1
EQ-OVEN-223,2026-01-29T06:00:00Z,temperature_c,65.53,°C,2026-S1
EQ-OVEN-386,2026-01-29T06:00:00Z,temperature_c,62.93,°C,2026-S1
EQ-STEAM-352,2026-01-29T06:00:00Z,pressure_bar,6.78,bar,2026-S1
EQ-STEAM-352,2026-01-29T06:00:00Z,temperature_c,55.50,°C,2026-S1
EQ-PUMP-001,2026-01-29T08:00:00Z,vibration_mm_s,3.29,mm/s,2026-S1
EQ-CAB-134,2026-01-29T12:00:00Z,temperature_c,51.18,°C,2026-S1
EQ-COMP-396,2026-01-29T12:00:00Z,pressure_bar,6.30,bar,2026-S1
EQ-CONV-262,2026-01-29T12:00:00Z,current_a,95.086824,A,2026-S1
EQ-CONV-336,2026-01-29T12:00:00Z,current_a,20.72,A,2026-S1
EQ-FAN-003,2026-01-29T12:00:00Z,rpm,1428.07,rpm,2026-S1
EQ-FAN-284,2026-01-29T12:00:00Z,vibration_mm_s,2.79,mm/s,2026-S1
EQ-MIX-159,2026-01-29T12:00:00Z,current_a,28.99,A,2026-S1
EQ-MIX-159,2026-01-29T12:00:00Z,vibration_mm_s,2.70,mm/s,2026-S1
EQ-MIX-259,2026-01-29T12:00:00Z,current_a,19.99,A,2026-S1
EQ-OVEN-223,2026-01-29T12:00:00Z,temperature_c,66.68,°C,2026-S1
EQ-OVEN-386,2026-01-29T12:00:00Z,temperature_c,66.64,°C,2026-S1
EQ-STEAM-352,2026-01-29T12:00:00Z,pressure_bar,6.66,bar,2026-S1
EQ-STEAM-352,2026-01-29T12:00:00Z,temperature_c,60.05,°C,2026-S1
EQ-PUMP-001,2026-01-29T14:00:00Z,vibration_mm_s,2.78,mm/s,2026-S1
EQ-CAB-134,2026-01-29T18:00:00Z,temperature_c,57.61,°C,2026-S1
EQ-COMP-396,2026-01-29T18:00:00Z,pressure_bar,6.08,bar,2026-S1
EQ-CONV-262,2026-01-29T18:00:00Z,current_a,24.917131,A,2026-S1
EQ-CONV-336,2026-01-29T18:00:00Z,current_a,22.13,A,2026-S1
EQ-FAN-003,2026-01-29T18:00:00Z,rpm,1384.25,rpm,2026-S1
EQ-FAN-284,2026-01-29T18:00:00Z,vibration_mm_s,2.49,mm/s,2026-S1
EQ-MIX-159,2026-01-29T18:00:00Z,current_a,23.39,A,2026-S1
EQ-MIX-159,2026-01-29T18:00:00Z,vibration_mm_s,3.31,mm/s,2026-S1
EQ-MIX-259,2026-01-29T18:00:00Z,current_a,22.90,A,2026-S1
EQ-OVEN-223,2026-01-29T18:00:00Z,temperature_c,58.97,°C,2026-S1
EQ-OVEN-386,2026-01-29T18:00:00Z,temperature_c,62.93,°C,2026-S1
EQ-STEAM-352,2026-01-29T18:00:00Z,pressure_bar,6.15,bar,2026-S1
EQ-STEAM-352,2026-01-29T18:00:00Z,temperature_c,62.12,°C,2026-S1
EQ-PUMP-001,2026-01-29T20:00:00Z,vibration_mm_s,2.48,mm/s,2026-S1
EQ-CAB-134,2026-01-30T00:00:00Z,temperature_c,59.58,°C,2026-S1
EQ-COMP-396,2026-01-30T00:00:00Z,pressure_bar,5.83,bar,2026-S1
EQ-CONV-262,2026-01-30T00:00:00Z,current_a,41.375778,A,2026-S1
EQ-CONV-336,2026-01-30T00:00:00Z,current_a,25.21,A,2026-S1
EQ-FAN-003,2026-01-30T00:00:00Z,rpm,1433.94,rpm,2026-S1
EQ-FAN-284,2026-01-30T00:00:00Z,vibration_mm_s,2.83,mm/s,2026-S1
EQ-MIX-159,2026-01-30T00:00:00Z,current_a,25.59,A,2026-S1
EQ-MIX-159,2026-01-30T00:00:00Z,vibration_mm_s,3.00,mm/s,2026-S1
EQ-MIX-259,2026-01-30T00:00:00Z,current_a,24.45,A,2026-S1
EQ-OVEN-223,2026-01-30T00:00:00Z,temperature_c,59.62,°C,2026-S1
EQ-OVEN-386,2026-01-30T00:00:00Z,temperature_c,57.13,°C,2026-S1
EQ-STEAM-352,2026-01-30T00:00:00Z,pressure_bar,5.98,bar,2026-S1
EQ-STEAM-352,2026-01-30T00:00:00Z,temperature_c,53.94,°C,2026-S1
EQ-PUMP-001,2026-01-30T02:00:00Z,vibration_mm_s,3.02,mm/s,2026-S1
EQ-CAB-134,2026-01-30T06:00:00Z,temperature_c,54.85,°C,2026-S1
EQ-COMP-396,2026-01-30T06:00:00Z,pressure_bar,6.11,bar,2026-S1
EQ-CONV-262,2026-01-30T06:00:00Z,current_a,28.845804,A,2026-S1
EQ-CONV-336,2026-01-30T06:00:00Z,current_a,23.00,A,2026-S1
EQ-FAN-003,2026-01-30T06:00:00Z,rpm,1477.10,rpm,2026-S1
EQ-FAN-284,2026-01-30T06:00:00Z,vibration_mm_s,2.87,mm/s,2026-S1
EQ-MIX-159,2026-01-30T06:00:00Z,current_a,22.07,A,2026-S1
EQ-MIX-159,2026-01-30T06:00:00Z,vibration_mm_s,3.05,mm/s,2026-S1
EQ-MIX-259,2026-01-30T06:00:00Z,current_a,22.91,A,2026-S1
EQ-OVEN-223,2026-01-30T06:00:00Z,temperature_c,64.97,°C,2026-S1
EQ-OVEN-386,2026-01-30T06:00:00Z,temperature_c,62.37,°C,2026-S1
EQ-STEAM-352,2026-01-30T06:00:00Z,pressure_bar,6.79,bar,2026-S1
EQ-STEAM-352,2026-01-30T06:00:00Z,temperature_c,54.47,°C,2026-S1
EQ-PUMP-001,2026-01-30T08:00:00Z,vibration_mm_s,2.59,mm/s,2026-S1
EQ-CAB-134,2026-01-30T12:00:00Z,temperature_c,51.95,°C,2026-S1
EQ-COMP-396,2026-01-30T12:00:00Z,pressure_bar,6.13,bar,2026-S1
EQ-CONV-262,2026-01-30T12:00:00Z,current_a,109.275408,A,2026-S1
EQ-CONV-336,2026-01-30T12:00:00Z,current_a,19.82,A,2026-S1
EQ-FAN-003,2026-01-30T12:00:00Z,rpm,1395.04,rpm,2026-S1
EQ-FAN-284,2026-01-30T12:00:00Z,vibration_mm_s,3.23,mm/s,2026-S1
EQ-MIX-159,2026-01-30T12:00:00Z,current_a,23.60,A,2026-S1
EQ-MIX-159,2026-01-30T12:00:00Z,vibration_mm_s,3.29,mm/s,2026-S1
EQ-MIX-259,2026-01-30T12:00:00Z,current_a,19.59,A,2026-S1
EQ-OVEN-223,2026-01-30T12:00:00Z,temperature_c,64.20,°C,2026-S1
EQ-OVEN-386,2026-01-30T12:00:00Z,temperature_c,66.35,°C,2026-S1
EQ-STEAM-352,2026-01-30T12:00:00Z,pressure_bar,6.75,bar,2026-S1
EQ-STEAM-352,2026-01-30T12:00:00Z,temperature_c,62.25,°C,2026-S1
EQ-PUMP-001,2026-01-30T14:00:00Z,vibration_mm_s,2.64,mm/s,2026-S1
EQ-CAB-134,2026-01-30T18:00:00Z,temperature_c,55.57,°C,2026-S1
EQ-COMP-396,2026-01-30T18:00:00Z,pressure_bar,6.00,bar,2026-S1
EQ-CONV-262,2026-01-30T18:00:00Z,current_a,64.618938,A,2026-S1
EQ-CONV-336,2026-01-30T18:00:00Z,current_a,23.60,A,2026-S1
EQ-FAN-003,2026-01-30T18:00:00Z,rpm,1352.61,rpm,2026-S1
EQ-FAN-284,2026-01-30T18:00:00Z,vibration_mm_s,2.71,mm/s,2026-S1
EQ-MIX-159,2026-01-30T18:00:00Z,current_a,27.02,A,2026-S1
EQ-MIX-159,2026-01-30T18:00:00Z,vibration_mm_s,3.91,mm/s,2026-S1
EQ-MIX-259,2026-01-30T18:00:00Z,current_a,21.84,A,2026-S1
EQ-OVEN-223,2026-01-30T18:00:00Z,temperature_c,59.57,°C,2026-S1
EQ-OVEN-386,2026-01-30T18:00:00Z,temperature_c,64.23,°C,2026-S1
EQ-STEAM-352,2026-01-30T18:00:00Z,pressure_bar,6.10,bar,2026-S1
EQ-STEAM-352,2026-01-30T18:00:00Z,temperature_c,62.24,°C,2026-S1
EQ-PUMP-001,2026-01-30T20:00:00Z,vibration_mm_s,2.35,mm/s,2026-S1
EQ-CAB-134,2026-01-31T00:00:00Z,temperature_c,59.39,°C,2026-S1
EQ-COMP-396,2026-01-31T00:00:00Z,pressure_bar,5.67,bar,2026-S1
EQ-CONV-262,2026-01-31T00:00:00Z,current_a,68.135798,A,2026-S1
EQ-CONV-336,2026-01-31T00:00:00Z,current_a,24.73,A,2026-S1
EQ-FAN-003,2026-01-31T00:00:00Z,rpm,1411.90,rpm,2026-S1
EQ-FAN-284,2026-01-31T00:00:00Z,vibration_mm_s,1.92,mm/s,2026-S1
EQ-MIX-159,2026-01-31T00:00:00Z,current_a,26.06,A,2026-S1
EQ-MIX-159,2026-01-31T00:00:00Z,vibration_mm_s,3.43,mm/s,2026-S1
EQ-MIX-259,2026-01-31T00:00:00Z,current_a,23.99,A,2026-S1
EQ-OVEN-223,2026-01-31T00:00:00Z,temperature_c,54.96,°C,2026-S1
EQ-OVEN-386,2026-01-31T00:00:00Z,temperature_c,56.98,°C,2026-S1
EQ-STEAM-352,2026-01-31T00:00:00Z,pressure_bar,6.35,bar,2026-S1
EQ-STEAM-352,2026-01-31T00:00:00Z,temperature_c,55.84,°C,2026-S1
EQ-PUMP-001,2026-01-31T02:00:00Z,vibration_mm_s,2.60,mm/s,2026-S1
EQ-CAB-134,2026-01-31T06:00:00Z,temperature_c,53.06,°C,2026-S1
EQ-COMP-396,2026-01-31T06:00:00Z,pressure_bar,6.12,bar,2026-S1
EQ-CONV-262,2026-01-31T06:00:00Z,current_a,104.822557,A,2026-S1
EQ-CONV-336,2026-01-31T06:00:00Z,current_a,22.78,A,2026-S1
EQ-FAN-003,2026-01-31T06:00:00Z,rpm,1441.13,rpm,2026-S1
EQ-FAN-284,2026-01-31T06:00:00Z,vibration_mm_s,2.67,mm/s,2026-S1
EQ-MIX-159,2026-01-31T06:00:00Z,current_a,28.44,A,2026-S1
EQ-MIX-159,2026-01-31T06:00:00Z,vibration_mm_s,3.54,mm/s,2026-S1
EQ-MIX-259,2026-01-31T06:00:00Z,current_a,19.66,A,2026-S1
EQ-OVEN-223,2026-01-31T06:00:00Z,temperature_c,63.79,°C,2026-S1
EQ-OVEN-386,2026-01-31T06:00:00Z,temperature_c,57.06,°C,2026-S1
EQ-STEAM-352,2026-01-31T06:00:00Z,pressure_bar,6.31,bar,2026-S1
EQ-STEAM-352,2026-01-31T06:00:00Z,temperature_c,52.91,°C,2026-S1
EQ-PUMP-001,2026-01-31T08:00:00Z,vibration_mm_s,2.70,mm/s,2026-S1
EQ-CAB-134,2026-01-31T12:00:00Z,temperature_c,50.97,°C,2026-S1
EQ-COMP-396,2026-01-31T12:00:00Z,pressure_bar,6.21,bar,2026-S1
EQ-CONV-262,2026-01-31T12:00:00Z,current_a,22.342134,A,2026-S1
EQ-CONV-336,2026-01-31T12:00:00Z,current_a,19.97,A,2026-S1
EQ-FAN-003,2026-01-31T12:00:00Z,rpm,1404.19,rpm,2026-S1
EQ-FAN-284,2026-01-31T12:00:00Z,vibration_mm_s,2.42,mm/s,2026-S1
EQ-MIX-159,2026-01-31T12:00:00Z,current_a,26.38,A,2026-S1
EQ-MIX-159,2026-01-31T12:00:00Z,vibration_mm_s,3.36,mm/s,2026-S1
EQ-MIX-259,2026-01-31T12:00:00Z,current_a,20.10,A,2026-S1
EQ-OVEN-223,2026-01-31T12:00:00Z,temperature_c,63.04,°C,2026-S1
EQ-OVEN-386,2026-01-31T12:00:00Z,temperature_c,66.50,°C,2026-S1
EQ-STEAM-352,2026-01-31T12:00:00Z,pressure_bar,6.50,bar,2026-S1
EQ-STEAM-352,2026-01-31T12:00:00Z,temperature_c,65.14,°C,2026-S1
EQ-PUMP-001,2026-01-31T14:00:00Z,vibration_mm_s,2.77,mm/s,2026-S1
EQ-CAB-134,2026-01-31T18:00:00Z,temperature_c,56.22,°C,2026-S1
EQ-COMP-396,2026-01-31T18:00:00Z,pressure_bar,5.76,bar,2026-S1
EQ-CONV-262,2026-01-31T18:00:00Z,current_a,58.870050,A,2026-S1
EQ-CONV-336,2026-01-31T18:00:00Z,current_a,22.52,A,2026-S1
EQ-FAN-003,2026-01-31T18:00:00Z,rpm,1370.60,rpm,2026-S1
EQ-FAN-284,2026-01-31T18:00:00Z,vibration_mm_s,2.36,mm/s,2026-S1
EQ-MIX-159,2026-01-31T18:00:00Z,current_a,26.84,A,2026-S1
EQ-MIX-159,2026-01-31T18:00:00Z,vibration_mm_s,3.55,mm/s,2026-S1
EQ-MIX-259,2026-01-31T18:00:00Z,current_a,23.41,A,2026-S1
EQ-OVEN-223,2026-01-31T18:00:00Z,temperature_c,56.36,°C,2026-S1
EQ-OVEN-386,2026-01-31T18:00:00Z,temperature_c,60.68,°C,2026-S1
EQ-STEAM-352,2026-01-31T18:00:00Z,pressure_bar,5.86,bar,2026-S1
EQ-STEAM-352,2026-01-31T18:00:00Z,temperature_c,62.79,°C,2026-S1
EQ-COMP-002,2026-02-01T00:00:00Z,temperature_c,62.38,°C,2026-S1
EQ-COMP-113,2026-02-01T00:00:00Z,temperature_c,64.69,°C,2026-S1
EQ-FAN-304,2026-02-01T00:00:00Z,rpm,1478.22,rpm,2026-S1
EQ-OVEN-001,2026-02-01T00:00:00Z,current_a,20.58,A,2026-S1
EQ-PUMP-001,2026-02-01T00:00:00Z,temperature_c,60.08,°C,2026-S1
EQ-ROBOT-358,2026-02-01T00:00:00Z,vibration_mm_s,2.87,mm/s,2026-S1
EQ-COMP-002,2026-02-01T06:00:00Z,temperature_c,59.60,°C,2026-S1
EQ-COMP-113,2026-02-01T06:00:00Z,temperature_c,66.10,°C,2026-S1
EQ-FAN-304,2026-02-01T06:00:00Z,rpm,1496.74,rpm,2026-S1
EQ-OVEN-001,2026-02-01T06:00:00Z,current_a,22.19,A,2026-S1
EQ-PUMP-001,2026-02-01T06:00:00Z,temperature_c,60.69,°C,2026-S1
EQ-ROBOT-358,2026-02-01T06:00:00Z,vibration_mm_s,2.72,mm/s,2026-S1
EQ-COMP-002,2026-02-01T12:00:00Z,temperature_c,54.80,°C,2026-S1
EQ-COMP-113,2026-02-01T12:00:00Z,temperature_c,58.43,°C,2026-S1
EQ-FAN-304,2026-02-01T12:00:00Z,rpm,1542.69,rpm,2026-S1
EQ-OVEN-001,2026-02-01T12:00:00Z,current_a,21.87,A,2026-S1
EQ-PUMP-001,2026-02-01T12:00:00Z,temperature_c,56.48,°C,2026-S1
EQ-ROBOT-358,2026-02-01T12:00:00Z,vibration_mm_s,2.43,mm/s,2026-S1
EQ-COMP-002,2026-02-01T18:00:00Z,temperature_c,55.54,°C,2026-S1
EQ-COMP-113,2026-02-01T18:00:00Z,temperature_c,61.31,°C,2026-S1
EQ-FAN-304,2026-02-01T18:00:00Z,rpm,1566.57,rpm,2026-S1
EQ-OVEN-001,2026-02-01T18:00:00Z,current_a,25.81,A,2026-S1
EQ-PUMP-001,2026-02-01T18:00:00Z,temperature_c,53.54,°C,2026-S1
EQ-ROBOT-358,2026-02-01T18:00:00Z,vibration_mm_s,2.95,mm/s,2026-S1
EQ-COMP-002,2026-02-02T00:00:00Z,temperature_c,60.42,°C,2026-S1
EQ-COMP-113,2026-02-02T00:00:00Z,temperature_c,65.84,°C,2026-S1
EQ-FAN-304,2026-02-02T00:00:00Z,rpm,1523.91,rpm,2026-S1
EQ-OVEN-001,2026-02-02T00:00:00Z,current_a,22.44,A,2026-S1
EQ-PUMP-001,2026-02-02T00:00:00Z,temperature_c,59.91,°C,2026-S1
EQ-ROBOT-358,2026-02-02T00:00:00Z,vibration_mm_s,2.94,mm/s,2026-S1
EQ-COMP-002,2026-02-02T06:00:00Z,temperature_c,61.33,°C,2026-S1
EQ-COMP-113,2026-02-02T06:00:00Z,temperature_c,65.41,°C,2026-S1
EQ-FAN-304,2026-02-02T06:00:00Z,rpm,1497.92,rpm,2026-S1
EQ-OVEN-001,2026-02-02T06:00:00Z,current_a,27.03,A,2026-S1
EQ-PUMP-001,2026-02-02T06:00:00Z,temperature_c,61.95,°C,2026-S1
EQ-ROBOT-358,2026-02-02T06:00:00Z,vibration_mm_s,3.29,mm/s,2026-S1
EQ-COMP-002,2026-02-02T12:00:00Z,temperature_c,57.65,°C,2026-S1
EQ-COMP-113,2026-02-02T12:00:00Z,temperature_c,57.39,°C,2026-S1
EQ-FAN-304,2026-02-02T12:00:00Z,rpm,1565.60,rpm,2026-S1
EQ-OVEN-001,2026-02-02T12:00:00Z,current_a,22.17,A,2026-S1
EQ-PUMP-001,2026-02-02T12:00:00Z,temperature_c,57.31,°C,2026-S1
EQ-ROBOT-358,2026-02-02T12:00:00Z,vibration_mm_s,2.99,mm/s,2026-S1
EQ-COMP-002,2026-02-02T18:00:00Z,temperature_c,57.32,°C,2026-S1
EQ-COMP-113,2026-02-02T18:00:00Z,temperature_c,58.59,°C,2026-S1
EQ-FAN-304,2026-02-02T18:00:00Z,rpm,1567.71,rpm,2026-S1
EQ-OVEN-001,2026-02-02T18:00:00Z,current_a,24.53,A,2026-S1
EQ-PUMP-001,2026-02-02T18:00:00Z,temperature_c,53.33,°C,2026-S1
EQ-ROBOT-358,2026-02-02T18:00:00Z,vibration_mm_s,2.43,mm/s,2026-S1
EQ-COMP-002,2026-02-03T00:00:00Z,temperature_c,65.31,°C,2026-S1
EQ-COMP-113,2026-02-03T00:00:00Z,temperature_c,67.53,°C,2026-S1
EQ-FAN-304,2026-02-03T00:00:00Z,rpm,1500.19,rpm,2026-S1
EQ-OVEN-001,2026-02-03T00:00:00Z,current_a,24.95,A,2026-S1
EQ-PUMP-001,2026-02-03T00:00:00Z,temperature_c,61.79,°C,2026-S1
EQ-ROBOT-358,2026-02-03T00:00:00Z,vibration_mm_s,2.51,mm/s,2026-S1
EQ-COMP-002,2026-02-03T06:00:00Z,temperature_c,63.39,°C,2026-S1
EQ-COMP-113,2026-02-03T06:00:00Z,temperature_c,67.11,°C,2026-S1
EQ-FAN-304,2026-02-03T06:00:00Z,rpm,1508.20,rpm,2026-S1
EQ-OVEN-001,2026-02-03T06:00:00Z,current_a,25.66,A,2026-S1
EQ-PUMP-001,2026-02-03T06:00:00Z,temperature_c,64.27,°C,2026-S1
EQ-ROBOT-358,2026-02-03T06:00:00Z,vibration_mm_s,3.28,mm/s,2026-S1
EQ-COMP-002,2026-02-03T12:00:00Z,temperature_c,58.08,°C,2026-S1
EQ-COMP-113,2026-02-03T12:00:00Z,temperature_c,62.92,°C,2026-S1
EQ-FAN-304,2026-02-03T12:00:00Z,rpm,1588.49,rpm,2026-S1
EQ-OVEN-001,2026-02-03T12:00:00Z,current_a,24.17,A,2026-S1
EQ-PUMP-001,2026-02-03T12:00:00Z,temperature_c,55.38,°C,2026-S1
EQ-ROBOT-358,2026-02-03T12:00:00Z,vibration_mm_s,2.48,mm/s,2026-S1
EQ-COMP-002,2026-02-03T18:00:00Z,temperature_c,57.55,°C,2026-S1
EQ-COMP-113,2026-02-03T18:00:00Z,temperature_c,60.32,°C,2026-S1
EQ-FAN-304,2026-02-03T18:00:00Z,rpm,1550.46,rpm,2026-S1
EQ-OVEN-001,2026-02-03T18:00:00Z,current_a,22.18,A,2026-S1
EQ-PUMP-001,2026-02-03T18:00:00Z,temperature_c,55.23,°C,2026-S1
EQ-ROBOT-358,2026-02-03T18:00:00Z,vibration_mm_s,2.75,mm/s,2026-S1
EQ-COMP-002,2026-02-04T00:00:00Z,temperature_c,64.49,°C,2026-S1
EQ-COMP-113,2026-02-04T00:00:00Z,temperature_c,65.53,°C,2026-S1
EQ-FAN-304,2026-02-04T00:00:00Z,rpm,1471.86,rpm,2026-S1
EQ-OVEN-001,2026-02-04T00:00:00Z,current_a,25.84,A,2026-S1
EQ-PUMP-001,2026-02-04T00:00:00Z,temperature_c,62.83,°C,2026-S1
EQ-ROBOT-358,2026-02-04T00:00:00Z,vibration_mm_s,2.92,mm/s,2026-S1
EQ-COMP-002,2026-02-04T06:00:00Z,temperature_c,62.53,°C,2026-S1
EQ-COMP-113,2026-02-04T06:00:00Z,temperature_c,66.49,°C,2026-S1
EQ-FAN-304,2026-02-04T06:00:00Z,rpm,1513.92,rpm,2026-S1
EQ-OVEN-001,2026-02-04T06:00:00Z,current_a,27.03,A,2026-S1
EQ-PUMP-001,2026-02-04T06:00:00Z,temperature_c,62.74,°C,2026-S1
EQ-ROBOT-358,2026-02-04T06:00:00Z,vibration_mm_s,3.26,mm/s,2026-S1
EQ-COMP-002,2026-02-04T12:00:00Z,temperature_c,57.82,°C,2026-S1
EQ-COMP-113,2026-02-04T12:00:00Z,temperature_c,58.52,°C,2026-S1
EQ-FAN-304,2026-02-04T12:00:00Z,rpm,1567.44,rpm,2026-S1
EQ-OVEN-001,2026-02-04T12:00:00Z,current_a,24.92,A,2026-S1
EQ-PUMP-001,2026-02-04T12:00:00Z,temperature_c,56.65,°C,2026-S1
EQ-ROBOT-358,2026-02-04T12:00:00Z,vibration_mm_s,2.61,mm/s,2026-S1
EQ-COMP-002,2026-02-04T18:00:00Z,temperature_c,58.02,°C,2026-S1
EQ-COMP-113,2026-02-04T18:00:00Z,temperature_c,60.19,°C,2026-S1
EQ-FAN-304,2026-02-04T18:00:00Z,rpm,1597.60,rpm,2026-S1
EQ-OVEN-001,2026-02-04T18:00:00Z,current_a,26.77,A,2026-S1
EQ-PUMP-001,2026-02-04T18:00:00Z,temperature_c,55.98,°C,2026-S1
EQ-ROBOT-358,2026-02-04T18:00:00Z,vibration_mm_s,2.29,mm/s,2026-S1
EQ-COMP-002,2026-02-05T00:00:00Z,temperature_c,63.37,°C,2026-S1
EQ-COMP-113,2026-02-05T00:00:00Z,temperature_c,64.12,°C,2026-S1
EQ-FAN-304,2026-02-05T00:00:00Z,rpm,1513.10,rpm,2026-S1
EQ-OVEN-001,2026-02-05T00:00:00Z,current_a,21.07,A,2026-S1
EQ-PUMP-001,2026-02-05T00:00:00Z,temperature_c,59.91,°C,2026-S1
EQ-ROBOT-358,2026-02-05T00:00:00Z,vibration_mm_s,2.90,mm/s,2026-S1
EQ-COMP-002,2026-02-05T06:00:00Z,temperature_c,62.49,°C,2026-S1
EQ-COMP-113,2026-02-05T06:00:00Z,temperature_c,62.64,°C,2026-S1
EQ-FAN-304,2026-02-05T06:00:00Z,rpm,1517.71,rpm,2026-S1
EQ-OVEN-001,2026-02-05T06:00:00Z,current_a,25.88,A,2026-S1
EQ-PUMP-001,2026-02-05T06:00:00Z,temperature_c,62.99,°C,2026-S1
EQ-ROBOT-358,2026-02-05T06:00:00Z,vibration_mm_s,3.18,mm/s,2026-S1
EQ-COMP-002,2026-02-05T12:00:00Z,temperature_c,53.97,°C,2026-S1
EQ-COMP-113,2026-02-05T12:00:00Z,temperature_c,57.07,°C,2026-S1
EQ-FAN-304,2026-02-05T12:00:00Z,rpm,1575.67,rpm,2026-S1
EQ-OVEN-001,2026-02-05T12:00:00Z,current_a,24.55,A,2026-S1
EQ-PUMP-001,2026-02-05T12:00:00Z,temperature_c,57.83,°C,2026-S1
EQ-ROBOT-358,2026-02-05T12:00:00Z,vibration_mm_s,2.73,mm/s,2026-S1
EQ-COMP-002,2026-02-05T18:00:00Z,temperature_c,55.56,°C,2026-S1
EQ-COMP-113,2026-02-05T18:00:00Z,temperature_c,58.52,°C,2026-S1
EQ-FAN-304,2026-02-05T18:00:00Z,rpm,1584.64,rpm,2026-S1
EQ-OVEN-001,2026-02-05T18:00:00Z,current_a,26.67,A,2026-S1
EQ-PUMP-001,2026-02-05T18:00:00Z,temperature_c,57.11,°C,2026-S1
EQ-ROBOT-358,2026-02-05T18:00:00Z,vibration_mm_s,2.59,mm/s,2026-S1
EQ-COMP-002,2026-02-06T00:00:00Z,temperature_c,61.33,°C,2026-S1
EQ-COMP-113,2026-02-06T00:00:00Z,temperature_c,62.80,°C,2026-S1
EQ-FAN-304,2026-02-06T00:00:00Z,rpm,1519.09,rpm,2026-S1
EQ-OVEN-001,2026-02-06T00:00:00Z,current_a,23.89,A,2026-S1
EQ-PUMP-001,2026-02-06T00:00:00Z,temperature_c,61.64,°C,2026-S1
EQ-ROBOT-358,2026-02-06T00:00:00Z,vibration_mm_s,3.01,mm/s,2026-S1
EQ-COMP-002,2026-02-06T06:00:00Z,temperature_c,61.89,°C,2026-S1
EQ-COMP-113,2026-02-06T06:00:00Z,temperature_c,64.91,°C,2026-S1
EQ-FAN-304,2026-02-06T06:00:00Z,rpm,1470.83,rpm,2026-S1
EQ-OVEN-001,2026-02-06T06:00:00Z,current_a,21.71,A,2026-S1
EQ-PUMP-001,2026-02-06T06:00:00Z,temperature_c,61.58,°C,2026-S1
EQ-ROBOT-358,2026-02-06T06:00:00Z,vibration_mm_s,3.36,mm/s,2026-S1
EQ-COMP-002,2026-02-06T12:00:00Z,temperature_c,55.26,°C,2026-S1
EQ-COMP-113,2026-02-06T12:00:00Z,temperature_c,56.18,°C,2026-S1
EQ-FAN-304,2026-02-06T12:00:00Z,rpm,1557.21,rpm,2026-S1
EQ-OVEN-001,2026-02-06T12:00:00Z,current_a,26.06,A,2026-S1
EQ-PUMP-001,2026-02-06T12:00:00Z,temperature_c,56.32,°C,2026-S1
EQ-ROBOT-358,2026-02-06T12:00:00Z,vibration_mm_s,2.77,mm/s,2026-S1
EQ-COMP-002,2026-02-06T18:00:00Z,temperature_c,57.24,°C,2026-S1
EQ-COMP-113,2026-02-06T18:00:00Z,temperature_c,57.39,°C,2026-S1
EQ-FAN-304,2026-02-06T18:00:00Z,rpm,1591.11,rpm,2026-S1
EQ-OVEN-001,2026-02-06T18:00:00Z,current_a,25.39,A,2026-S1
EQ-PUMP-001,2026-02-06T18:00:00Z,temperature_c,53.36,°C,2026-S1
EQ-ROBOT-358,2026-02-06T18:00:00Z,vibration_mm_s,3.02,mm/s,2026-S1
EQ-COMP-002,2026-02-07T00:00:00Z,temperature_c,61.52,°C,2026-S1
EQ-COMP-113,2026-02-07T00:00:00Z,temperature_c,66.35,°C,2026-S1
EQ-FAN-304,2026-02-07T00:00:00Z,rpm,1463.67,rpm,2026-S1
EQ-OVEN-001,2026-02-07T00:00:00Z,current_a,25.70,A,2026-S1
EQ-PUMP-001,2026-02-07T00:00:00Z,temperature_c,56.47,°C,2026-S1
EQ-ROBOT-358,2026-02-07T00:00:00Z,vibration_mm_s,2.97,mm/s,2026-S1
EQ-COMP-002,2026-02-07T06:00:00Z,temperature_c,58.04,°C,2026-S1
EQ-COMP-113,2026-02-07T06:00:00Z,temperature_c,63.59,°C,2026-S1
EQ-FAN-304,2026-02-07T06:00:00Z,rpm,1475.42,rpm,2026-S1
EQ-OVEN-001,2026-02-07T06:00:00Z,current_a,23.27,A,2026-S1
EQ-PUMP-001,2026-02-07T06:00:00Z,temperature_c,61.84,°C,2026-S1
EQ-ROBOT-358,2026-02-07T06:00:00Z,vibration_mm_s,2.99,mm/s,2026-S1
EQ-COMP-002,2026-02-07T12:00:00Z,temperature_c,53.93,°C,2026-S1
EQ-COMP-113,2026-02-07T12:00:00Z,temperature_c,59.34,°C,2026-S1
EQ-FAN-304,2026-02-07T12:00:00Z,rpm,1552.91,rpm,2026-S1
EQ-OVEN-001,2026-02-07T12:00:00Z,current_a,21.84,A,2026-S1
EQ-PUMP-001,2026-02-07T12:00:00Z,temperature_c,57.62,°C,2026-S1
EQ-ROBOT-358,2026-02-07T12:00:00Z,vibration_mm_s,2.84,mm/s,2026-S1
EQ-COMP-002,2026-02-07T18:00:00Z,temperature_c,57.19,°C,2026-S1
EQ-COMP-113,2026-02-07T18:00:00Z,temperature_c,60.68,°C,2026-S1
EQ-FAN-304,2026-02-07T18:00:00Z,rpm,1541.82,rpm,2026-S1
EQ-OVEN-001,2026-02-07T18:00:00Z,current_a,25.16,A,2026-S1
EQ-PUMP-001,2026-02-07T18:00:00Z,temperature_c,52.87,°C,2026-S1
EQ-ROBOT-358,2026-02-07T18:00:00Z,vibration_mm_s,2.34,mm/s,2026-S1
EQ-COMP-002,2026-02-08T00:00:00Z,temperature_c,64.15,°C,2026-S1
EQ-COMP-113,2026-02-08T00:00:00Z,temperature_c,67.89,°C,2026-S1
EQ-FAN-304,2026-02-08T00:00:00Z,rpm,1484.87,rpm,2026-S1
EQ-OVEN-001,2026-02-08T00:00:00Z,current_a,22.19,A,2026-S1
EQ-PUMP-001,2026-02-08T00:00:00Z,temperature_c,57.54,°C,2026-S1
EQ-ROBOT-358,2026-02-08T00:00:00Z,vibration_mm_s,2.98,mm/s,2026-S1
EQ-COMP-002,2026-02-08T06:00:00Z,temperature_c,62.13,°C,2026-S1
EQ-COMP-113,2026-02-08T06:00:00Z,temperature_c,63.20,°C,2026-S1
EQ-FAN-304,2026-02-08T06:00:00Z,rpm,1487.15,rpm,2026-S1
EQ-OVEN-001,2026-02-08T06:00:00Z,current_a,21.02,A,2026-S1
EQ-PUMP-001,2026-02-08T06:00:00Z,temperature_c,61.46,°C,2026-S1
EQ-ROBOT-358,2026-02-08T06:00:00Z,vibration_mm_s,2.92,mm/s,2026-S1
EQ-CAB-134,2026-02-08T12:00:00Z,temperature_c,56.07,°C,2026-S1
EQ-CHILL-115,2026-02-08T12:00:00Z,temperature_c,60.54,°C,2026-S1
EQ-CONV-336,2026-02-08T12:00:00Z,current_a,20.07,A,2026-S1
EQ-FAN-003,2026-02-08T12:00:00Z,rpm,1409.62,Hz,2026-S1
EQ-FAN-204,2026-02-08T12:00:00Z,vibration_mm_s,3.10,mm/s,2026-S1
EQ-CAB-134,2026-02-08T18:00:00Z,temperature_c,56.60,°C,2026-S1
EQ-CHILL-115,2026-02-08T18:00:00Z,temperature_c,53.86,°C,2026-S1
EQ-CONV-336,2026-02-08T18:00:00Z,current_a,22.16,A,2026-S1
EQ-FAN-003,2026-02-08T18:00:00Z,rpm,1356.77,Hz,2026-S1
EQ-FAN-204,2026-02-08T18:00:00Z,vibration_mm_s,2.64,mm/s,2026-S1
EQ-CAB-134,2026-02-09T00:00:00Z,temperature_c,60.97,°C,2026-S1
EQ-CHILL-115,2026-02-09T00:00:00Z,temperature_c,56.12,°C,2026-S1
EQ-CONV-336,2026-02-09T00:00:00Z,current_a,26.34,A,2026-S1
EQ-FAN-003,2026-02-09T00:00:00Z,rpm,1443.37,Hz,2026-S1
EQ-FAN-204,2026-02-09T00:00:00Z,vibration_mm_s,2.56,mm/s,2026-S1
EQ-CAB-134,2026-02-09T06:00:00Z,temperature_c,54.97,°C,2026-S1
EQ-CHILL-115,2026-02-09T06:00:00Z,temperature_c,65.87,°C,2026-S1
EQ-CONV-336,2026-02-09T06:00:00Z,current_a,22.99,A,2026-S1
EQ-FAN-003,2026-02-09T06:00:00Z,rpm,1481.11,Hz,2026-S1
EQ-FAN-204,2026-02-09T06:00:00Z,vibration_mm_s,2.75,mm/s,2026-S1
EQ-CAB-134,2026-02-09T12:00:00Z,temperature_c,59.53,°C,2026-S1
EQ-CHILL-115,2026-02-09T12:00:00Z,temperature_c,65.44,°C,2026-S1
EQ-CONV-336,2026-02-09T12:00:00Z,current_a,20.58,A,2026-S1
EQ-FAN-003,2026-02-09T12:00:00Z,rpm,1394.13,Hz,2026-S1
EQ-FAN-204,2026-02-09T12:00:00Z,vibration_mm_s,3.15,mm/s,2026-S1
EQ-CAB-134,2026-02-09T18:00:00Z,temperature_c,59.18,°C,2026-S1
EQ-CHILL-115,2026-02-09T18:00:00Z,temperature_c,57.80,°C,2026-S1
EQ-CONV-336,2026-02-09T18:00:00Z,current_a,22.16,A,2026-S1
EQ-FAN-003,2026-02-09T18:00:00Z,rpm,1379.38,Hz,2026-S1
EQ-FAN-204,2026-02-09T18:00:00Z,vibration_mm_s,2.87,mm/s,2026-S1
EQ-CAB-134,2026-02-10T00:00:00Z,temperature_c,57.88,°C,2026-S1
EQ-CHILL-115,2026-02-10T00:00:00Z,temperature_c,57.16,°C,2026-S1
EQ-CONV-336,2026-02-10T00:00:00Z,current_a,25.20,A,2026-S1
EQ-FAN-003,2026-02-10T00:00:00Z,rpm,1426.50,Hz,2026-S1
EQ-FAN-204,2026-02-10T00:00:00Z,vibration_mm_s,2.54,mm/s,2026-S1
EQ-CAB-134,2026-02-10T06:00:00Z,temperature_c,51.48,°C,2026-S1
EQ-CHILL-115,2026-02-10T06:00:00Z,temperature_c,63.76,°C,2026-S1
EQ-CONV-336,2026-02-10T06:00:00Z,current_a,23.35,A,2026-S1
EQ-FAN-003,2026-02-10T06:00:00Z,rpm,1474.35,Hz,2026-S1
EQ-FAN-204,2026-02-10T06:00:00Z,vibration_mm_s,2.87,mm/s,2026-S1
EQ-CAB-134,2026-02-10T12:00:00Z,temperature_c,51.76,°C,2026-S1
EQ-CHILL-115,2026-02-10T12:00:00Z,temperature_c,61.89,°C,2026-S1
EQ-CONV-336,2026-02-10T12:00:00Z,current_a,20.60,A,2026-S1
EQ-FAN-003,2026-02-10T12:00:00Z,rpm,1410.72,Hz,2026-S1
EQ-FAN-204,2026-02-10T12:00:00Z,vibration_mm_s,3.50,mm/s,2026-S1
EQ-CAB-134,2026-02-10T18:00:00Z,temperature_c,47.52,°C,2026-S1
EQ-CHILL-115,2026-02-10T18:00:00Z,temperature_c,55.58,°C,2026-S1
EQ-CONV-336,2026-02-10T18:00:00Z,current_a,22.26,A,2026-S1
EQ-FAN-003,2026-02-10T18:00:00Z,rpm,1346.05,Hz,2026-S1
EQ-FAN-204,2026-02-10T18:00:00Z,vibration_mm_s,2.91,mm/s,2026-S1
EQ-CAB-134,2026-02-11T00:00:00Z,temperature_c,55.66,°C,2026-S1
EQ-CHILL-115,2026-02-11T00:00:00Z,temperature_c,55.23,°C,2026-S1
EQ-CONV-336,2026-02-11T00:00:00Z,current_a,25.13,A,2026-S1
EQ-FAN-003,2026-02-11T00:00:00Z,rpm,1461.57,Hz,2026-S1
EQ-FAN-204,2026-02-11T00:00:00Z,vibration_mm_s,2.49,mm/s,2026-S1
EQ-CAB-134,2026-02-11T06:00:00Z,temperature_c,52.50,°C,2026-S1
EQ-CHILL-115,2026-02-11T06:00:00Z,temperature_c,64.66,°C,2026-S1
EQ-CONV-336,2026-02-11T06:00:00Z,current_a,22.77,A,2026-S1
EQ-FAN-003,2026-02-11T06:00:00Z,rpm,1467.04,Hz,2026-S1
EQ-FAN-204,2026-02-11T06:00:00Z,vibration_mm_s,2.84,mm/s,2026-S1
EQ-CAB-134,2026-02-11T12:00:00Z,temperature_c,55.43,°C,2026-S1
EQ-CHILL-115,2026-02-11T12:00:00Z,temperature_c,60.31,°C,2026-S1
EQ-CONV-336,2026-02-11T12:00:00Z,current_a,20.11,A,2026-S1
EQ-FAN-003,2026-02-11T12:00:00Z,rpm,1394.87,Hz,2026-S1
EQ-FAN-204,2026-02-11T12:00:00Z,vibration_mm_s,3.44,mm/s,2026-S1
EQ-CAB-134,2026-02-11T18:00:00Z,temperature_c,59.26,°C,2026-S1
EQ-CHILL-115,2026-02-11T18:00:00Z,temperature_c,57.69,°C,2026-S1
EQ-CONV-336,2026-02-11T18:00:00Z,current_a,23.80,A,2026-S1
EQ-FAN-003,2026-02-11T18:00:00Z,rpm,1387.30,Hz,2026-S1
EQ-FAN-204,2026-02-11T18:00:00Z,vibration_mm_s,3.05,mm/s,2026-S1
EQ-CAB-134,2026-02-12T00:00:00Z,temperature_c,56.73,°C,2026-S1
EQ-CHILL-115,2026-02-12T00:00:00Z,temperature_c,58.81,°C,2026-S1
EQ-CONV-336,2026-02-12T00:00:00Z,current_a,24.17,A,2026-S1
EQ-FAN-003,2026-02-12T00:00:00Z,rpm,1429.30,Hz,2026-S1
EQ-FAN-204,2026-02-12T00:00:00Z,vibration_mm_s,2.02,mm/s,2026-S1
EQ-CAB-134,2026-02-12T06:00:00Z,temperature_c,49.61,°C,2026-S1
EQ-CHILL-115,2026-02-12T06:00:00Z,temperature_c,62.25,°C,2026-S1
EQ-CONV-336,2026-02-12T06:00:00Z,current_a,22.52,A,2026-S1
EQ-FAN-003,2026-02-12T06:00:00Z,rpm,1464.03,Hz,2026-S1
EQ-FAN-204,2026-02-12T06:00:00Z,vibration_mm_s,2.80,mm/s,2026-S1
EQ-CAB-134,2026-02-12T12:00:00Z,temperature_c,55.15,°C,2026-S1
EQ-CHILL-115,2026-02-12T12:00:00Z,temperature_c,62.88,°C,2026-S1
EQ-CONV-336,2026-02-12T12:00:00Z,current_a,20.91,A,2026-S1
EQ-FAN-003,2026-02-12T12:00:00Z,rpm,1415.18,Hz,2026-S1
EQ-FAN-204,2026-02-12T12:00:00Z,vibration_mm_s,3.22,mm/s,2026-S1
EQ-CAB-134,2026-02-12T18:00:00Z,temperature_c,48.57,°C,2026-S1
EQ-CHILL-115,2026-02-12T18:00:00Z,temperature_c,55.85,°C,2026-S1
EQ-CONV-336,2026-02-12T18:00:00Z,current_a,22.87,A,2026-S1
EQ-FAN-003,2026-02-12T18:00:00Z,rpm,1359.06,Hz,2026-S1
EQ-FAN-204,2026-02-12T18:00:00Z,vibration_mm_s,3.13,mm/s,2026-S1
EQ-CAB-134,2026-02-13T00:00:00Z,temperature_c,58.26,°C,2026-S1
EQ-CHILL-115,2026-02-13T00:00:00Z,temperature_c,57.61,°C,2026-S1
EQ-CONV-336,2026-02-13T00:00:00Z,current_a,26.25,A,2026-S1
EQ-FAN-003,2026-02-13T00:00:00Z,rpm,1453.22,Hz,2026-S1
EQ-FAN-204,2026-02-13T00:00:00Z,vibration_mm_s,2.22,mm/s,2026-S1
EQ-CAB-134,2026-02-13T06:00:00Z,temperature_c,50.31,°C,2026-S1
EQ-CHILL-115,2026-02-13T06:00:00Z,temperature_c,63.68,°C,2026-S1
EQ-CONV-336,2026-02-13T06:00:00Z,current_a,24.28,A,2026-S1
EQ-FAN-003,2026-02-13T06:00:00Z,rpm,1459.10,Hz,2026-S1
EQ-FAN-204,2026-02-13T06:00:00Z,vibration_mm_s,2.53,mm/s,2026-S1
EQ-CAB-134,2026-02-13T12:00:00Z,temperature_c,50.56,°C,2026-S1
EQ-CHILL-115,2026-02-13T12:00:00Z,temperature_c,63.85,°C,2026-S1
EQ-CONV-336,2026-02-13T12:00:00Z,current_a,20.89,A,2026-S1
EQ-FAN-003,2026-02-13T12:00:00Z,rpm,1430.07,Hz,2026-S1
EQ-FAN-204,2026-02-13T12:00:00Z,vibration_mm_s,3.21,mm/s,2026-S1
EQ-CAB-134,2026-02-13T18:00:00Z,temperature_c,60.33,°C,2026-S1
EQ-CHILL-115,2026-02-13T18:00:00Z,temperature_c,58.79,°C,2026-S1
EQ-CONV-336,2026-02-13T18:00:00Z,current_a,22.10,A,2026-S1
EQ-FAN-003,2026-02-13T18:00:00Z,rpm,1387.58,Hz,2026-S1
EQ-FAN-204,2026-02-13T18:00:00Z,vibration_mm_s,2.70,mm/s,2026-S1
EQ-CAB-134,2026-02-14T00:00:00Z,temperature_c,59.18,°C,2026-S1
EQ-CHILL-115,2026-02-14T00:00:00Z,temperature_c,54.68,°C,2026-S1
EQ-CONV-336,2026-02-14T00:00:00Z,current_a,24.01,A,2026-S1
EQ-FAN-003,2026-02-14T00:00:00Z,rpm,1450.23,Hz,2026-S1
EQ-FAN-204,2026-02-14T00:00:00Z,vibration_mm_s,2.50,mm/s,2026-S1
EQ-CAB-134,2026-02-14T06:00:00Z,temperature_c,52.07,°C,2026-S1
EQ-CHILL-115,2026-02-14T06:00:00Z,temperature_c,62.73,°C,2026-S1
EQ-CONV-336,2026-02-14T06:00:00Z,current_a,22.11,A,2026-S1
EQ-FAN-003,2026-02-14T06:00:00Z,rpm,1458.00,Hz,2026-S1
EQ-FAN-204,2026-02-14T06:00:00Z,vibration_mm_s,2.68,mm/s,2026-S1
EQ-CAB-134,2026-02-14T12:00:00Z,temperature_c,54.88,°C,2026-S1
EQ-CHILL-115,2026-02-14T12:00:00Z,temperature_c,58.17,°C,2026-S1
EQ-CONV-336,2026-02-14T12:00:00Z,current_a,19.59,A,2026-S1
EQ-FAN-003,2026-02-14T12:00:00Z,rpm,1363.23,Hz,2026-S1
EQ-FAN-204,2026-02-14T12:00:00Z,vibration_mm_s,3.10,mm/s,2026-S1
EQ-CAB-134,2026-02-14T18:00:00Z,temperature_c,59.90,°C,2026-S1
EQ-CHILL-115,2026-02-14T18:00:00Z,temperature_c,56.34,°C,2026-S1
EQ-CONV-336,2026-02-14T18:00:00Z,current_a,23.60,A,2026-S1
EQ-FAN-003,2026-02-14T18:00:00Z,rpm,1398.84,Hz,2026-S1
EQ-FAN-204,2026-02-14T18:00:00Z,vibration_mm_s,2.85,mm/s,2026-S1
EQ-CAB-134,2026-02-15T00:00:00Z,temperature_c,54.83,°C,2026-S1
EQ-CHILL-115,2026-02-15T00:00:00Z,temperature_c,56.03,°C,2026-S1
EQ-CONV-336,2026-02-15T00:00:00Z,current_a,24.00,A,2026-S1
EQ-FAN-003,2026-02-15T00:00:00Z,rpm,1404.58,Hz,2026-S1
EQ-FAN-204,2026-02-15T00:00:00Z,vibration_mm_s,2.76,mm/s,2026-S1
EQ-CAB-134,2026-02-15T06:00:00Z,temperature_c,49.50,°C,2026-S1
EQ-CHILL-115,2026-02-15T06:00:00Z,temperature_c,62.11,°C,2026-S1
EQ-CONV-336,2026-02-15T06:00:00Z,current_a,23.60,A,2026-S1
EQ-FAN-003,2026-02-15T06:00:00Z,rpm,1455.52,Hz,2026-S1
EQ-FAN-204,2026-02-15T06:00:00Z,vibration_mm_s,3.78,mm/s,2026-S1
EQ-CAB-134,2026-02-15T12:00:00Z,temperature_c,59.54,°C,2026-S1
EQ-CHILL-115,2026-02-15T12:00:00Z,temperature_c,59.11,°C,2026-S1
EQ-CONV-336,2026-02-15T12:00:00Z,current_a,18.37,A,2026-S1
EQ-FAN-003,2026-02-15T12:00:00Z,rpm,1388.76,Hz,2026-S1
EQ-FAN-204,2026-02-15T12:00:00Z,vibration_mm_s,4.16,mm/s,2026-S1
EQ-CAB-134,2026-02-15T18:00:00Z,temperature_c,52.75,°C,2026-S1
EQ-CHILL-115,2026-02-15T18:00:00Z,temperature_c,53.57,°C,2026-S1
EQ-CONV-336,2026-02-15T18:00:00Z,current_a,21.04,A,2026-S1
EQ-FAN-003,2026-02-15T18:00:00Z,rpm,1345.19,Hz,2026-S1
EQ-FAN-204,2026-02-15T18:00:00Z,vibration_mm_s,3.86,mm/s,2026-S1
EQ-CHILL-115,2026-02-16T00:00:00Z,pressure_bar,7.23,bar,2026-S1
EQ-CONV-003,2026-02-16T00:00:00Z,current_a,18.37,A,2026-S1
EQ-CONV-336,2026-02-16T00:00:00Z,current_a,211.84,A,2026-S1
EQ-FAN-003,2026-02-16T00:00:00Z,vibration_mm_s,2.72,mm/s,2026-S1
EQ-FAN-204,2026-02-16T00:00:00Z,vibration_mm_s,2.40,mm/s,2026-S1
EQ-MIX-159,2026-02-16T00:00:00Z,vibration_mm_s,2.59,mm/s,2026-S1
EQ-OVEN-223,2026-02-16T00:00:00Z,temperature_c,56.66,°C,2026-S1
EQ-OVEN-366,2026-02-16T00:00:00Z,current_a,25.84,A,2026-S1
EQ-OVEN-386,2026-02-16T00:00:00Z,current_a,24.09,A,2026-S1
EQ-PUMP-006,2026-02-16T00:00:00Z,temperature_c,51.39,°C,2026-S1
EQ-CHILL-115,2026-02-16T06:00:00Z,pressure_bar,7.04,bar,2026-S1
EQ-CONV-003,2026-02-16T06:00:00Z,current_a,22.64,A,2026-S1
EQ-CONV-336,2026-02-16T06:00:00Z,current_a,272.54,A,2026-S1
EQ-FAN-003,2026-02-16T06:00:00Z,vibration_mm_s,2.20,mm/s,2026-S1
EQ-FAN-204,2026-02-16T06:00:00Z,vibration_mm_s,2.78,mm/s,2026-S1
EQ-MIX-159,2026-02-16T06:00:00Z,vibration_mm_s,3.05,mm/s,2026-S1
EQ-OVEN-223,2026-02-16T06:00:00Z,temperature_c,62.80,°C,2026-S1
EQ-OVEN-366,2026-02-16T06:00:00Z,current_a,25.32,A,2026-S1
EQ-OVEN-386,2026-02-16T06:00:00Z,current_a,24.71,A,2026-S1
EQ-PUMP-006,2026-02-16T06:00:00Z,temperature_c,59.90,°C,2026-S1
EQ-CHILL-115,2026-02-16T12:00:00Z,pressure_bar,6.89,bar,2026-S1
EQ-CONV-003,2026-02-16T12:00:00Z,current_a,25.04,A,2026-S1
EQ-CONV-336,2026-02-16T12:00:00Z,current_a,206.12,A,2026-S1
EQ-FAN-003,2026-02-16T12:00:00Z,vibration_mm_s,3.31,mm/s,2026-S1
EQ-FAN-204,2026-02-16T12:00:00Z,vibration_mm_s,3.57,mm/s,2026-S1
EQ-MIX-159,2026-02-16T12:00:00Z,vibration_mm_s,3.07,mm/s,2026-S1
EQ-OVEN-223,2026-02-16T12:00:00Z,temperature_c,65.37,°C,2026-S1
EQ-OVEN-366,2026-02-16T12:00:00Z,current_a,23.01,A,2026-S1
EQ-OVEN-386,2026-02-16T12:00:00Z,current_a,21.26,A,2026-S1
EQ-PUMP-006,2026-02-16T12:00:00Z,temperature_c,59.58,°C,2026-S1
EQ-CHILL-115,2026-02-16T18:00:00Z,pressure_bar,7.22,bar,2026-S1
EQ-CONV-003,2026-02-16T18:00:00Z,current_a,20.74,A,2026-S1
EQ-CONV-336,2026-02-16T18:00:00Z,current_a,197.32,A,2026-S1
EQ-FAN-003,2026-02-16T18:00:00Z,vibration_mm_s,2.94,mm/s,2026-S1
EQ-FAN-204,2026-02-16T18:00:00Z,vibration_mm_s,2.68,mm/s,2026-S1
EQ-MIX-159,2026-02-16T18:00:00Z,vibration_mm_s,2.83,mm/s,2026-S1
EQ-OVEN-223,2026-02-16T18:00:00Z,temperature_c,58.91,°C,2026-S1
EQ-OVEN-366,2026-02-16T18:00:00Z,current_a,20.78,A,2026-S1
EQ-OVEN-386,2026-02-16T18:00:00Z,current_a,22.26,A,2026-S1
EQ-PUMP-006,2026-02-16T18:00:00Z,temperature_c,51.55,°C,2026-S1
EQ-CHILL-115,2026-02-17T00:00:00Z,pressure_bar,7.60,bar,2026-S1
EQ-CONV-003,2026-02-17T00:00:00Z,current_a,19.94,A,2026-S1
EQ-CONV-336,2026-02-17T00:00:00Z,current_a,174.14,A,2026-S1
EQ-FAN-003,2026-02-17T00:00:00Z,vibration_mm_s,2.29,mm/s,2026-S1
EQ-FAN-204,2026-02-17T00:00:00Z,vibration_mm_s,2.31,mm/s,2026-S1
EQ-MIX-159,2026-02-17T00:00:00Z,vibration_mm_s,2.41,mm/s,2026-S1
EQ-OVEN-223,2026-02-17T00:00:00Z,temperature_c,58.50,°C,2026-S1
EQ-OVEN-366,2026-02-17T00:00:00Z,current_a,25.17,A,2026-S1
EQ-OVEN-386,2026-02-17T00:00:00Z,current_a,24.02,A,2026-S1
EQ-PUMP-006,2026-02-17T00:00:00Z,temperature_c,52.29,°C,2026-S1
EQ-CHILL-115,2026-02-17T06:00:00Z,pressure_bar,6.88,bar,2026-S1
EQ-CONV-003,2026-02-17T06:00:00Z,current_a,23.08,A,2026-S1
EQ-CONV-336,2026-02-17T06:00:00Z,current_a,170.70,A,2026-S1
EQ-FAN-003,2026-02-17T06:00:00Z,vibration_mm_s,2.70,mm/s,2026-S1
EQ-FAN-204,2026-02-17T06:00:00Z,vibration_mm_s,2.77,mm/s,2026-S1
EQ-MIX-159,2026-02-17T06:00:00Z,vibration_mm_s,3.02,mm/s,2026-S1
EQ-OVEN-223,2026-02-17T06:00:00Z,temperature_c,63.57,°C,2026-S1
EQ-OVEN-366,2026-02-17T06:00:00Z,current_a,26.14,A,2026-S1
EQ-OVEN-386,2026-02-17T06:00:00Z,current_a,24.71,A,2026-S1
EQ-PUMP-006,2026-02-17T06:00:00Z,temperature_c,57.78,°C,2026-S1
EQ-CHILL-115,2026-02-17T12:00:00Z,pressure_bar,6.71,bar,2026-S1
EQ-CONV-003,2026-02-17T12:00:00Z,current_a,23.87,A,2026-S1
EQ-CONV-336,2026-02-17T12:00:00Z,current_a,178.25,A,2026-S1
EQ-FAN-003,2026-02-17T12:00:00Z,vibration_mm_s,3.13,mm/s,2026-S1
EQ-FAN-204,2026-02-17T12:00:00Z,vibration_mm_s,2.87,mm/s,2026-S1
EQ-MIX-159,2026-02-17T12:00:00Z,vibration_mm_s,2.98,mm/s,2026-S1
EQ-OVEN-223,2026-02-17T12:00:00Z,temperature_c,65.51,°C,2026-S1
EQ-OVEN-366,2026-02-17T12:00:00Z,current_a,22.58,A,2026-S1
EQ-OVEN-386,2026-02-17T12:00:00Z,current_a,21.95,A,2026-S1
EQ-PUMP-006,2026-02-17T12:00:00Z,temperature_c,55.91,°C,2026-S1
EQ-CHILL-115,2026-02-17T18:00:00Z,pressure_bar,6.72,bar,2026-S1
EQ-CONV-003,2026-02-17T18:00:00Z,current_a,22.16,A,2026-S1
EQ-CONV-336,2026-02-17T18:00:00Z,current_a,229.83,A,2026-S1
EQ-FAN-003,2026-02-17T18:00:00Z,vibration_mm_s,2.87,mm/s,2026-S1
EQ-FAN-204,2026-02-17T18:00:00Z,vibration_mm_s,2.78,mm/s,2026-S1
EQ-MIX-159,2026-02-17T18:00:00Z,vibration_mm_s,3.22,mm/s,2026-S1
EQ-OVEN-223,2026-02-17T18:00:00Z,temperature_c,59.12,°C,2026-S1
EQ-OVEN-366,2026-02-17T18:00:00Z,current_a,21.57,A,2026-S1
EQ-OVEN-386,2026-02-17T18:00:00Z,current_a,21.56,A,2026-S1
EQ-PUMP-006,2026-02-17T18:00:00Z,temperature_c,51.73,°C,2026-S1
EQ-CHILL-115,2026-02-18T00:00:00Z,pressure_bar,7.33,bar,2026-S1
EQ-CONV-003,2026-02-18T00:00:00Z,current_a,18.76,A,2026-S1
EQ-CONV-336,2026-02-18T00:00:00Z,current_a,205.06,A,2026-S1
EQ-FAN-003,2026-02-18T00:00:00Z,vibration_mm_s,2.45,mm/s,2026-S1
EQ-FAN-204,2026-02-18T00:00:00Z,vibration_mm_s,2.54,mm/s,2026-S1
EQ-MIX-159,2026-02-18T00:00:00Z,vibration_mm_s,3.33,mm/s,2026-S1
EQ-OVEN-223,2026-02-18T00:00:00Z,temperature_c,59.29,°C,2026-S1
EQ-OVEN-366,2026-02-18T00:00:00Z,current_a,26.01,A,2026-S1
EQ-OVEN-386,2026-02-18T00:00:00Z,current_a,24.75,A,2026-S1
EQ-PUMP-006,2026-02-18T00:00:00Z,temperature_c,53.56,°C,2026-S1
EQ-CHILL-115,2026-02-18T06:00:00Z,pressure_bar,6.99,bar,2026-S1
EQ-CONV-003,2026-02-18T06:00:00Z,current_a,20.98,A,2026-S1
EQ-CONV-336,2026-02-18T06:00:00Z,current_a,218.31,A,2026-S1
EQ-FAN-003,2026-02-18T06:00:00Z,vibration_mm_s,2.77,mm/s,2026-S1
EQ-FAN-204,2026-02-18T06:00:00Z,vibration_mm_s,2.95,mm/s,2026-S1
EQ-MIX-159,2026-02-18T06:00:00Z,vibration_mm_s,2.90,mm/s,2026-S1
EQ-OVEN-223,2026-02-18T06:00:00Z,temperature_c,64.94,°C,2026-S1
EQ-OVEN-366,2026-02-18T06:00:00Z,current_a,24.61,A,2026-S1
EQ-OVEN-386,2026-02-18T06:00:00Z,current_a,24.50,A,2026-S1
EQ-PUMP-006,2026-02-18T06:00:00Z,temperature_c,59.01,°C,2026-S1
EQ-CHILL-115,2026-02-18T12:00:00Z,pressure_bar,6.57,bar,2026-S1
EQ-CONV-003,2026-02-18T12:00:00Z,current_a,23.68,A,2026-S1
EQ-CONV-336,2026-02-18T12:00:00Z,current_a,214.62,A,2026-S1
EQ-FAN-003,2026-02-18T12:00:00Z,vibration_mm_s,3.03,mm/s,2026-S1
EQ-FAN-204,2026-02-18T12:00:00Z,vibration_mm_s,3.51,mm/s,2026-S1
EQ-MIX-159,2026-02-18T12:00:00Z,vibration_mm_s,2.97,mm/s,2026-S1
EQ-OVEN-223,2026-02-18T12:00:00Z,temperature_c,67.31,°C,2026-S1
EQ-OVEN-366,2026-02-18T12:00:00Z,current_a,23.44,A,2026-S1
EQ-OVEN-386,2026-02-18T12:00:00Z,current_a,23.12,A,2026-S1
EQ-PUMP-006,2026-02-18T12:00:00Z,temperature_c,59.45,°C,2026-S1
EQ-CHILL-115,2026-02-18T18:00:00Z,pressure_bar,6.95,bar,2026-S1
EQ-CONV-003,2026-02-18T18:00:00Z,current_a,21.40,A,2026-S1
EQ-CONV-336,2026-02-18T18:00:00Z,current_a,260.56,A,2026-S1
EQ-FAN-003,2026-02-18T18:00:00Z,vibration_mm_s,3.16,mm/s,2026-S1
EQ-FAN-204,2026-02-18T18:00:00Z,vibration_mm_s,3.22,mm/s,2026-S1
EQ-MIX-159,2026-02-18T18:00:00Z,vibration_mm_s,2.40,mm/s,2026-S1
EQ-OVEN-223,2026-02-18T18:00:00Z,temperature_c,62.78,°C,2026-S1
EQ-OVEN-366,2026-02-18T18:00:00Z,current_a,21.72,A,2026-S1
EQ-OVEN-386,2026-02-18T18:00:00Z,current_a,23.72,A,2026-S1
EQ-PUMP-006,2026-02-18T18:00:00Z,temperature_c,52.19,°C,2026-S1
EQ-CHILL-115,2026-02-19T00:00:00Z,pressure_bar,7.77,bar,2026-S1
EQ-CONV-003,2026-02-19T00:00:00Z,current_a,18.36,A,2026-S1
EQ-CONV-336,2026-02-19T00:00:00Z,current_a,227.10,A,2026-S1
EQ-FAN-003,2026-02-19T00:00:00Z,vibration_mm_s,3.07,mm/s,2026-S1
EQ-FAN-204,2026-02-19T00:00:00Z,vibration_mm_s,2.77,mm/s,2026-S1
EQ-MIX-159,2026-02-19T00:00:00Z,vibration_mm_s,2.24,mm/s,2026-S1
EQ-OVEN-223,2026-02-19T00:00:00Z,temperature_c,59.43,°C,2026-S1
EQ-OVEN-366,2026-02-19T00:00:00Z,current_a,24.55,A,2026-S1
EQ-OVEN-386,2026-02-19T00:00:00Z,current_a,26.42,A,2026-S1
EQ-PUMP-006,2026-02-19T00:00:00Z,temperature_c,54.43,°C,2026-S1
EQ-CHILL-115,2026-02-19T06:00:00Z,pressure_bar,7.26,bar,2026-S1
EQ-CONV-003,2026-02-19T06:00:00Z,current_a,20.38,A,2026-S1
EQ-CONV-336,2026-02-19T06:00:00Z,current_a,174.58,A,2026-S1
EQ-FAN-003,2026-02-19T06:00:00Z,vibration_mm_s,2.64,mm/s,2026-S1
EQ-FAN-204,2026-02-19T06:00:00Z,vibration_mm_s,3.22,mm/s,2026-S1
EQ-MIX-159,2026-02-19T06:00:00Z,vibration_mm_s,2.47,mm/s,2026-S1
EQ-OVEN-223,2026-02-19T06:00:00Z,temperature_c,66.15,°C,2026-S1
EQ-OVEN-366,2026-02-19T06:00:00Z,current_a,25.44,A,2026-S1
EQ-OVEN-386,2026-02-19T06:00:00Z,current_a,26.28,A,2026-S1
EQ-PUMP-006,2026-02-19T06:00:00Z,temperature_c,61.53,°C,2026-S1
EQ-CHILL-115,2026-02-19T12:00:00Z,pressure_bar,6.75,bar,2026-S1
EQ-CONV-003,2026-02-19T12:00:00Z,current_a,23.74,A,2026-S1
EQ-CONV-336,2026-02-19T12:00:00Z,current_a,220.96,A,2026-S1
EQ-FAN-003,2026-02-19T12:00:00Z,vibration_mm_s,3.05,mm/s,2026-S1
EQ-FAN-204,2026-02-19T12:00:00Z,vibration_mm_s,2.98,mm/s,2026-S1
EQ-MIX-159,2026-02-19T12:00:00Z,vibration_mm_s,2.51,mm/s,2026-S1
EQ-OVEN-223,2026-02-19T12:00:00Z,temperature_c,63.13,°C,2026-S1
EQ-OVEN-366,2026-02-19T12:00:00Z,current_a,22.11,A,2026-S1
EQ-OVEN-386,2026-02-19T12:00:00Z,current_a,20.26,A,2026-S1
EQ-PUMP-006,2026-02-19T12:00:00Z,temperature_c,60.07,°C,2026-S1
EQ-CHILL-115,2026-02-19T18:00:00Z,pressure_bar,7.02,bar,2026-S1
EQ-CONV-003,2026-02-19T18:00:00Z,current_a,20.87,A,2026-S1
EQ-CONV-336,2026-02-19T18:00:00Z,current_a,249.58,A,2026-S1
EQ-FAN-003,2026-02-19T18:00:00Z,vibration_mm_s,2.80,mm/s,2026-S1
EQ-FAN-204,2026-02-19T18:00:00Z,vibration_mm_s,2.95,mm/s,2026-S1
EQ-MIX-159,2026-02-19T18:00:00Z,vibration_mm_s,2.90,mm/s,2026-S1
EQ-OVEN-223,2026-02-19T18:00:00Z,temperature_c,59.37,°C,2026-S1
EQ-OVEN-366,2026-02-19T18:00:00Z,current_a,21.65,A,2026-S1
EQ-OVEN-386,2026-02-19T18:00:00Z,current_a,23.59,A,2026-S1
EQ-PUMP-006,2026-02-19T18:00:00Z,temperature_c,53.44,°C,2026-S1
EQ-CHILL-115,2026-02-20T00:00:00Z,pressure_bar,7.30,bar,2026-S1
EQ-CONV-003,2026-02-20T00:00:00Z,current_a,19.38,A,2026-S1
EQ-CONV-336,2026-02-20T00:00:00Z,current_a,252.10,A,2026-S1
EQ-FAN-003,2026-02-20T00:00:00Z,vibration_mm_s,2.07,mm/s,2026-S1
EQ-FAN-204,2026-02-20T00:00:00Z,vibration_mm_s,2.64,mm/s,2026-S1
EQ-MIX-159,2026-02-20T00:00:00Z,vibration_mm_s,2.94,mm/s,2026-S1
EQ-OVEN-223,2026-02-20T00:00:00Z,temperature_c,59.52,°C,2026-S1
EQ-OVEN-366,2026-02-20T00:00:00Z,current_a,26.82,A,2026-S1
EQ-OVEN-386,2026-02-20T00:00:00Z,current_a,25.90,A,2026-S1
EQ-PUMP-006,2026-02-20T00:00:00Z,temperature_c,52.21,°C,2026-S1
EQ-CHILL-115,2026-02-20T06:00:00Z,pressure_bar,6.92,bar,2026-S1
EQ-CONV-003,2026-02-20T06:00:00Z,current_a,21.12,A,2026-S1
EQ-CONV-336,2026-02-20T06:00:00Z,current_a,234.53,A,2026-S1
EQ-FAN-003,2026-02-20T06:00:00Z,vibration_mm_s,2.78,mm/s,2026-S1
EQ-FAN-204,2026-02-20T06:00:00Z,vibration_mm_s,2.87,mm/s,2026-S1
EQ-MIX-159,2026-02-20T06:00:00Z,vibration_mm_s,2.35,mm/s,2026-S1
EQ-OVEN-223,2026-02-20T06:00:00Z,temperature_c,65.74,°C,2026-S1
EQ-OVEN-366,2026-02-20T06:00:00Z,current_a,26.65,A,2026-S1
EQ-OVEN-386,2026-02-20T06:00:00Z,current_a,24.23,A,2026-S1
EQ-PUMP-006,2026-02-20T06:00:00Z,temperature_c,59.91,°C,2026-S1
EQ-CHILL-115,2026-02-20T12:00:00Z,pressure_bar,7.08,bar,2026-S1
EQ-CONV-003,2026-02-20T12:00:00Z,current_a,23.14,A,2026-S1
EQ-CONV-336,2026-02-20T12:00:00Z,current_a,193.09,A,2026-S1
EQ-FAN-003,2026-02-20T12:00:00Z,vibration_mm_s,3.17,mm/s,2026-S1
EQ-FAN-204,2026-02-20T12:00:00Z,vibration_mm_s,3.33,mm/s,2026-S1
EQ-MIX-159,2026-02-20T12:00:00Z,vibration_mm_s,3.18,mm/s,2026-S1
EQ-OVEN-223,2026-02-20T12:00:00Z,temperature_c,63.88,°C,2026-S1
EQ-OVEN-366,2026-02-20T12:00:00Z,current_a,25.33,A,2026-S1
EQ-OVEN-386,2026-02-20T12:00:00Z,current_a,20.14,A,2026-S1
EQ-PUMP-006,2026-02-20T12:00:00Z,temperature_c,58.30,°C,2026-S1
EQ-CHILL-115,2026-02-20T18:00:00Z,pressure_bar,6.97,bar,2026-S1
EQ-CONV-003,2026-02-20T18:00:00Z,current_a,19.37,A,2026-S1
EQ-CONV-336,2026-02-20T18:00:00Z,current_a,186.93,A,2026-S1
EQ-FAN-003,2026-02-20T18:00:00Z,vibration_mm_s,3.36,mm/s,2026-S1
EQ-FAN-204,2026-02-20T18:00:00Z,vibration_mm_s,2.96,mm/s,2026-S1
EQ-MIX-159,2026-02-20T18:00:00Z,vibration_mm_s,3.06,mm/s,2026-S1
EQ-OVEN-223,2026-02-20T18:00:00Z,temperature_c,60.42,°C,2026-S1
EQ-OVEN-366,2026-02-20T18:00:00Z,current_a,22.77,A,2026-S1
EQ-OVEN-386,2026-02-20T18:00:00Z,current_a,21.89,A,2026-S1
EQ-PUMP-006,2026-02-20T18:00:00Z,temperature_c,53.15,°C,2026-S1
EQ-CHILL-115,2026-02-21T00:00:00Z,pressure_bar,7.14,bar,2026-S1
EQ-CONV-003,2026-02-21T00:00:00Z,current_a,19.61,A,2026-S1
EQ-CONV-336,2026-02-21T00:00:00Z,current_a,196.28,A,2026-S1
EQ-FAN-003,2026-02-21T00:00:00Z,vibration_mm_s,2.63,mm/s,2026-S1
EQ-FAN-204,2026-02-21T00:00:00Z,vibration_mm_s,2.77,mm/s,2026-S1
EQ-MIX-159,2026-02-21T00:00:00Z,vibration_mm_s,2.40,mm/s,2026-S1
EQ-OVEN-223,2026-02-21T00:00:00Z,temperature_c,55.61,°C,2026-S1
EQ-OVEN-366,2026-02-21T00:00:00Z,current_a,24.13,A,2026-S1
EQ-OVEN-386,2026-02-21T00:00:00Z,current_a,25.57,A,2026-S1
EQ-PUMP-006,2026-02-21T00:00:00Z,temperature_c,51.39,°C,2026-S1
EQ-CHILL-115,2026-02-21T06:00:00Z,pressure_bar,6.91,bar,2026-S1
EQ-CONV-003,2026-02-21T06:00:00Z,current_a,19.93,A,2026-S1
EQ-CONV-336,2026-02-21T06:00:00Z,current_a,228.08,A,2026-S1
EQ-FAN-003,2026-02-21T06:00:00Z,vibration_mm_s,2.52,mm/s,2026-S1
EQ-FAN-204,2026-02-21T06:00:00Z,vibration_mm_s,3.22,mm/s,2026-S1
EQ-MIX-159,2026-02-21T06:00:00Z,vibration_mm_s,2.52,mm/s,2026-S1
EQ-OVEN-223,2026-02-21T06:00:00Z,temperature_c,65.98,°C,2026-S1
EQ-OVEN-366,2026-02-21T06:00:00Z,current_a,24.50,A,2026-S1
EQ-OVEN-386,2026-02-21T06:00:00Z,current_a,22.49,A,2026-S1
EQ-PUMP-006,2026-02-21T06:00:00Z,temperature_c,52.87,°C,2026-S1
EQ-CHILL-115,2026-02-21T12:00:00Z,pressure_bar,6.44,bar,2026-S1
EQ-CONV-003,2026-02-21T12:00:00Z,current_a,22.50,A,2026-S1
EQ-CONV-336,2026-02-21T12:00:00Z,current_a,217.04,A,2026-S1
EQ-FAN-003,2026-02-21T12:00:00Z,vibration_mm_s,3.01,mm/s,2026-S1
EQ-FAN-204,2026-02-21T12:00:00Z,vibration_mm_s,3.47,mm/s,2026-S1
EQ-MIX-159,2026-02-21T12:00:00Z,vibration_mm_s,2.40,mm/s,2026-S1
EQ-OVEN-223,2026-02-21T12:00:00Z,temperature_c,63.88,°C,2026-S1
EQ-OVEN-366,2026-02-21T12:00:00Z,current_a,21.44,A,2026-S1
EQ-OVEN-386,2026-02-21T12:00:00Z,current_a,20.15,A,2026-S1
EQ-PUMP-006,2026-02-21T12:00:00Z,temperature_c,55.98,°C,2026-S1
EQ-CHILL-115,2026-02-21T18:00:00Z,pressure_bar,6.97,bar,2026-S1
EQ-CONV-003,2026-02-21T18:00:00Z,current_a,18.20,A,2026-S1
EQ-CONV-336,2026-02-21T18:00:00Z,current_a,252.22,A,2026-S1
EQ-FAN-003,2026-02-21T18:00:00Z,vibration_mm_s,3.03,mm/s,2026-S1
EQ-FAN-204,2026-02-21T18:00:00Z,vibration_mm_s,3.06,mm/s,2026-S1
EQ-MIX-159,2026-02-21T18:00:00Z,vibration_mm_s,3.02,mm/s,2026-S1
EQ-OVEN-223,2026-02-21T18:00:00Z,temperature_c,57.45,°C,2026-S1
EQ-OVEN-366,2026-02-21T18:00:00Z,current_a,21.78,A,2026-S1
EQ-OVEN-386,2026-02-21T18:00:00Z,current_a,20.13,A,2026-S1
EQ-PUMP-006,2026-02-21T18:00:00Z,temperature_c,48.99,°C,2026-S1
EQ-CHILL-115,2026-02-22T00:00:00Z,pressure_bar,6.93,bar,2026-S1
EQ-CONV-003,2026-02-22T00:00:00Z,current_a,19.05,A,2026-S1
EQ-CONV-336,2026-02-22T00:00:00Z,current_a,241.75,A,2026-S1
EQ-FAN-003,2026-02-22T00:00:00Z,vibration_mm_s,2.16,mm/s,2026-S1
EQ-FAN-204,2026-02-22T00:00:00Z,vibration_mm_s,2.81,mm/s,2026-S1
EQ-MIX-159,2026-02-22T00:00:00Z,vibration_mm_s,2.51,mm/s,2026-S1
EQ-OVEN-223,2026-02-22T00:00:00Z,temperature_c,56.89,°C,2026-S1
EQ-OVEN-366,2026-02-22T00:00:00Z,current_a,24.14,A,2026-S1
EQ-OVEN-386,2026-02-22T00:00:00Z,current_a,25.84,A,2026-S1
EQ-PUMP-006,2026-02-22T00:00:00Z,temperature_c,52.27,°C,2026-S1
EQ-CHILL-115,2026-02-22T06:00:00Z,pressure_bar,6.99,bar,2026-S1
EQ-CONV-003,2026-02-22T06:00:00Z,current_a,20.61,A,2026-S1
EQ-CONV-336,2026-02-22T06:00:00Z,current_a,262.54,A,2026-S1
EQ-FAN-003,2026-02-22T06:00:00Z,vibration_mm_s,2.78,mm/s,2026-S1
EQ-FAN-204,2026-02-22T06:00:00Z,vibration_mm_s,2.74,mm/s,2026-S1
EQ-MIX-159,2026-02-22T06:00:00Z,vibration_mm_s,2.64,mm/s,2026-S1
EQ-OVEN-223,2026-02-22T06:00:00Z,temperature_c,62.27,°C,2026-S1
EQ-OVEN-366,2026-02-22T06:00:00Z,current_a,25.83,A,2026-S1
EQ-OVEN-386,2026-02-22T06:00:00Z,current_a,24.28,A,2026-S1
EQ-PUMP-006,2026-02-22T06:00:00Z,temperature_c,57.29,°C,2026-S1
EQ-CHILL-115,2026-02-22T12:00:00Z,pressure_bar,6.74,bar,2026-S1
EQ-CONV-003,2026-02-22T12:00:00Z,current_a,23.53,A,2026-S1
EQ-CONV-336,2026-02-22T12:00:00Z,current_a,272.88,A,2026-S1
EQ-FAN-003,2026-02-22T12:00:00Z,vibration_mm_s,3.25,mm/s,2026-S1
EQ-FAN-204,2026-02-22T12:00:00Z,vibration_mm_s,3.49,mm/s,2026-S1
EQ-MIX-159,2026-02-22T12:00:00Z,vibration_mm_s,3.01,mm/s,2026-S1
EQ-OVEN-223,2026-02-22T12:00:00Z,temperature_c,64.77,°C,2026-S1
EQ-OVEN-366,2026-02-22T12:00:00Z,current_a,23.10,A,2026-S1
EQ-OVEN-386,2026-02-22T12:00:00Z,current_a,21.93,A,2026-S1
EQ-PUMP-006,2026-02-22T12:00:00Z,temperature_c,56.66,°C,2026-S1
EQ-CHILL-115,2026-02-22T18:00:00Z,pressure_bar,6.68,bar,2026-S1
EQ-CONV-003,2026-02-22T18:00:00Z,current_a,21.31,A,2026-S1
EQ-CONV-336,2026-02-22T18:00:00Z,current_a,211.24,A,2026-S1
EQ-FAN-003,2026-02-22T18:00:00Z,vibration_mm_s,2.69,mm/s,2026-S1
EQ-FAN-204,2026-02-22T18:00:00Z,vibration_mm_s,2.95,mm/s,2026-S1
EQ-MIX-159,2026-02-22T18:00:00Z,vibration_mm_s,3.08,mm/s,2026-S1
EQ-OVEN-223,2026-02-22T18:00:00Z,temperature_c,55.44,°C,2026-S1
EQ-OVEN-366,2026-02-22T18:00:00Z,current_a,21.90,A,2026-S1
EQ-OVEN-386,2026-02-22T18:00:00Z,current_a,,A,2026-S1
EQ-PUMP-006,2026-02-22T18:00:00Z,temperature_c,49.28,°C,2026-S1
EQ-CHILL-115,2026-02-23T00:00:00Z,pressure_bar,7.36,bar,2026-S1
EQ-CONV-003,2026-02-23T00:00:00Z,current_a,19.96,A,2026-S1
EQ-CONV-336,2026-02-23T00:00:00Z,current_a,257.44,A,2026-S1
EQ-FAN-003,2026-02-23T00:00:00Z,vibration_mm_s,2.43,mm/s,2026-S1
EQ-FAN-204,2026-02-23T00:00:00Z,vibration_mm_s,2.05,mm/s,2026-S1
EQ-MIX-159,2026-02-23T00:00:00Z,vibration_mm_s,3.32,mm/s,2026-S1
EQ-OVEN-223,2026-02-23T00:00:00Z,temperature_c,57.52,°C,2026-S1
EQ-OVEN-366,2026-02-23T00:00:00Z,current_a,24.12,A,2026-S1
EQ-OVEN-386,2026-02-23T00:00:00Z,current_a,26.91,A,2026-S1
EQ-PUMP-006,2026-02-23T00:00:00Z,temperature_c,55.80,°C,2026-S1
EQ-CHILL-115,2026-02-23T06:00:00Z,pressure_bar,6.89,bar,2026-S1
EQ-CONV-003,2026-02-23T06:00:00Z,current_a,21.68,A,2026-S1
EQ-CONV-336,2026-02-23T06:00:00Z,current_a,267.08,A,2026-S1
EQ-FAN-003,2026-02-23T06:00:00Z,vibration_mm_s,2.75,mm/s,2026-S1
EQ-FAN-204,2026-02-23T06:00:00Z,vibration_mm_s,2.78,mm/s,2026-S1
EQ-MIX-159,2026-02-23T06:00:00Z,vibration_mm_s,1.95,mm/s,2026-S1
EQ-OVEN-223,2026-02-23T06:00:00Z,temperature_c,66.07,°C,2026-S1
EQ-OVEN-366,2026-02-23T06:00:00Z,current_a,26.86,A,2026-S1
EQ-OVEN-386,2026-02-23T06:00:00Z,current_a,24.82,A,2026-S1
EQ-PUMP-006,2026-02-23T06:00:00Z,temperature_c,57.69,°C,2026-S1
EQ-CAB-134,2026-02-23T12:00:00Z,temperature_c,55.83,°C,2026-S1
EQ-CHILL-188,2026-02-23T12:00:00Z,pressure_bar,6.07,bar,2026-S1
EQ-CHILL-188,2026-02-23T12:00:00Z,temperature_c,53.38,°C,2026-S1
EQ-COMP-002,2026-02-23T12:00:00Z,pressure_bar,6.60,bar,2026-S1
EQ-COMP-233,2026-02-23 12:00:00,temperature_c,55.84,°C,2026-S1
EQ-CONV-262,2026-02-23T12:00:00Z,current_a,31.33,A,2026-S1
EQ-FAN-002,2026-02-23T12:00:00Z,current_a,26.91,A,2026-S1
EQ-FAN-284,2026-02-23T12:00:00Z,vibration_mm_s,2.79,mm/s,2026-S1
EQ-FAN-304,2026-02-23T12:00:00Z,rpm,1545.28,rpm,2026-S1
EQ-FAN-304,2026-02-23T12:00:00Z,vibration_mm_s,2.13,mm/s,2026-S1
EQ-MIX-159,2026-02-23T12:00:00Z,vibration_mm_s,17.54,mm/s,2026-S1
EQ-MIX-259,2026-02-23T12:00:00Z,current_a,21.23,A,2026-S1
EQ-OVEN-123,2026-02-23T12:00:00Z,temperature_c,58.53,°C,2026-S1
EQ-PUMP-001,2026-02-23T12:00:00Z,pressure_bar,6.27,bar,2026-S1
EQ-PUMP-006,2026-02-23T12:00:00Z,temperature_c,24.896175,°C,2026-S1
EQ-CAB-134,2026-02-23T18:00:00Z,temperature_c,53.53,°C,2026-S1
EQ-CHILL-188,2026-02-23T18:00:00Z,pressure_bar,6.64,bar,2026-S1
EQ-CHILL-188,2026-02-23T18:00:00Z,temperature_c,59.76,°C,2026-S1
EQ-COMP-002,2026-02-23T18:00:00Z,pressure_bar,7.08,bar,2026-S1
EQ-COMP-233,2026-02-23 18:00:00,temperature_c,59.29,°C,2026-S1
EQ-CONV-262,2026-02-23T18:00:00Z,current_a,31.57,A,2026-S1
EQ-FAN-002,2026-02-23T18:00:00Z,current_a,24.82,A,2026-S1
EQ-FAN-284,2026-02-23T18:00:00Z,vibration_mm_s,2.95,mm/s,2026-S1
EQ-FAN-304,2026-02-23T18:00:00Z,rpm,1552.03,rpm,2026-S1
EQ-FAN-304,2026-02-23T18:00:00Z,vibration_mm_s,2.70,mm/s,2026-S1
EQ-MIX-159,2026-02-23T18:00:00Z,vibration_mm_s,24.74,mm/s,2026-S1
EQ-MIX-259,2026-02-23T18:00:00Z,current_a,21.98,A,2026-S1
EQ-OVEN-123,2026-02-23T18:00:00Z,temperature_c,61.63,°C,2026-S1
EQ-PUMP-001,2026-02-23T18:00:00Z,pressure_bar,5.71,bar,2026-S1
EQ-PUMP-006,2026-02-23T18:00:00Z,temperature_c,101.416865,°C,2026-S1
EQ-CAB-134,2026-02-24T00:00:00Z,temperature_c,48.27,°C,2026-S1
EQ-CHILL-188,2026-02-24T00:00:00Z,pressure_bar,6.77,bar,2026-S1
EQ-CHILL-188,2026-02-24T00:00:00Z,temperature_c,62.38,°C,2026-S1
EQ-COMP-002,2026-02-24T00:00:00Z,pressure_bar,6.43,bar,2026-S1
EQ-COMP-233,2026-02-24 00:00:00,temperature_c,63.50,°C,2026-S1
EQ-CONV-262,2026-02-24T00:00:00Z,current_a,30.00,A,2026-S1
EQ-FAN-002,2026-02-24T00:00:00Z,current_a,23.00,A,2026-S1
EQ-FAN-284,2026-02-24T00:00:00Z,vibration_mm_s,3.01,mm/s,2026-S1
EQ-FAN-304,2026-02-24T00:00:00Z,rpm,1491.15,rpm,2026-S1
EQ-FAN-304,2026-02-24T00:00:00Z,vibration_mm_s,2.68,mm/s,2026-S1
EQ-MIX-159,2026-02-24T00:00:00Z,vibration_mm_s,19.94,mm/s,2026-S1
EQ-MIX-259,2026-02-24T00:00:00Z,current_a,23.12,A,2026-S1
EQ-OVEN-123,2026-02-24T00:00:00Z,temperature_c,53.47,°C,2026-S1
EQ-PUMP-001,2026-02-24T00:00:00Z,pressure_bar,5.87,bar,2026-S1
EQ-PUMP-006,2026-02-24T00:00:00Z,temperature_c,92.859770,°C,2026-S1
EQ-CAB-134,2026-02-24T06:00:00Z,temperature_c,49.80,°C,2026-S1
EQ-CHILL-188,2026-02-24T06:00:00Z,pressure_bar,6.33,bar,2026-S1
EQ-CHILL-188,2026-02-24T06:00:00Z,temperature_c,56.93,°C,2026-S1
EQ-COMP-002,2026-02-24T06:00:00Z,pressure_bar,6.21,bar,2026-S1
EQ-COMP-233,2026-02-24 06:00:00,temperature_c,60.87,°C,2026-S1
EQ-CONV-262,2026-02-24T06:00:00Z,current_a,26.96,A,2026-S1
EQ-CONV-262,2026-02-24T06:00:00Z,current_a,26.96,A,2026-S1
EQ-FAN-002,2026-02-24T06:00:00Z,current_a,22.77,A,2026-S1
EQ-FAN-284,2026-02-24T06:00:00Z,vibration_mm_s,2.76,mm/s,2026-S1
EQ-FAN-304,2026-02-24T06:00:00Z,rpm,1525.00,rpm,2026-S1
EQ-FAN-304,2026-02-24T06:00:00Z,vibration_mm_s,2.75,mm/s,2026-S1
EQ-MIX-159,2026-02-24T06:00:00Z,vibration_mm_s,18.92,mm/s,2026-S1
EQ-MIX-259,2026-02-24T06:00:00Z,current_a,22.77,A,2026-S1
EQ-OVEN-123,2026-02-24T06:00:00Z,temperature_c,53.36,°C,2026-S1
EQ-PUMP-001,2026-02-24T06:00:00Z,pressure_bar,5.98,bar,2026-S1
EQ-PUMP-006,2026-02-24T06:00:00Z,temperature_c,77.557139,°C,2026-S1
EQ-CAB-134,2026-02-24T12:00:00Z,temperature_c,54.16,°C,2026-S1
EQ-CHILL-188,2026-02-24T12:00:00Z,pressure_bar,6.30,bar,2026-S1
EQ-CHILL-188,2026-02-24T12:00:00Z,temperature_c,54.28,°C,2026-S1
EQ-COMP-002,2026-02-24T12:00:00Z,pressure_bar,6.68,bar,2026-S1
EQ-COMP-233,2026-02-24 12:00:00,temperature_c,56.57,°C,2026-S1
EQ-CONV-262,2026-02-24T12:00:00Z,current_a,28.90,A,2026-S1
EQ-FAN-002,2026-02-24T12:00:00Z,current_a,25.61,A,2026-S1
EQ-FAN-284,2026-02-24T12:00:00Z,vibration_mm_s,3.24,mm/s,2026-S1
EQ-FAN-304,2026-02-24T12:00:00Z,rpm,1619.96,rpm,2026-S1
EQ-FAN-304,2026-02-24T12:00:00Z,vibration_mm_s,2.39,mm/s,2026-S1
EQ-MIX-159,2026-02-24T12:00:00Z,vibration_mm_s,21.57,mm/s,2026-S1
EQ-MIX-259,2026-02-24T12:00:00Z,current_a,20.82,A,2026-S1
EQ-OVEN-123,2026-02-24T12:00:00Z,temperature_c,58.31,°C,2026-S1
EQ-PUMP-001,2026-02-24T12:00:00Z,pressure_bar,6.24,bar,2026-S1
EQ-PUMP-006,2026-02-24T12:00:00Z,temperature_c,123.493044,°C,2026-S1
EQ-CAB-134,2026-02-24T18:00:00Z,temperature_c,50.77,°C,2026-S1
EQ-CHILL-188,2026-02-24T18:00:00Z,pressure_bar,6.52,bar,2026-S1
EQ-CHILL-188,2026-02-24T18:00:00Z,temperature_c,60.35,°C,2026-S1
EQ-COMP-002,2026-02-24T18:00:00Z,pressure_bar,6.98,bar,2026-S1
EQ-COMP-233,2026-02-24 18:00:00,temperature_c,59.67,°C,2026-S1
EQ-CONV-262,2026-02-24T18:00:00Z,current_a,30.98,A,2026-S1
EQ-FAN-002,2026-02-24T18:00:00Z,current_a,23.92,A,2026-S1
EQ-FAN-284,2026-02-24T18:00:00Z,vibration_mm_s,2.48,mm/s,2026-S1
EQ-FAN-304,2026-02-24T18:00:00Z,rpm,1566.45,rpm,2026-S1
EQ-FAN-304,2026-02-24T18:00:00Z,vibration_mm_s,3.06,mm/s,2026-S1
EQ-MIX-159,2026-02-24T18:00:00Z,vibration_mm_s,22.92,mm/s,2026-S1
EQ-MIX-259,2026-02-24T18:00:00Z,current_a,23.36,A,2026-S1
EQ-OVEN-123,2026-02-24T18:00:00Z,temperature_c,61.78,°C,2026-S1
EQ-PUMP-001,2026-02-24T18:00:00Z,pressure_bar,6.35,bar,2026-S1
EQ-PUMP-006,2026-02-24T18:00:00Z,temperature_c,126.280224,°C,2026-S1
EQ-CAB-134,2026-02-25T00:00:00Z,temperature_c,49.23,°C,2026-S1
EQ-CHILL-188,2026-02-25T00:00:00Z,pressure_bar,6.40,bar,2026-S1
EQ-CHILL-188,2026-02-25T00:00:00Z,temperature_c,60.94,°C,2026-S1
EQ-COMP-002,2026-02-25T00:00:00Z,pressure_bar,6.64,bar,2026-S1
EQ-COMP-233,2026-02-25 00:00:00,temperature_c,63.96,°C,2026-S1
EQ-CONV-262,2026-02-25T00:00:00Z,current_a,29.29,A,2026-S1
EQ-FAN-002,2026-02-25T00:00:00Z,current_a,22.81,A,2026-S1
EQ-FAN-284,2026-02-25T00:00:00Z,vibration_mm_s,2.44,mm/s,2026-S1
EQ-FAN-304,2026-02-25T00:00:00Z,rpm,1487.30,rpm,2026-S1
EQ-FAN-304,2026-02-25T00:00:00Z,vibration_mm_s,3.17,mm/s,2026-S1
EQ-MIX-159,2026-02-25T00:00:00Z,vibration_mm_s,24.03,mm/s,2026-S1
EQ-MIX-259,2026-02-25T00:00:00Z,current_a,24.88,A,2026-S1
EQ-OVEN-123,2026-02-25T00:00:00Z,temperature_c,56.91,°C,2026-S1
EQ-PUMP-001,2026-02-25T00:00:00Z,pressure_bar,5.83,bar,2026-S1
EQ-PUMP-006,2026-02-25T00:00:00Z,temperature_c,72.483851,°C,2026-S1
EQ-CAB-134,2026-02-25T06:00:00Z,temperature_c,55.42,°C,2026-S1
EQ-CHILL-188,2026-02-25T06:00:00Z,pressure_bar,6.62,bar,2026-S1
EQ-CHILL-188,2026-02-25T06:00:00Z,temperature_c,57.42,°C,2026-S1
EQ-COMP-002,2026-02-25T06:00:00Z,pressure_bar,6.28,bar,2026-S1
EQ-COMP-233,2026-02-25 06:00:00,temperature_c,58.20,°C,2026-S1
EQ-CONV-262,2026-02-25T06:00:00Z,current_a,27.61,A,2026-S1
EQ-FAN-002,2026-02-25T06:00:00Z,current_a,22.93,A,2026-S1
EQ-FAN-284,2026-02-25T06:00:00Z,vibration_mm_s,2.67,mm/s,2026-S1
EQ-FAN-304,2026-02-25T06:00:00Z,rpm,1488.26,rpm,2026-S1
EQ-FAN-304,2026-02-25T06:00:00Z,vibration_mm_s,3.35,mm/s,2026-S1
EQ-MIX-159,2026-02-25T06:00:00Z,vibration_mm_s,17.71,mm/s,2026-S1
EQ-MIX-259,2026-02-25T06:00:00Z,current_a,22.82,A,2026-S1
EQ-OVEN-123,2026-02-25T06:00:00Z,temperature_c,54.87,°C,2026-S1
EQ-PUMP-001,2026-02-25T06:00:00Z,pressure_bar,5.97,bar,2026-S1
EQ-PUMP-006,2026-02-25T06:00:00Z,temperature_c,95.186861,°C,2026-S1
EQ-CAB-134,2026-02-25T12:00:00Z,temperature_c,60.08,°C,2026-S1
EQ-CHILL-188,2026-02-25T12:00:00Z,pressure_bar,6.23,bar,2026-S1
EQ-CHILL-188,2026-02-25T12:00:00Z,temperature_c,54.49,°C,2026-S1
EQ-COMP-002,2026-02-25T12:00:00Z,pressure_bar,6.56,bar,2026-S1
EQ-COMP-233,2026-02-25 12:00:00,temperature_c,53.94,°C,2026-S1
EQ-CONV-262,2026-02-25T12:00:00Z,current_a,31.06,A,2026-S1
EQ-FAN-002,2026-02-25T12:00:00Z,current_a,27.57,A,2026-S1
EQ-FAN-284,2026-02-25T12:00:00Z,vibration_mm_s,3.06,mm/s,2026-S1
EQ-FAN-304,2026-02-25T12:00:00Z,rpm,1580.68,rpm,2026-S1
EQ-FAN-304,2026-02-25T12:00:00Z,vibration_mm_s,2.79,mm/s,2026-S1
EQ-MIX-159,2026-02-25T12:00:00Z,vibration_mm_s,19.89,mm/s,2026-S1
EQ-MIX-259,2026-02-25T12:00:00Z,current_a,19.76,A,2026-S1
EQ-OVEN-123,2026-02-25T12:00:00Z,temperature_c,60.01,°C,2026-S1
EQ-PUMP-001,2026-02-25T12:00:00Z,pressure_bar,6.62,bar,2026-S1
EQ-PUMP-006,2026-02-25T12:00:00Z,temperature_c,34.685562,°C,2026-S1
EQ-CAB-134,2026-02-25T18:00:00Z,temperature_c,56.40,°C,2026-S1
EQ-CHILL-188,2026-02-25T18:00:00Z,pressure_bar,6.09,bar,2026-S1
EQ-CHILL-188,2026-02-25T18:00:00Z,temperature_c,61.60,°C,2026-S1
EQ-COMP-002,2026-02-25T18:00:00Z,pressure_bar,6.66,bar,2026-S1
EQ-COMP-233,2026-02-25 18:00:00,temperature_c,58.19,°C,2026-S1
EQ-CONV-262,2026-02-25T18:00:00Z,current_a,30.85,A,2026-S1
EQ-FAN-002,2026-02-25T18:00:00Z,current_a,25.33,A,2026-S1
EQ-FAN-284,2026-02-25T18:00:00Z,vibration_mm_s,2.38,mm/s,2026-S1
EQ-FAN-304,2026-02-25T18:00:00Z,rpm,1626.30,rpm,2026-S1
EQ-FAN-304,2026-02-25T18:00:00Z,vibration_mm_s,3.53,mm/s,2026-S1
EQ-MIX-159,2026-02-25T18:00:00Z,vibration_mm_s,23.73,mm/s,2026-S1
EQ-MIX-259,2026-02-25T18:00:00Z,current_a,23.09,A,2026-S1
EQ-OVEN-123,2026-02-25T18:00:00Z,temperature_c,62.60,°C,2026-S1
EQ-PUMP-001,2026-02-25T18:00:00Z,pressure_bar,5.94,bar,2026-S1
EQ-PUMP-006,2026-02-25T18:00:00Z,temperature_c,48.960448,°C,2026-S1
EQ-CAB-134,2026-02-26T00:00:00Z,temperature_c,54.56,°C,2026-S1
EQ-CHILL-188,2026-02-26T00:00:00Z,pressure_bar,6.78,bar,2026-S1
EQ-CHILL-188,2026-02-26T00:00:00Z,temperature_c,62.30,°C,2026-S1
EQ-COMP-002,2026-02-26T00:00:00Z,pressure_bar,6.50,bar,2026-S1
EQ-COMP-233,2026-02-26 00:00:00,temperature_c,64.22,°C,2026-S1
EQ-CONV-262,2026-02-26T00:00:00Z,current_a,28.14,A,2026-S1
EQ-FAN-002,2026-02-26T00:00:00Z,current_a,22.74,A,2026-S1
EQ-FAN-284,2026-02-26T00:00:00Z,vibration_mm_s,2.85,mm/s,2026-S1
EQ-FAN-304,2026-02-26T00:00:00Z,rpm,1490.74,rpm,2026-S1
EQ-FAN-304,2026-02-26T00:00:00Z,vibration_mm_s,3.34,mm/s,2026-S1
EQ-MIX-159,2026-02-26T00:00:00Z,vibration_mm_s,23.95,mm/s,2026-S1
EQ-MIX-259,2026-02-26T00:00:00Z,current_a,23.81,A,2026-S1
EQ-OVEN-123,2026-02-26T00:00:00Z,temperature_c,55.70,°C,2026-S1
EQ-PUMP-001,2026-02-26T00:00:00Z,pressure_bar,5.87,bar,2026-S1
EQ-PUMP-006,2026-02-26T00:00:00Z,temperature_c,55.572572,°C,2026-S1
EQ-CAB-134,2026-02-26T06:00:00Z,temperature_c,57.26,°C,2026-S1
EQ-CHILL-188,2026-02-26T06:00:00Z,pressure_bar,6.43,bar,2026-S1
EQ-CHILL-188,2026-02-26T06:00:00Z,temperature_c,56.52,°C,2026-S1
EQ-COMP-002,2026-02-26T06:00:00Z,pressure_bar,5.93,bar,2026-S1
EQ-COMP-233,2026-02-26 06:00:00,temperature_c,61.24,°C,2026-S1
EQ-CONV-262,2026-02-26T06:00:00Z,current_a,26.36,A,2026-S1
EQ-FAN-002,2026-02-26T06:00:00Z,current_a,23.82,A,2026-S1
EQ-FAN-284,2026-02-26T06:00:00Z,vibration_mm_s,2.62,mm/s,2026-S1
EQ-FAN-304,2026-02-26T06:00:00Z,rpm,1515.79,rpm,2026-S1
EQ-FAN-304,2026-02-26T06:00:00Z,vibration_mm_s,3.31,mm/s,2026-S1
EQ-MIX-159,2026-02-26T06:00:00Z,vibration_mm_s,22.18,mm/s,2026-S1
EQ-MIX-259,2026-02-26T06:00:00Z,current_a,21.58,A,2026-S1
EQ-OVEN-123,2026-02-26T06:00:00Z,temperature_c,54.89,°C,2026-S1
EQ-PUMP-001,2026-02-26T06:00:00Z,pressure_bar,5.82,bar,2026-S1
EQ-PUMP-006,2026-02-26T06:00:00Z,temperature_c,95.464887,°C,2026-S1
EQ-CAB-134,2026-02-26T12:00:00Z,temperature_c,60.85,°C,2026-S1
EQ-CHILL-188,2026-02-26T12:00:00Z,pressure_bar,6.40,bar,2026-S1
EQ-CHILL-188,2026-02-26T12:00:00Z,temperature_c,54.66,°C,2026-S1
EQ-COMP-002,2026-02-26T12:00:00Z,pressure_bar,6.57,bar,2026-S1
EQ-COMP-233,2026-02-26 12:00:00,temperature_c,54.19,°C,2026-S1
EQ-CONV-262,2026-02-26T12:00:00Z,current_a,29.80,A,2026-S1
EQ-FAN-002,2026-02-26T12:00:00Z,current_a,25.84,A,2026-S1
EQ-FAN-284,2026-02-26T12:00:00Z,vibration_mm_s,2.83,mm/s,2026-S1
EQ-FAN-304,2026-02-26T12:00:00Z,rpm,1570.95,rpm,2026-S1
EQ-FAN-304,2026-02-26T12:00:00Z,vibration_mm_s,3.00,mm/s,2026-S1
EQ-MIX-159,2026-02-26T12:00:00Z,vibration_mm_s,19.66,mm/s,2026-S1
EQ-MIX-259,2026-02-26T12:00:00Z,current_a,20.49,A,2026-S1
EQ-OVEN-123,2026-02-26T12:00:00Z,temperature_c,59.01,°C,2026-S1
EQ-PUMP-001,2026-02-26T12:00:00Z,pressure_bar,6.15,bar,2026-S1
EQ-PUMP-006,2026-02-26T12:00:00Z,temperature_c,7.812055,°C,2026-S1
EQ-CAB-134,2026-02-26T18:00:00Z,temperature_c,59.72,°C,2026-S1
EQ-CHILL-188,2026-02-26T18:00:00Z,pressure_bar,6.21,bar,2026-S1
EQ-CHILL-188,2026-02-26T18:00:00Z,temperature_c,61.40,°C,2026-S1
EQ-COMP-002,2026-02-26T18:00:00Z,pressure_bar,6.99,bar,2026-S1
EQ-COMP-233,2026-02-26 18:00:00,temperature_c,59.58,°C,2026-S1
EQ-CONV-262,2026-02-26T18:00:00Z,current_a,32.49,A,2026-S1
EQ-FAN-002,2026-02-26T18:00:00Z,current_a,23.71,A,2026-S1
EQ-FAN-284,2026-02-26T18:00:00Z,vibration_mm_s,2.51,mm/s,2026-S1
EQ-FAN-304,2026-02-26T18:00:00Z,rpm,1568.21,rpm,2026-S1
EQ-FAN-304,2026-02-26T18:00:00Z,vibration_mm_s,3.12,mm/s,2026-S1
EQ-MIX-159,2026-02-26T18:00:00Z,vibration_mm_s,19.62,mm/s,2026-S1
EQ-MIX-259,2026-02-26T18:00:00Z,current_a,22.11,A,2026-S1
EQ-OVEN-123,2026-02-26T18:00:00Z,temperature_c,63.37,°C,2026-S1
EQ-PUMP-001,2026-02-26T18:00:00Z,pressure_bar,5.78,bar,2026-S1
EQ-PUMP-006,2026-02-26T18:00:00Z,temperature_c,74.150533,°C,2026-S1
EQ-CAB-134,2026-02-27T00:00:00Z,temperature_c,55.38,°C,2026-S1
EQ-CHILL-188,2026-02-27T00:00:00Z,pressure_bar,6.62,bar,2026-S1
EQ-CHILL-188,2026-02-27T00:00:00Z,temperature_c,64.56,°C,2026-S1
EQ-COMP-002,2026-02-27T00:00:00Z,pressure_bar,6.63,bar,2026-S1
EQ-COMP-233,2026-02-27 00:00:00,temperature_c,62.54,°C,2026-S1
EQ-CONV-262,2026-02-27T00:00:00Z,current_a,28.58,A,2026-S1
EQ-FAN-002,2026-02-27T00:00:00Z,current_a,22.56,A,2026-S1
EQ-FAN-284,2026-02-27T00:00:00Z,vibration_mm_s,2.48,mm/s,2026-S1
EQ-FAN-304,2026-02-27T00:00:00Z,rpm,1502.61,rpm,2026-S1
EQ-FAN-304,2026-02-27T00:00:00Z,vibration_mm_s,3.55,mm/s,2026-S1
EQ-MIX-159,2026-02-27T00:00:00Z,vibration_mm_s,23.19,mm/s,2026-S1
EQ-MIX-259,2026-02-27T00:00:00Z,current_a,25.33,A,2026-S1
EQ-OVEN-123,2026-02-27T00:00:00Z,temperature_c,57.07,°C,2026-S1
EQ-PUMP-001,2026-02-27T00:00:00Z,pressure_bar,5.84,bar,2026-S1
EQ-PUMP-006,2026-02-27T00:00:00Z,temperature_c,39.376490,°C,2026-S1
EQ-CAB-134,2026-02-27T06:00:00Z,temperature_c,57.40,°C,2026-S1
EQ-CHILL-188,2026-02-27T06:00:00Z,pressure_bar,6.42,bar,2026-S1
EQ-CHILL-188,2026-02-27T06:00:00Z,temperature_c,57.91,°C,2026-S1
EQ-COMP-002,2026-02-27T06:00:00Z,pressure_bar,6.55,bar,2026-S1
EQ-COMP-233,2026-02-27 06:00:00,temperature_c,58.83,°C,2026-S1
EQ-CONV-262,2026-02-27T06:00:00Z,current_a,25.90,A,2026-S1
EQ-FAN-002,2026-02-27T06:00:00Z,current_a,23.39,A,2026-S1
EQ-FAN-284,2026-02-27T06:00:00Z,vibration_mm_s,3.09,mm/s,2026-S1
EQ-FAN-304,2026-02-27T06:00:00Z,rpm,1482.07,rpm,2026-S1
EQ-FAN-304,2026-02-27T06:00:00Z,vibration_mm_s,2.79,mm/s,2026-S1
EQ-MIX-159,2026-02-27T06:00:00Z,vibration_mm_s,26.77,mm/s,2026-S1
EQ-MIX-259,2026-02-27T06:00:00Z,current_a,20.38,A,2026-S1
EQ-OVEN-123,2026-02-27T06:00:00Z,temperature_c,52.62,°C,2026-S1
EQ-PUMP-001,2026-02-27T06:00:00Z,pressure_bar,5.41,bar,2026-S1
EQ-PUMP-006,2026-02-27T06:00:00Z,temperature_c,68.790545,°C,2026-S1
EQ-CAB-134,2026-02-27T12:00:00Z,temperature_c,63.11,°C,2026-S1
EQ-CHILL-188,2026-02-27T12:00:00Z,pressure_bar,6.05,bar,2026-S1
EQ-CHILL-188,2026-02-27T12:00:00Z,temperature_c,53.31,°C,2026-S1
EQ-COMP-002,2026-02-27T12:00:00Z,pressure_bar,6.75,bar,2026-S1
EQ-COMP-233,2026-02-27 12:00:00,temperature_c,56.27,°C,2026-S1
EQ-CONV-262,2026-02-27T12:00:00Z,current_a,28.64,A,2026-S1
EQ-FAN-002,2026-02-27T12:00:00Z,current_a,25.88,A,2026-S1
EQ-FAN-284,2026-02-27T12:00:00Z,vibration_mm_s,2.93,mm/s,2026-S1
EQ-FAN-304,2026-02-27T12:00:00Z,rpm,1600.79,rpm,2026-S1
EQ-FAN-304,2026-02-27T12:00:00Z,vibration_mm_s,2.21,mm/s,2026-S1
EQ-MIX-159,2026-02-27T12:00:00Z,vibration_mm_s,22.70,mm/s,2026-S1
EQ-MIX-259,2026-02-27T12:00:00Z,current_a,19.73,A,2026-S1
EQ-OVEN-123,2026-02-27T12:00:00Z,temperature_c,61.11,°C,2026-S1
EQ-PUMP-001,2026-02-27T12:00:00Z,pressure_bar,5.68,bar,2026-S1
EQ-PUMP-006,2026-02-27T12:00:00Z,temperature_c,35.728539,°C,2026-S1
EQ-CAB-134,2026-02-27T18:00:00Z,temperature_c,60.05,°C,2026-S1
EQ-CHILL-188,2026-02-27T18:00:00Z,pressure_bar,6.18,bar,2026-S1
EQ-CHILL-188,2026-02-27T18:00:00Z,temperature_c,61.61,°C,2026-S1
EQ-COMP-002,2026-02-27T18:00:00Z,pressure_bar,6.84,bar,2026-S1
EQ-COMP-233,2026-02-27 18:00:00,temperature_c,58.06,°C,2026-S1
EQ-CONV-262,2026-02-27T18:00:00Z,current_a,30.76,A,2026-S1
EQ-FAN-002,2026-02-27T18:00:00Z,current_a,23.72,A,2026-S1
EQ-FAN-284,2026-02-27T18:00:00Z,vibration_mm_s,2.45,mm/s,2026-S1
EQ-FAN-304,2026-02-27T18:00:00Z,rpm,1544.16,rpm,2026-S1
EQ-FAN-304,2026-02-27T18:00:00Z,vibration_mm_s,2.70,mm/s,2026-S1
EQ-MIX-159,2026-02-27T18:00:00Z,vibration_mm_s,18.49,mm/s,2026-S1
EQ-MIX-259,2026-02-27T18:00:00Z,current_a,22.55,A,2026-S1
EQ-OVEN-123,2026-02-27T18:00:00Z,temperature_c,59.69,°C,2026-S1
EQ-PUMP-001,2026-02-27T18:00:00Z,pressure_bar,5.88,bar,2026-S1
EQ-PUMP-006,2026-02-27T18:00:00Z,temperature_c,109.365942,°C,2026-S1
EQ-CAB-134,2026-02-28T00:00:00Z,temperature_c,52.04,°C,2026-S1
EQ-CHILL-188,2026-02-28T00:00:00Z,pressure_bar,6.52,bar,2026-S1
EQ-CHILL-188,2026-02-28T00:00:00Z,temperature_c,61.24,°C,2026-S1
EQ-COMP-002,2026-02-28T00:00:00Z,pressure_bar,6.30,bar,2026-S1
EQ-COMP-233,2026-02-28 00:00:00,temperature_c,63.40,°C,2026-S1
EQ-CONV-262,2026-02-28T00:00:00Z,current_a,28.73,A,2026-S1
EQ-FAN-002,2026-02-28T00:00:00Z,current_a,21.72,A,2026-S1
EQ-FAN-284,2026-02-28T00:00:00Z,vibration_mm_s,2.26,mm/s,2026-S1
EQ-FAN-304,2026-02-28T00:00:00Z,rpm,1478.56,rpm,2026-S1
EQ-FAN-304,2026-02-28T00:00:00Z,vibration_mm_s,2.81,mm/s,2026-S1
EQ-MIX-159,2026-02-28T00:00:00Z,vibration_mm_s,17.08,mm/s,2026-S1
EQ-MIX-259,2026-02-28T00:00:00Z,current_a,23.33,A,2026-S1
EQ-OVEN-123,2026-02-28T00:00:00Z,temperature_c,53.75,°C,2026-S1
EQ-PUMP-001,2026-02-28T00:00:00Z,pressure_bar,6.21,bar,2026-S1
EQ-PUMP-006,2026-02-28T00:00:00Z,temperature_c,-8.101298,°C,2026-S1
EQ-CAB-134,2026-02-28T06:00:00Z,temperature_c,58.84,°C,2026-S1
EQ-CHILL-188,2026-02-28T06:00:00Z,pressure_bar,6.29,bar,2026-S1
EQ-CHILL-188,2026-02-28T06:00:00Z,temperature_c,52.80,°C,2026-S1
EQ-COMP-002,2026-02-28T06:00:00Z,pressure_bar,6.07,bar,2026-S1
EQ-COMP-233,2026-02-28 06:00:00,temperature_c,59.12,°C,2026-S1
EQ-CONV-262,2026-02-28T06:00:00Z,current_a,25.31,A,2026-S1
EQ-FAN-002,2026-02-28T06:00:00Z,current_a,20.56,A,2026-S1
EQ-FAN-284,2026-02-28T06:00:00Z,vibration_mm_s,2.93,mm/s,2026-S1
EQ-FAN-304,2026-02-28T06:00:00Z,rpm,1489.70,rpm,2026-S1
EQ-FAN-304,2026-02-28T06:00:00Z,vibration_mm_s,2.30,mm/s,2026-S1
EQ-MIX-159,2026-02-28T06:00:00Z,vibration_mm_s,24.19,mm/s,2026-S1
EQ-MIX-259,2026-02-28T06:00:00Z,current_a,21.24,A,2026-S1
EQ-OVEN-123,2026-02-28T06:00:00Z,temperature_c,51.06,°C,2026-S1
EQ-PUMP-001,2026-02-28T06:00:00Z,pressure_bar,5.58,bar,2026-S1
EQ-PUMP-006,2026-02-28T06:00:00Z,temperature_c,19.215209,°C,2026-S1
EQ-CAB-134,2026-02-28T12:00:00Z,temperature_c,56.91,°C,2026-S1
EQ-CHILL-188,2026-02-28T12:00:00Z,pressure_bar,5.91,bar,2026-S1
EQ-CHILL-188,2026-02-28T12:00:00Z,temperature_c,55.14,°C,2026-S1
EQ-COMP-002,2026-02-28T12:00:00Z,pressure_bar,6.70,bar,2026-S1
EQ-COMP-233,2026-02-28 12:00:00,temperature_c,51.71,°C,2026-S1
EQ-CONV-262,2026-02-28T12:00:00Z,current_a,27.81,A,2026-S1
EQ-FAN-002,2026-02-28T12:00:00Z,current_a,24.44,A,2026-S1
EQ-FAN-284,2026-02-28T12:00:00Z,vibration_mm_s,3.01,mm/s,2026-S1
EQ-FAN-304,2026-02-28T12:00:00Z,rpm,1528.23,rpm,2026-S1
EQ-FAN-304,2026-02-28T12:00:00Z,vibration_mm_s,2.16,mm/s,2026-S1
EQ-MIX-159,2026-02-28T12:00:00Z,vibration_mm_s,23.81,mm/s,2026-S1
EQ-MIX-259,2026-02-28T12:00:00Z,current_a,19.31,A,2026-S1
EQ-OVEN-123,2026-02-28T12:00:00Z,temperature_c,57.99,°C,2026-S1
EQ-PUMP-001,2026-02-28T12:00:00Z,pressure_bar,5.56,bar,2026-S1
EQ-PUMP-006,2026-02-28T12:00:00Z,temperature_c,30.431459,°C,2026-S1
EQ-CAB-134,2026-02-28T18:00:00Z,temperature_c,53.60,°C,2026-S1
EQ-CHILL-188,2026-02-28T18:00:00Z,pressure_bar,5.98,bar,2026-S1
EQ-CHILL-188,2026-02-28T18:00:00Z,temperature_c,57.59,°C,2026-S1
EQ-COMP-002,2026-02-28T18:00:00Z,pressure_bar,6.74,bar,2026-S1
EQ-COMP-233,2026-02-28 18:00:00,temperature_c,58.89,°C,2026-S1
EQ-CONV-262,2026-02-28T18:00:00Z,current_a,30.01,A,2026-S1
EQ-FAN-002,2026-02-28T18:00:00Z,current_a,24.48,A,2026-S1
EQ-FAN-284,2026-02-28T18:00:00Z,vibration_mm_s,2.40,mm/s,2026-S1
EQ-FAN-304,2026-02-28T18:00:00Z,rpm,1512.62,rpm,2026-S1
EQ-FAN-304,2026-02-28T18:00:00Z,vibration_mm_s,2.57,mm/s,2026-S1
EQ-MIX-159,2026-02-28T18:00:00Z,vibration_mm_s,21.39,mm/s,2026-S1
EQ-MIX-259,2026-02-28T18:00:00Z,current_a,22.17,A,2026-S1
EQ-OVEN-123,2026-02-28T18:00:00Z,temperature_c,62.76,°C,2026-S1
EQ-PUMP-001,2026-02-28T18:00:00Z,pressure_bar,6.13,bar,2026-S1
EQ-PUMP-006,2026-02-28T18:00:00Z,temperature_c,44.997329,°C,2026-S1
EQ-CAB-134,2026-03-01T00:00:00Z,temperature_c,50.01,°C,2026-S1
EQ-CHILL-188,2026-03-01T00:00:00Z,pressure_bar,6.54,bar,2026-S1
EQ-CHILL-188,2026-03-01T00:00:00Z,temperature_c,62.20,°C,2026-S1
EQ-COMP-002,2026-03-01T00:00:00Z,pressure_bar,6.60,bar,2026-S1
EQ-COMP-233,2026-03-01 00:00:00,temperature_c,63.86,°C,2026-S1
EQ-CONV-262,2026-03-01T00:00:00Z,current_a,28.88,A,2026-S1
EQ-FAN-002,2026-03-01T00:00:00Z,current_a,20.27,A,2026-S1
EQ-FAN-284,2026-03-01T00:00:00Z,vibration_mm_s,2.19,mm/s,2026-S1
EQ-FAN-304,2026-03-01T00:00:00Z,rpm,1480.39,rpm,2026-S1
EQ-FAN-304,2026-03-01T00:00:00Z,vibration_mm_s,2.58,mm/s,2026-S1
EQ-MIX-159,2026-03-01T00:00:00Z,vibration_mm_s,19.50,mm/s,2026-S1
EQ-MIX-259,2026-03-01T00:00:00Z,current_a,23.72,A,2026-S1
EQ-OVEN-123,2026-03-01T00:00:00Z,temperature_c,53.48,°C,2026-S1
EQ-PUMP-001,2026-03-01T00:00:00Z,pressure_bar,6.33,bar,2026-S1
EQ-PUMP-006,2026-03-01T00:00:00Z,temperature_c,79.876378,°C,2026-S1
EQ-CAB-134,2026-03-01T06:00:00Z,temperature_c,53.53,°C,2026-S1
EQ-CHILL-188,2026-03-01T06:00:00Z,pressure_bar,6.21,bar,2026-S1
EQ-CHILL-188,2026-03-01T06:00:00Z,temperature_c,55.38,°C,2026-S1
EQ-COMP-002,2026-03-01T06:00:00Z,pressure_bar,6.29,bar,2026-S1
EQ-COMP-233,2026-03-01 06:00:00,temperature_c,57.29,°C,2026-S1
EQ-CONV-262,2026-03-01T06:00:00Z,current_a,25.74,A,2026-S1
EQ-FAN-002,2026-03-01T06:00:00Z,current_a,20.67,A,2026-S1
EQ-FAN-284,2026-03-01T06:00:00Z,vibration_mm_s,2.81,mm/s,2026-S1
EQ-FAN-304,2026-03-01T06:00:00Z,rpm,1500.19,rpm,2026-S1
EQ-FAN-304,2026-03-01T06:00:00Z,vibration_mm_s,2.44,mm/s,2026-S1
EQ-MIX-159,2026-03-01T06:00:00Z,vibration_mm_s,26.51,mm/s,2026-S1
EQ-MIX-259,2026-03-01T06:00:00Z,current_a,21.36,A,2026-S1
EQ-OVEN-123,2026-03-01T06:00:00Z,temperature_c,53.00,°C,2026-S1
EQ-PUMP-001,2026-03-01T06:00:00Z,pressure_bar,5.77,bar,2026-S1
EQ-PUMP-006,2026-03-01T06:00:00Z,temperature_c,7.514739,°C,2026-S1
EQ-CAB-134,2026-03-01T12:00:00Z,temperature_c,59.11,°C,2026-S1
EQ-CHILL-188,2026-03-01T12:00:00Z,pressure_bar,5.95,bar,2026-S1
EQ-CHILL-188,2026-03-01T12:00:00Z,temperature_c,53.14,°C,2026-S1
EQ-COMP-002,2026-03-01T12:00:00Z,pressure_bar,6.80,bar,2026-S1
EQ-COMP-233,2026-03-01 12:00:00,temperature_c,53.18,°C,2026-S1
EQ-CONV-262,2026-03-01T12:00:00Z,current_a,27.13,A,2026-S1
EQ-FAN-002,2026-03-01T12:00:00Z,current_a,24.32,A,2026-S1
EQ-FAN-284,2026-03-01T12:00:00Z,vibration_mm_s,2.82,mm/s,2026-S1
EQ-FAN-304,2026-03-01T12:00:00Z,rpm,1528.66,rpm,2026-S1
EQ-FAN-304,2026-03-01T12:00:00Z,vibration_mm_s,2.09,mm/s,2026-S1
EQ-MIX-159,2026-03-01T12:00:00Z,vibration_mm_s,26.51,mm/s,2026-S1
EQ-MIX-259,2026-03-01T12:00:00Z,current_a,19.90,A,2026-S1
EQ-OVEN-123,2026-03-01T12:00:00Z,temperature_c,57.51,°C,2026-S1
EQ-PUMP-001,2026-03-01T12:00:00Z,pressure_bar,6.14,bar,2026-S1
EQ-PUMP-006,2026-03-01T12:00:00Z,temperature_c,119.247249,°C,2026-S1
EQ-CAB-134,2026-03-01T18:00:00Z,temperature_c,53.83,°C,2026-S1
EQ-CHILL-188,2026-03-01T18:00:00Z,pressure_bar,6.17,bar,2026-S1
EQ-CHILL-188,2026-03-01T18:00:00Z,temperature_c,58.37,°C,2026-S1
EQ-COMP-002,2026-03-01T18:00:00Z,pressure_bar,7.08,bar,2026-S1
EQ-COMP-233,2026-03-01 18:00:00,temperature_c,55.27,°C,2026-S1
EQ-CONV-262,2026-03-01T18:00:00Z,current_a,31.12,A,2026-S1
EQ-FAN-002,2026-03-01T18:00:00Z,current_a,22.70,A,2026-S1
EQ-FAN-284,2026-03-01T18:00:00Z,vibration_mm_s,2.17,mm/s,2026-S1
EQ-FAN-304,2026-03-01T18:00:00Z,rpm,1543.91,rpm,2026-S1
EQ-FAN-304,2026-03-01T18:00:00Z,vibration_mm_s,1.93,mm/s,2026-S1
EQ-MIX-159,2026-03-01T18:00:00Z,vibration_mm_s,21.25,mm/s,2026-S1
EQ-MIX-259,2026-03-01T18:00:00Z,current_a,22.07,A,2026-S1
EQ-OVEN-123,2026-03-01T18:00:00Z,temperature_c,59.85,°C,2026-S1
EQ-PUMP-001,2026-03-01T18:00:00Z,pressure_bar,5.81,bar,2026-S1
EQ-PUMP-006,2026-03-01T18:00:00Z,temperature_c,65.014945,°C,2026-S1
EQ-CAB-134,2026-03-02T00:00:00Z,temperature_c,49.12,°C,2026-S1
EQ-CHILL-188,2026-03-02T00:00:00Z,pressure_bar,6.53,bar,2026-S1
EQ-CHILL-188,2026-03-02T00:00:00Z,temperature_c,64.08,°C,2026-S1
EQ-COMP-002,2026-03-02T00:00:00Z,pressure_bar,6.61,bar,2026-S1
EQ-COMP-233,2026-03-02 00:00:00,temperature_c,64.09,°C,2026-S1
EQ-CONV-262,2026-03-02T00:00:00Z,current_a,29.24,A,2026-S1
EQ-FAN-002,2026-03-02T00:00:00Z,current_a,21.93,A,2026-S1
EQ-FAN-284,2026-03-02T00:00:00Z,vibration_mm_s,2.64,mm/s,2026-S1
EQ-FAN-304,2026-03-02T00:00:00Z,rpm,1535.61,rpm,2026-S1
EQ-FAN-304,2026-03-02T00:00:00Z,vibration_mm_s,2.42,mm/s,2026-S1
EQ-MIX-159,2026-03-02T00:00:00Z,vibration_mm_s,27.29,mm/s,2026-S1
EQ-MIX-259,2026-03-02T00:00:00Z,current_a,24.47,A,2026-S1
EQ-OVEN-123,2026-03-02T00:00:00Z,temperature_c,54.92,°C,2026-S1
EQ-PUMP-001,2026-03-02T00:00:00Z,pressure_bar,5.94,bar,2026-S1
EQ-PUMP-006,2026-03-02T00:00:00Z,temperature_c,77.106898,°C,2026-S1
EQ-CAB-134,2026-03-02T06:00:00Z,temperature_c,53.59,°C,2026-S1
EQ-CHILL-188,2026-03-02T06:00:00Z,pressure_bar,6.30,bar,2026-S1
EQ-CHILL-188,2026-03-02T06:00:00Z,temperature_c,59.15,°C,2026-S1
EQ-COMP-002,2026-03-02T06:00:00Z,pressure_bar,6.45,bar,2026-S1
EQ-COMP-233,2026-03-02 06:00:00,temperature_c,61.18,°C,2026-S1
EQ-CONV-262,2026-03-02T06:00:00Z,current_a,26.44,A,2026-S1
EQ-FAN-002,2026-03-02T06:00:00Z,current_a,23.41,A,2026-S1
EQ-FAN-284,2026-03-02T06:00:00Z,vibration_mm_s,3.30,mm/s,2026-S1
EQ-FAN-304,2026-03-02T06:00:00Z,rpm,1499.65,rpm,2026-S1
EQ-FAN-304,2026-03-02T06:00:00Z,vibration_mm_s,2.13,mm/s,2026-S1
EQ-MIX-159,2026-03-02T06:00:00Z,vibration_mm_s,21.52,mm/s,2026-S1
EQ-MIX-259,2026-03-02T06:00:00Z,current_a,21.90,A,2026-S1
EQ-OVEN-123,2026-03-02T06:00:00Z,temperature_c,55.17,°C,2026-S1
EQ-PUMP-001,2026-03-02T06:00:00Z,pressure_bar,5.58,bar,2026-S1
EQ-PUMP-006,2026-03-02T06:00:00Z,temperature_c,-19.815480,°C,2026-S1
EQ-CAB-134,2026-03-02T12:00:00Z,temperature_c,55.32,°C,2026-S1
EQ-CHILL-188,2026-03-02T12:00:00Z,pressure_bar,5.85,bar,2026-S1
EQ-CHILL-188,2026-03-02T12:00:00Z,temperature_c,53.68,°C,2026-S1
EQ-COMP-002,2026-03-02T12:00:00Z,pressure_bar,6.97,bar,2026-S1
EQ-COMP-233,2026-03-02 12:00:00,temperature_c,53.57,°C,2026-S1
EQ-CONV-262,2026-03-02T12:00:00Z,current_a,27.62,A,2026-S1
EQ-FAN-002,2026-03-02T12:00:00Z,current_a,26.20,A,2026-S1
EQ-FAN-284,2026-03-02T12:00:00Z,vibration_mm_s,3.07,mm/s,2026-S1
EQ-FAN-304,2026-03-02T12:00:00Z,rpm,1551.84,rpm,2026-S1
EQ-FAN-304,2026-03-02T12:00:00Z,vibration_mm_s,1.95,mm/s,2026-S1
EQ-MIX-159,2026-03-02T12:00:00Z,vibration_mm_s,22.62,mm/s,2026-S1
EQ-MIX-259,2026-03-02T12:00:00Z,current_a,19.41,A,2026-S1
EQ-OVEN-123,2026-03-02T12:00:00Z,temperature_c,64.90,°C,2026-S1
EQ-PUMP-001,2026-03-02T12:00:00Z,pressure_bar,6.28,bar,2026-S1
EQ-PUMP-006,2026-03-02T12:00:00Z,temperature_c,29.707020,°C,2026-S1
EQ-CAB-134,2026-03-02T18:00:00Z,current_a,20.82,A,2026-S1
EQ-CAB-134,2026-03-02T18:00:00Z,temperature_c,51.15,°C,2026-S1
EQ-CHILL-188,2026-03-02T18:00:00Z,pressure_bar,5.88,bar,2026-S1
EQ-CHILL-188,2026-03-02T18:00:00Z,temperature_c,64.13,°C,2026-S1
EQ-COMP-002,2026-03-02T18:00:00Z,pressure_bar,6.95,bar,2026-S1
EQ-COMP-233,2026-03-02 18:00:00,temperature_c,59.38,°C,2026-S1
EQ-FAN-002,2026-03-02T18:00:00Z,current_a,23.97,A,2026-S1
EQ-FAN-284,2026-03-02T18:00:00Z,vibration_mm_s,2.58,mm/s,2026-S1
EQ-FAN-304,2026-03-02T18:00:00Z,rpm,1572.74,rpm,2026-S1
EQ-FAN-304,2026-03-02T18:00:00Z,vibration_mm_s,2.22,mm/s,2026-S1
EQ-MIX-159,2026-03-02T18:00:00Z,vibration_mm_s,18.74,mm/s,2026-S1
EQ-MIX-259,2026-03-02T18:00:00Z,current_a,23.10,A,2026-S1
EQ-OVEN-123,2026-03-02T18:00:00Z,temperature_c,65.17,°C,2026-S1
EQ-PUMP-001,2026-03-02T18:00:00Z,pressure_bar,6.28,bar,2026-S1
EQ-PUMP-006,2026-03-02T18:00:00Z,temperature_c,44.018082,°C,2026-S1
EQ-PUMP-171,2026-03-02T18:00:00Z,temperature_c,55.49,°C,2026-S1
EQ-CAB-134,2026-03-03T00:00:00Z,current_a,21.41,A,2026-S1
EQ-CHILL-001,2026-03-03T00:00:00Z,pressure_bar,599.00,kPa,2026-S1
EQ-CHILL-248,2026-03-03T00:00:00Z,pressure_bar,6.93,bar,2026-S1
EQ-CHILL-248,2026-03-03T00:00:00Z,temperature_c,51.79,°C,2026-S1
EQ-COMP-233,2026-03-03 00:00:00,temperature_c,63.92,°C,2026-S1
EQ-CONV-336,2026-03-03T00:00:00Z,rpm,1334.45,rpm,2026-S1
EQ-FAN-002,2026-03-03T00:00:00Z,vibration_mm_s,3.12,mm/s,2026-S1
EQ-MIX-259,2026-03-03T00:00:00Z,current_a,25.98,A,2026-S1
EQ-MIX-259,2026-03-03T00:00:00Z,vibration_mm_s,3.42,mm/s,2026-S1
EQ-MIX-379,2026-03-03T00:00:00Z,current_a,22.06,A,2026-S1
EQ-PUMP-006,2026-03-03T00:00:00Z,temperature_c,53.40,°C,2026-S1
EQ-PUMP-171,2026-03-03T00:00:00Z,temperature_c,57.03,°C,2026-S1
EQ-STEAM-352,2026-03-03T00:00:00Z,pressure_bar,6.34,bar,2026-S1
EQ-CAB-134,2026-03-03T06:00:00Z,current_a,22.86,A,2026-S1
EQ-CHILL-001,2026-03-03T06:00:00Z,pressure_bar,610.00,kPa,2026-S1
EQ-CHILL-248,2026-03-03T06:00:00Z,pressure_bar,6.93,bar,2026-S1
EQ-CHILL-248,2026-03-03T06:00:00Z,temperature_c,47.33,°C,2026-S1
EQ-COMP-233,2026-03-03 06:00:00,temperature_c,60.34,°C,2026-S1
EQ-CONV-336,2026-03-03T06:00:00Z,rpm,1379.10,rpm,2026-S1
EQ-FAN-002,2026-03-03T06:00:00Z,vibration_mm_s,3.29,mm/s,2026-S1
EQ-MIX-259,2026-03-03T06:00:00Z,current_a,20.83,A,2026-S1
EQ-MIX-259,2026-03-03T06:00:00Z,vibration_mm_s,3.21,mm/s,2026-S1
EQ-MIX-379,2026-03-03T06:00:00Z,current_a,19.28,A,2026-S1
EQ-PUMP-006,2026-03-03T06:00:00Z,temperature_c,59.64,°C,2026-S1
EQ-PUMP-171,2026-03-03T06:00:00Z,temperature_c,65.58,°C,2026-S1
EQ-STEAM-352,2026-03-03T06:00:00Z,pressure_bar,6.39,bar,2026-S1
EQ-CAB-134,2026-03-03T12:00:00Z,current_a,21.14,A,2026-S1
EQ-CHILL-001,2026-03-03T12:00:00Z,pressure_bar,555.00,kPa,2026-S1
EQ-CHILL-248,2026-03-03T12:00:00Z,pressure_bar,6.83,bar,2026-S1
EQ-CHILL-248,2026-03-03T12:00:00Z,temperature_c,54.76,°C,2026-S1
EQ-COMP-233,2026-03-03 12:00:00,temperature_c,54.25,°C,2026-S1
EQ-CONV-336,2026-03-03T12:00:00Z,rpm,1367.13,rpm,2026-S1
EQ-FAN-002,2026-03-03T12:00:00Z,vibration_mm_s,2.97,mm/s,2026-S1
EQ-MIX-259,2026-03-03T12:00:00Z,current_a,21.52,A,2026-S1
EQ-MIX-259,2026-03-03T12:00:00Z,vibration_mm_s,2.98,mm/s,2026-S1
EQ-MIX-379,2026-03-03T12:00:00Z,current_a,21.27,A,2026-S1
EQ-PUMP-006,2026-03-03T12:00:00Z,temperature_c,58.94,°C,2026-S1
EQ-PUMP-171,2026-03-03T12:00:00Z,temperature_c,62.08,°C,2026-S1
EQ-STEAM-352,2026-03-03T12:00:00Z,pressure_bar,6.18,bar,2026-S1
EQ-CAB-134,2026-03-03T18:00:00Z,current_a,23.00,A,2026-S1
EQ-CHILL-001,2026-03-03T18:00:00Z,pressure_bar,580.00,kPa,2026-S1
EQ-CHILL-248,2026-03-03T18:00:00Z,pressure_bar,6.28,bar,2026-S1
EQ-CHILL-248,2026-03-03T18:00:00Z,temperature_c,57.88,°C,2026-S1
EQ-COMP-233,2026-03-03 18:00:00,temperature_c,61.87,°C,2026-S1
EQ-CONV-336,2026-03-03T18:00:00Z,rpm,1319.59,rpm,2026-S1
EQ-FAN-002,2026-03-03T18:00:00Z,vibration_mm_s,2.47,mm/s,2026-S1
EQ-MIX-259,2026-03-03T18:00:00Z,current_a,23.10,A,2026-S1
EQ-MIX-259,2026-03-03T18:00:00Z,vibration_mm_s,3.61,mm/s,2026-S1
EQ-MIX-379,2026-03-03T18:00:00Z,current_a,23.00,A,2026-S1
EQ-PUMP-006,2026-03-03T18:00:00Z,temperature_c,50.62,°C,2026-S1
EQ-PUMP-171,2026-03-03T18:00:00Z,temperature_c,52.16,°C,2026-S1
EQ-STEAM-352,2026-03-03T18:00:00Z,pressure_bar,6.17,bar,2026-S1
EQ-CAB-134,2026-03-04T00:00:00Z,current_a,22.73,A,2026-S1
EQ-CHILL-001,2026-03-04T00:00:00Z,pressure_bar,622.00,kPa,2026-S1
EQ-CHILL-248,2026-03-04T00:00:00Z,pressure_bar,6.74,bar,2026-S1
EQ-CHILL-248,2026-03-04T00:00:00Z,temperature_c,50.99,°C,2026-S1
EQ-COMP-233,2026-03-04 00:00:00,temperature_c,62.45,°C,2026-S1
EQ-CONV-336,2026-03-04T00:00:00Z,rpm,1317.55,rpm,2026-S1
EQ-FAN-002,2026-03-04T00:00:00Z,vibration_mm_s,2.94,mm/s,2026-S1
EQ-MIX-259,2026-03-04T00:00:00Z,current_a,24.22,A,2026-S1
EQ-MIX-259,2026-03-04T00:00:00Z,vibration_mm_s,4.03,mm/s,2026-S1
EQ-MIX-379,2026-03-04T00:00:00Z,current_a,21.10,A,2026-S1
EQ-PUMP-006,2026-03-04T00:00:00Z,temperature_c,50.49,°C,2026-S1
EQ-PUMP-171,2026-03-04T00:00:00Z,temperature_c,56.35,°C,2026-S1
EQ-STEAM-352,2026-03-04T00:00:00Z,pressure_bar,6.23,bar,2026-S1
EQ-CAB-134,2026-03-04T06:00:00Z,current_a,24.59,A,2026-S1
EQ-CHILL-001,2026-03-04T06:00:00Z,pressure_bar,596.00,kPa,2026-S1
EQ-CHILL-248,2026-03-04T06:00:00Z,pressure_bar,7.13,bar,2026-S1
EQ-CHILL-248,2026-03-04T06:00:00Z,temperature_c,48.17,°C,2026-S1
EQ-COMP-233,2026-03-04 06:00:00,temperature_c,60.31,°C,2026-S1
EQ-CONV-336,2026-03-04T06:00:00Z,rpm,1429.80,rpm,2026-S1
EQ-FAN-002,2026-03-04T06:00:00Z,vibration_mm_s,2.87,mm/s,2026-S1
EQ-MIX-259,2026-03-04T06:00:00Z,current_a,22.52,A,2026-S1
EQ-MIX-259,2026-03-04T06:00:00Z,vibration_mm_s,3.47,mm/s,2026-S1
EQ-MIX-379,2026-03-04T06:00:00Z,current_a,17.21,A,2026-S1
EQ-PUMP-006,2026-03-04T06:00:00Z,temperature_c,59.57,°C,2026-S1
EQ-PUMP-171,2026-03-04T06:00:00Z,temperature_c,60.96,°C,2026-S1
EQ-STEAM-352,2026-03-04T06:00:00Z,pressure_bar,6.65,bar,2026-S1
EQ-CAB-134,2026-03-04T12:00:00Z,current_a,22.94,A,2026-S1
EQ-CHILL-001,2026-03-04T12:00:00Z,pressure_bar,576.00,kPa,2026-S1
EQ-CHILL-248,2026-03-04T12:00:00Z,pressure_bar,6.80,bar,2026-S1
EQ-CHILL-248,2026-03-04T12:00:00Z,temperature_c,52.68,°C,2026-S1
EQ-COMP-233,2026-03-04 12:00:00,temperature_c,53.53,°C,2026-S1
EQ-CONV-336,2026-03-04T12:00:00Z,rpm,1355.11,rpm,2026-S1
EQ-FAN-002,2026-03-04T12:00:00Z,vibration_mm_s,3.10,mm/s,2026-S1
EQ-MIX-259,2026-03-04T12:00:00Z,current_a,19.71,A,2026-S1
EQ-MIX-259,2026-03-04T12:00:00Z,vibration_mm_s,3.65,mm/s,2026-S1
EQ-MIX-379,2026-03-04T12:00:00Z,current_a,22.33,A,2026-S1
EQ-PUMP-006,2026-03-04T12:00:00Z,temperature_c,56.56,°C,2026-S1
EQ-PUMP-171,2026-03-04T12:00:00Z,temperature_c,61.16,°C,2026-S1
EQ-STEAM-352,2026-03-04T12:00:00Z,pressure_bar,6.54,bar,2026-S1
EQ-CAB-134,2026-03-04T18:00:00Z,current_a,20.77,A,2026-S1
EQ-CHILL-001,2026-03-04T18:00:00Z,pressure_bar,566.00,kPa,2026-S1
EQ-CHILL-248,2026-03-04T18:00:00Z,pressure_bar,6.58,bar,2026-S1
EQ-CHILL-248,2026-03-04T18:00:00Z,temperature_c,56.79,°C,2026-S1
EQ-COMP-233,2026-03-04 18:00:00,temperature_c,59.72,°C,2026-S1
EQ-CONV-336,2026-03-04T18:00:00Z,rpm,1356.19,rpm,2026-S1
EQ-FAN-002,2026-03-04T18:00:00Z,vibration_mm_s,2.39,mm/s,2026-S1
EQ-MIX-259,2026-03-04T18:00:00Z,current_a,22.40,A,2026-S1
EQ-MIX-259,2026-03-04T18:00:00Z,vibration_mm_s,3.93,mm/s,2026-S1
EQ-MIX-379,2026-03-04T18:00:00Z,current_a,23.54,A,2026-S1
EQ-PUMP-006,2026-03-04T18:00:00Z,temperature_c,52.85,°C,2026-S1
EQ-PUMP-171,2026-03-04T18:00:00Z,temperature_c,56.45,°C,2026-S1
EQ-STEAM-352,2026-03-04T18:00:00Z,pressure_bar,6.10,bar,2026-S1
EQ-CAB-134,2026-03-05T00:00:00Z,current_a,23.83,A,2026-S1
EQ-CHILL-001,2026-03-05T00:00:00Z,pressure_bar,626.00,kPa,2026-S1
EQ-CHILL-248,2026-03-05T00:00:00Z,pressure_bar,6.94,bar,2026-S1
EQ-CHILL-248,2026-03-05T00:00:00Z,temperature_c,53.38,°C,2026-S1
EQ-COMP-233,2026-03-05 00:00:00,temperature_c,65.13,°C,2026-S1
EQ-CONV-336,2026-03-05T00:00:00Z,rpm,1345.12,rpm,2026-S1
EQ-FAN-002,2026-03-05T00:00:00Z,vibration_mm_s,3.25,mm/s,2026-S1
EQ-MIX-259,2026-03-05T00:00:00Z,current_a,23.39,A,2026-S1
EQ-MIX-259,2026-03-05T00:00:00Z,vibration_mm_s,3.89,mm/s,2026-S1
EQ-MIX-379,2026-03-05T00:00:00Z,current_a,21.51,A,2026-S1
EQ-PUMP-006,2026-03-05T00:00:00Z,temperature_c,50.59,°C,2026-S1
EQ-PUMP-171,2026-03-05T00:00:00Z,temperature_c,57.67,°C,2026-S1
EQ-STEAM-352,2026-03-05T00:00:00Z,pressure_bar,6.21,bar,2026-S1
EQ-CAB-134,2026-03-05T06:00:00Z,current_a,24.90,A,2026-S1
EQ-CHILL-001,2026-03-05T06:00:00Z,pressure_bar,579.00,kPa,2026-S1
EQ-CHILL-248,2026-03-05T06:00:00Z,pressure_bar,7.31,bar,2026-S1
EQ-CHILL-248,2026-03-05T06:00:00Z,temperature_c,50.48,°C,2026-S1
EQ-COMP-233,2026-03-05 06:00:00,temperature_c,60.28,°C,2026-S1
EQ-CONV-336,2026-03-05T06:00:00Z,rpm,1444.45,rpm,2026-S1
EQ-FAN-002,2026-03-05T06:00:00Z,vibration_mm_s,2.97,mm/s,2026-S1
EQ-MIX-259,2026-03-05T06:00:00Z,current_a,20.43,A,2026-S1
EQ-MIX-259,2026-03-05T06:00:00Z,vibration_mm_s,2.71,mm/s,2026-S1
EQ-MIX-379,2026-03-05T06:00:00Z,current_a,21.48,A,2026-S1
EQ-PUMP-006,2026-03-05T06:00:00Z,temperature_c,58.77,°C,2026-S1
EQ-PUMP-171,2026-03-05T06:00:00Z,temperature_c,63.80,°C,2026-S1
EQ-STEAM-352,2026-03-05T06:00:00Z,pressure_bar,6.51,bar,2026-S1
EQ-CAB-134,2026-03-05T12:00:00Z,current_a,21.04,A,2026-S1
EQ-CHILL-001,2026-03-05T12:00:00Z,pressure_bar,565.00,kPa,2026-S1
EQ-CHILL-248,2026-03-05T12:00:00Z,pressure_bar,6.84,bar,2026-S1
EQ-CHILL-248,2026-03-05T12:00:00Z,temperature_c,55.36,°C,2026-S1
EQ-COMP-233,2026-03-05 12:00:00,temperature_c,53.90,°C,2026-S1
EQ-CONV-336,2026-03-05T12:00:00Z,rpm,1348.94,rpm,2026-S1
EQ-FAN-002,2026-03-05T12:00:00Z,vibration_mm_s,2.88,mm/s,2026-S1
EQ-MIX-259,2026-03-05T12:00:00Z,current_a,20.84,A,2026-S1
EQ-MIX-259,2026-03-05T12:00:00Z,vibration_mm_s,2.76,mm/s,2026-S1
EQ-MIX-379,2026-03-05T12:00:00Z,current_a,21.40,A,2026-S1
EQ-PUMP-006,2026-03-05T12:00:00Z,temperature_c,59.06,°C,2026-S1
EQ-PUMP-171,2026-03-05T12:00:00Z,temperature_c,63.67,°C,2026-S1
EQ-STEAM-352,2026-03-05T12:00:00Z,pressure_bar,6.76,bar,2026-S1
EQ-CAB-134,2026-03-05T18:00:00Z,current_a,21.46,A,2026-S1
EQ-CHILL-001,2026-03-05T18:00:00Z,pressure_bar,569.00,kPa,2026-S1
EQ-CHILL-248,2026-03-05T18:00:00Z,pressure_bar,6.55,bar,2026-S1
EQ-CHILL-248,2026-03-05T18:00:00Z,temperature_c,58.65,°C,2026-S1
EQ-COMP-233,2026-03-05 18:00:00,temperature_c,60.64,°C,2026-S1
EQ-CONV-336,2026-03-05T18:00:00Z,rpm,1321.04,rpm,2026-S1
EQ-FAN-002,2026-03-05T18:00:00Z,vibration_mm_s,2.58,mm/s,2026-S1
EQ-MIX-259,2026-03-05T18:00:00Z,current_a,21.61,A,2026-S1
EQ-MIX-259,2026-03-05T18:00:00Z,vibration_mm_s,2.54,mm/s,2026-S1
EQ-MIX-379,2026-03-05T18:00:00Z,current_a,24.28,A,2026-S1
EQ-PUMP-006,2026-03-05T18:00:00Z,temperature_c,52.66,°C,2026-S1
EQ-PUMP-171,2026-03-05T18:00:00Z,temperature_c,58.39,°C,2026-S1
EQ-STEAM-352,2026-03-05T18:00:00Z,pressure_bar,6.19,bar,2026-S1
EQ-CAB-134,2026-03-06T00:00:00Z,current_a,23.07,A,2026-S1
EQ-CHILL-001,2026-03-06T00:00:00Z,pressure_bar,566.00,kPa,2026-S1
EQ-CHILL-248,2026-03-06T00:00:00Z,pressure_bar,6.87,bar,2026-S1
EQ-CHILL-248,2026-03-06T00:00:00Z,temperature_c,51.75,°C,2026-S1
EQ-COMP-233,2026-03-06 00:00:00,temperature_c,62.66,°C,2026-S1
EQ-CONV-336,2026-03-06T00:00:00Z,rpm,1335.32,rpm,2026-S1
EQ-FAN-002,2026-03-06T00:00:00Z,vibration_mm_s,2.85,mm/s,2026-S1
EQ-MIX-259,2026-03-06T00:00:00Z,current_a,22.60,A,2026-S1
EQ-MIX-259,2026-03-06T00:00:00Z,vibration_mm_s,3.01,mm/s,2026-S1
EQ-MIX-379,2026-03-06T00:00:00Z,current_a,22.25,A,2026-S1
EQ-PUMP-006,2026-03-06T00:00:00Z,temperature_c,51.40,°C,2026-S1
EQ-PUMP-171,2026-03-06T00:00:00Z,temperature_c,60.37,°C,2026-S1
EQ-STEAM-352,2026-03-06T00:00:00Z,pressure_bar,6.24,bar,2026-S1
EQ-CAB-134,2026-03-06T06:00:00Z,current_a,24.39,A,2026-S1
EQ-CHILL-001,2026-03-06T06:00:00Z,pressure_bar,587.00,kPa,2026-S1
EQ-CHILL-248,2026-03-06T06:00:00Z,pressure_bar,7.16,bar,2026-S1
EQ-CHILL-248,2026-03-06T06:00:00Z,temperature_c,48.80,°C,2026-S1
EQ-COMP-233,2026-03-06 06:00:00,temperature_c,59.40,°C,2026-S1
EQ-CONV-336,2026-03-06T06:00:00Z,rpm,1384.70,rpm,2026-S1
EQ-FAN-002,2026-03-06T06:00:00Z,vibration_mm_s,3.05,mm/s,2026-S1
EQ-MIX-259,2026-03-06T06:00:00Z,current_a,21.01,A,2026-S1
EQ-MIX-259,2026-03-06T06:00:00Z,vibration_mm_s,1.88,mm/s,2026-S1
EQ-MIX-379,2026-03-06T06:00:00Z,current_a,19.07,A,2026-S1
EQ-PUMP-006,2026-03-06T06:00:00Z,temperature_c,58.66,°C,2026-S1
EQ-PUMP-171,2026-03-06T06:00:00Z,temperature_c,66.74,°C,2026-S1
EQ-STEAM-352,2026-03-06T06:00:00Z,pressure_bar,6.49,bar,2026-S1
EQ-CAB-134,2026-03-06T12:00:00Z,current_a,19.49,A,2026-S1
EQ-CHILL-001,2026-03-06T12:00:00Z,pressure_bar,579.00,kPa,2026-S1
EQ-CHILL-248,2026-03-06T12:00:00Z,pressure_bar,6.78,bar,2026-S1
EQ-CHILL-248,2026-03-06T12:00:00Z,temperature_c,55.81,°C,2026-S1
EQ-COMP-233,2026-03-06 12:00:00,temperature_c,51.67,°C,2026-S1
EQ-CONV-336,2026-03-06T12:00:00Z,rpm,1394.01,rpm,2026-S1
EQ-FAN-002,2026-03-06T12:00:00Z,vibration_mm_s,3.31,mm/s,2026-S1
EQ-MIX-259,2026-03-06T12:00:00Z,current_a,19.87,A,2026-S1
EQ-MIX-259,2026-03-06T12:00:00Z,vibration_mm_s,2.34,mm/s,2026-S1
EQ-MIX-379,2026-03-06T12:00:00Z,current_a,22.14,A,2026-S1
EQ-PUMP-006,2026-03-06T12:00:00Z,temperature_c,58.02,°C,2026-S1
EQ-PUMP-171,2026-03-06T12:00:00Z,temperature_c,63.12,°C,2026-S1
EQ-STEAM-352,2026-03-06T12:00:00Z,pressure_bar,6.73,bar,2026-S1
EQ-CAB-134,2026-03-06T18:00:00Z,current_a,20.82,A,2026-S1
EQ-CHILL-001,2026-03-06T18:00:00Z,pressure_bar,591.00,kPa,2026-S1
EQ-CHILL-248,2026-03-06T18:00:00Z,pressure_bar,6.68,bar,2026-S1
EQ-CHILL-248,2026-03-06T18:00:00Z,temperature_c,56.92,°C,2026-S1
EQ-COMP-233,2026-03-06 18:00:00,temperature_c,59.90,°C,2026-S1
EQ-CONV-336,2026-03-06T18:00:00Z,rpm,1337.81,rpm,2026-S1
EQ-FAN-002,2026-03-06T18:00:00Z,vibration_mm_s,2.30,mm/s,2026-S1
EQ-MIX-259,2026-03-06T18:00:00Z,current_a,23.18,A,2026-S1
EQ-MIX-259,2026-03-06T18:00:00Z,vibration_mm_s,2.38,mm/s,2026-S1
EQ-MIX-379,2026-03-06T18:00:00Z,current_a,24.53,A,2026-S1
EQ-PUMP-006,2026-03-06T18:00:00Z,temperature_c,52.29,°C,2026-S1
EQ-PUMP-171,2026-03-06T18:00:00Z,temperature_c,57.73,°C,2026-S1
EQ-STEAM-352,2026-03-06T18:00:00Z,pressure_bar,6.11,bar,2026-S1
EQ-CAB-134,2026-03-07T00:00:00Z,current_a,21.36,A,2026-S1
EQ-CHILL-001,2026-03-07T00:00:00Z,pressure_bar,612.00,kPa,2026-S1
EQ-CHILL-248,2026-03-07T00:00:00Z,pressure_bar,7.02,bar,2026-S1
EQ-CHILL-248,2026-03-07T00:00:00Z,temperature_c,50.22,°C,2026-S1
EQ-COMP-233,2026-03-07 00:00:00,temperature_c,63.47,°C,2026-S1
EQ-CONV-336,2026-03-07T00:00:00Z,rpm,1334.12,rpm,2026-S1
EQ-FAN-002,2026-03-07T00:00:00Z,vibration_mm_s,2.82,mm/s,2026-S1
EQ-MIX-259,2026-03-07T00:00:00Z,current_a,23.45,A,2026-S1
EQ-MIX-259,2026-03-07T00:00:00Z,vibration_mm_s,2.53,mm/s,2026-S1
EQ-MIX-379,2026-03-07T00:00:00Z,current_a,21.07,A,2026-S1
EQ-PUMP-006,2026-03-07T00:00:00Z,temperature_c,48.55,°C,2026-S1
EQ-PUMP-171,2026-03-07T00:00:00Z,temperature_c,57.89,°C,2026-S1
EQ-STEAM-352,2026-03-07T00:00:00Z,pressure_bar,6.05,bar,2026-S1
EQ-CAB-134,2026-03-07T06:00:00Z,current_a,22.70,A,2026-S1
EQ-CHILL-001,2026-03-07T06:00:00Z,pressure_bar,590.00,kPa,2026-S1
EQ-CHILL-248,2026-03-07T06:00:00Z,pressure_bar,7.26,bar,2026-S1
EQ-CHILL-248,2026-03-07T06:00:00Z,temperature_c,46.36,°C,2026-S1
EQ-COMP-233,2026-03-07 06:00:00,temperature_c,57.19,°C,2026-S1
EQ-CONV-336,2026-03-07T06:00:00Z,rpm,1409.82,rpm,2026-S1
EQ-FAN-002,2026-03-07T06:00:00Z,vibration_mm_s,3.34,mm/s,2026-S1
EQ-MIX-259,2026-03-07T06:00:00Z,current_a,21.43,A,2026-S1
EQ-MIX-259,2026-03-07T06:00:00Z,vibration_mm_s,2.09,mm/s,2026-S1
EQ-MIX-379,2026-03-07T06:00:00Z,current_a,17.64,A,2026-S1
EQ-PUMP-006,2026-03-07T06:00:00Z,temperature_c,56.27,°C,2026-S1
EQ-PUMP-171,2026-03-07T06:00:00Z,temperature_c,66.65,°C,2026-S1
EQ-STEAM-352,2026-03-07T06:00:00Z,pressure_bar,6.51,bar,2026-S1
EQ-CAB-134,2026-03-07T12:00:00Z,current_a,19.81,A,2026-S1
EQ-CHILL-001,2026-03-07T12:00:00Z,pressure_bar,548.00,kPa,2026-S1
EQ-CHILL-248,2026-03-07T12:00:00Z,pressure_bar,6.81,bar,2026-S1
EQ-CHILL-248,2026-03-07T12:00:00Z,temperature_c,52.63,°C,2026-S1
EQ-COMP-233,2026-03-07 12:00:00,temperature_c,52.48,°C,2026-S1
EQ-CONV-336,2026-03-07T12:00:00Z,rpm,1366.18,rpm,2026-S1
EQ-FAN-002,2026-03-07T12:00:00Z,vibration_mm_s,2.77,mm/s,2026-S1
EQ-MIX-259,2026-03-07T12:00:00Z,current_a,18.32,A,2026-S1
EQ-MIX-259,2026-03-07T12:00:00Z,vibration_mm_s,1.90,mm/s,2026-S1
EQ-MIX-379,2026-03-07T12:00:00Z,current_a,20.06,A,2026-S1
EQ-PUMP-006,2026-03-07T12:00:00Z,temperature_c,55.28,°C,2026-S1
EQ-PUMP-171,2026-03-07T12:00:00Z,temperature_c,63.41,°C,2026-S1
EQ-STEAM-352,2026-03-07T12:00:00Z,pressure_bar,6.53,bar,2026-S1
EQ-CAB-134,2026-03-07T18:00:00Z,current_a,21.25,A,2026-S1
EQ-CHILL-001,2026-03-07T18:00:00Z,pressure_bar,543.00,kPa,2026-S1
EQ-CHILL-248,2026-03-07T18:00:00Z,pressure_bar,6.72,bar,2026-S1
EQ-CHILL-248,2026-03-07T18:00:00Z,temperature_c,55.36,°C,2026-S1
EQ-COMP-233,2026-03-07 18:00:00,temperature_c,57.34,°C,2026-S1
EQ-CONV-336,2026-03-07T18:00:00Z,rpm,1327.19,rpm,2026-S1
EQ-FAN-002,2026-03-07T18:00:00Z,vibration_mm_s,2.72,mm/s,2026-S1
EQ-MIX-259,2026-03-07T18:00:00Z,current_a,21.10,A,2026-S1
EQ-MIX-259,2026-03-07T18:00:00Z,vibration_mm_s,2.56,mm/s,2026-S1
EQ-MIX-379,2026-03-07T18:00:00Z,current_a,22.52,A,2026-S1
EQ-PUMP-006,2026-03-07T18:00:00Z,temperature_c,50.90,°C,2026-S1
EQ-PUMP-171,2026-03-07T18:00:00Z,temperature_c,61.28,°C,2026-S1
EQ-STEAM-352,2026-03-07T18:00:00Z,pressure_bar,5.87,bar,2026-S1
EQ-CAB-134,2026-03-08T00:00:00Z,current_a,22.38,A,2026-S1
EQ-CHILL-001,2026-03-08T00:00:00Z,pressure_bar,605.00,kPa,2026-S1
EQ-CHILL-248,2026-03-08T00:00:00Z,pressure_bar,7.25,bar,2026-S1
EQ-CHILL-248,2026-03-08T00:00:00Z,temperature_c,49.55,°C,2026-S1
EQ-COMP-233,2026-03-08 00:00:00,temperature_c,62.24,°C,2026-S1
EQ-CONV-336,2026-03-08T00:00:00Z,rpm,1335.83,rpm,2026-S1
EQ-FAN-002,2026-03-08T00:00:00Z,vibration_mm_s,2.61,mm/s,2026-S1
EQ-MIX-259,2026-03-08T00:00:00Z,current_a,23.05,A,2026-S1
EQ-MIX-259,2026-03-08T00:00:00Z,vibration_mm_s,2.91,mm/s,2026-S1
EQ-MIX-379,2026-03-08T00:00:00Z,current_a,21.11,A,2026-S1
EQ-PUMP-006,2026-03-08T00:00:00Z,temperature_c,49.71,°C,2026-S1
EQ-PUMP-171,2026-03-08T00:00:00Z,temperature_c,59.53,°C,2026-S1
EQ-STEAM-352,2026-03-08T00:00:00Z,pressure_bar,6.00,bar,2026-S1
EQ-CAB-134,2026-03-08T06:00:00Z,current_a,24.10,A,2026-S1
EQ-CHILL-001,2026-03-08T06:00:00Z,pressure_bar,598.00,kPa,2026-S1
EQ-CHILL-248,2026-03-08T06:00:00Z,pressure_bar,7.06,bar,2026-S1
EQ-CHILL-248,2026-03-08T06:00:00Z,temperature_c,47.04,°C,2026-S1
EQ-COMP-233,2026-03-08 06:00:00,temperature_c,58.90,°C,2026-S1
EQ-CONV-336,2026-03-08T06:00:00Z,rpm,1385.15,rpm,2026-S1
EQ-FAN-002,2026-03-08T06:00:00Z,vibration_mm_s,3.30,mm/s,2026-S1
EQ-MIX-259,2026-03-08T06:00:00Z,current_a,21.74,A,2026-S1
EQ-MIX-259,2026-03-08T06:00:00Z,vibration_mm_s,2.22,mm/s,2026-S1
EQ-MIX-379,2026-03-08T06:00:00Z,current_a,21.08,A,2026-S1
EQ-PUMP-006,2026-03-08T06:00:00Z,temperature_c,55.65,°C,2026-S1
EQ-PUMP-171,2026-03-08T06:00:00Z,temperature_c,69.68,°C,2026-S1
EQ-STEAM-352,2026-03-08T06:00:00Z,pressure_bar,6.37,bar,2026-S1
EQ-CAB-134,2026-03-08T12:00:00Z,current_a,21.03,A,2026-S1
EQ-CHILL-001,2026-03-08T12:00:00Z,pressure_bar,535.00,kPa,2026-S1
EQ-CHILL-248,2026-03-08T12:00:00Z,pressure_bar,6.96,bar,2026-S1
EQ-CHILL-248,2026-03-08T12:00:00Z,temperature_c,53.71,°C,2026-S1
EQ-COMP-233,2026-03-08 12:00:00,temperature_c,50.93,°C,2026-S1
EQ-CONV-336,2026-03-08T12:00:00Z,rpm,1385.55,rpm,2026-S1
EQ-FAN-002,2026-03-08T12:00:00Z,vibration_mm_s,2.75,mm/s,2026-S1
EQ-MIX-259,2026-03-08T12:00:00Z,current_a,18.64,A,2026-S1
EQ-MIX-259,2026-03-08T12:00:00Z,vibration_mm_s,2.32,mm/s,2026-S1
EQ-MIX-379,2026-03-08T12:00:00Z,current_a,20.86,A,2026-S1
EQ-PUMP-006,2026-03-08T12:00:00Z,temperature_c,59.72,°C,2026-S1
EQ-PUMP-171,2026-03-08T12:00:00Z,temperature_c,70.81,°C,2026-S1
EQ-STEAM-352,2026-03-08T12:00:00Z,pressure_bar,6.44,bar,2026-S1
EQ-CAB-134,2026-03-08T18:00:00Z,current_a,18.36,A,2026-S1
EQ-CHILL-001,2026-03-08T18:00:00Z,pressure_bar,599.00,kPa,2026-S1
EQ-CHILL-248,2026-03-08T18:00:00Z,pressure_bar,6.77,bar,2026-S1
EQ-CHILL-248,2026-03-08T18:00:00Z,temperature_c,55.10,°C,2026-S1
EQ-COMP-233,2026-03-08 18:00:00,temperature_c,58.26,°C,2026-S1
EQ-CONV-336,2026-03-08T18:00:00Z,rpm,1322.34,rpm,2026-S1
EQ-FAN-002,2026-03-08T18:00:00Z,vibration_mm_s,2.54,mm/s,2026-S1
EQ-MIX-259,2026-03-08T18:00:00Z,current_a,22.26,A,2026-S1
EQ-MIX-259,2026-03-08T18:00:00Z,vibration_mm_s,2.30,mm/s,2026-S1
EQ-MIX-379,2026-03-08T18:00:00Z,current_a,21.97,A,2026-S1
EQ-PUMP-006,2026-03-08T18:00:00Z,temperature_c,50.80,°C,2026-S1
EQ-PUMP-171,2026-03-08T18:00:00Z,temperature_c,63.95,°C,2026-S1
EQ-STEAM-352,2026-03-08T18:00:00Z,pressure_bar,6.09,bar,2026-S1
EQ-CAB-134,2026-03-09T00:00:00Z,current_a,21.27,A,2026-S1
EQ-CHILL-001,2026-03-09T00:00:00Z,pressure_bar,628.00,kPa,2026-S1
EQ-CHILL-248,2026-03-09T00:00:00Z,pressure_bar,6.83,bar,2026-S1
EQ-CHILL-248,2026-03-09T00:00:00Z,temperature_c,52.78,°C,2026-S1
EQ-COMP-233,2026-03-09 00:00:00,temperature_c,63.45,°C,2026-S1
EQ-CONV-336,2026-03-09T00:00:00Z,rpm,1368.60,rpm,2026-S1
EQ-FAN-002,2026-03-09T00:00:00Z,vibration_mm_s,2.92,mm/s,2026-S1
EQ-MIX-259,2026-03-09T00:00:00Z,current_a,25.69,A,2026-S1
EQ-MIX-259,2026-03-09T00:00:00Z,vibration_mm_s,2.52,mm/s,2026-S1
EQ-MIX-379,2026-03-09T00:00:00Z,current_a,22.88,A,2026-S1
EQ-PUMP-006,2026-03-09T00:00:00Z,temperature_c,52.92,°C,2026-S1
EQ-PUMP-171,2026-03-09T00:00:00Z,temperature_c,66.43,°C,2026-S1
EQ-STEAM-352,2026-03-09T00:00:00Z,pressure_bar,6.24,bar,2026-S1
EQ-CAB-134,2026-03-09T06:00:00Z,current_a,23.88,A,2026-S1
EQ-CHILL-001,2026-03-09T06:00:00Z,pressure_bar,604.00,kPa,2026-S1
EQ-CHILL-248,2026-03-09T06:00:00Z,pressure_bar,7.08,bar,2026-S1
EQ-CHILL-248,2026-03-09T06:00:00Z,temperature_c,48.22,°C,2026-S1
EQ-COMP-233,2026-03-09 06:00:00,temperature_c,59.30,°C,2026-S1
EQ-CONV-336,2026-03-09T06:00:00Z,rpm,1380.47,rpm,2026-S1
EQ-FAN-002,2026-03-09T06:00:00Z,vibration_mm_s,3.44,mm/s,2026-S1
EQ-MIX-259,2026-03-09T06:00:00Z,current_a,20.67,A,2026-S1
EQ-MIX-259,2026-03-09T06:00:00Z,vibration_mm_s,2.24,mm/s,2026-S1
EQ-MIX-379,2026-03-09T06:00:00Z,current_a,18.80,A,2026-S1
EQ-PUMP-006,2026-03-09T06:00:00Z,temperature_c,60.95,°C,2026-S1
EQ-PUMP-171,2026-03-09T06:00:00Z,temperature_c,71.91,°C,2026-S1
EQ-STEAM-352,2026-03-09T06:00:00Z,pressure_bar,6.34,bar,2026-S1
EQ-CAB-134,2026-03-09T12:00:00Z,current_a,20.51,A,2026-S1
EQ-CHILL-001,2026-03-09T12:00:00Z,pressure_bar,528.00,kPa,2026-S1
EQ-CHILL-248,2026-03-09T12:00:00Z,pressure_bar,6.51,bar,2026-S1
EQ-CHILL-248,2026-03-09T12:00:00Z,temperature_c,54.19,°C,2026-S1
EQ-COMP-233,2026-03-09 12:00:00,temperature_c,55.80,°C,2026-S1
EQ-CONV-336,2026-03-09T12:00:00Z,rpm,1379.54,rpm,2026-S1
EQ-FAN-002,2026-03-09T12:00:00Z,vibration_mm_s,3.04,mm/s,2026-S1
EQ-MIX-259,2026-03-09T12:00:00Z,current_a,20.21,A,2026-S1
EQ-MIX-259,2026-03-09T12:00:00Z,vibration_mm_s,2.32,mm/s,2026-S1
EQ-MIX-379,2026-03-09T12:00:00Z,current_a,20.31,A,2026-S1
EQ-PUMP-006,2026-03-09T12:00:00Z,temperature_c,56.61,°C,2026-S1
EQ-PUMP-171,2026-03-09T12:00:00Z,temperature_c,69.30,°C,2026-S1
EQ-STEAM-352,2026-03-09T12:00:00Z,pressure_bar,6.63,bar,2026-S1
EQ-CAB-134,2026-03-09T18:00:00Z,current_a,19.47,A,2026-S1
EQ-CHILL-001,2026-03-09T18:00:00Z,pressure_bar,554.00,kPa,2026-S1
EQ-CHILL-248,2026-03-09T18:00:00Z,pressure_bar,6.40,bar,2026-S1
EQ-CHILL-248,2026-03-09T18:00:00Z,temperature_c,59.98,°C,2026-S1
EQ-COMP-233,2026-03-09 18:00:00,temperature_c,59.46,°C,2026-S1
EQ-CONV-336,2026-03-09T18:00:00Z,rpm,1336.76,rpm,2026-S1
EQ-FAN-002,2026-03-09T18:00:00Z,vibration_mm_s,2.57,mm/s,2026-S1
EQ-MIX-259,2026-03-09T18:00:00Z,current_a,23.65,A,2026-S1
EQ-MIX-259,2026-03-09T18:00:00Z,vibration_mm_s,2.53,mm/s,2026-S1
EQ-MIX-379,2026-03-09T18:00:00Z,current_a,23.68,A,2026-S1
EQ-PUMP-006,2026-03-09T18:00:00Z,temperature_c,51.62,°C,2026-S1
EQ-PUMP-171,2026-03-09T18:00:00Z,temperature_c,63.57,°C,2026-S1
EQ-STEAM-352,2026-03-09T18:00:00Z,pressure_bar,6.15,bar,2026-S1
EQ-CAB-134,2026-03-10T00:00:00Z,current_a,22.59,A,2026-S1
EQ-CHILL-001,2026-03-10T00:00:00Z,pressure_bar,629.00,kPa,2026-S1
EQ-CHILL-248,2026-03-10T00:00:00Z,pressure_bar,6.93,bar,2026-S1
EQ-CHILL-248,2026-03-10T00:00:00Z,temperature_c,56.50,°C,2026-S1
EQ-COMP-233,2026-03-10 00:00:00,temperature_c,62.67,°C,2026-S1
EQ-CONV-336,2026-03-10T00:00:00Z,rpm,1350.55,rpm,2026-S1
EQ-FAN-002,2026-03-10T00:00:00Z,vibration_mm_s,2.71,mm/s,2026-S1
EQ-MIX-259,2026-03-10T00:00:00Z,current_a,27.14,A,2026-S1
EQ-MIX-259,2026-03-10T00:00:00Z,vibration_mm_s,2.68,mm/s,2026-S1
EQ-MIX-379,2026-03-10T00:00:00Z,current_a,21.69,A,2026-S1
EQ-PUMP-006,2026-03-10T00:00:00Z,temperature_c,51.85,°C,2026-S1
EQ-PUMP-171,2026-03-10T00:00:00Z,temperature_c,65.94,°C,2026-S1
EQ-STEAM-352,2026-03-10T00:00:00Z,pressure_bar,5.95,bar,2026-S1
EQ-CAB-134,2026-03-10T06:00:00Z,current_a,22.45,A,2026-S1
EQ-CHILL-001,2026-03-10T06:00:00Z,pressure_bar,631.00,kPa,2026-S1
EQ-CHILL-168,2026-03-10T06:00:00Z,pressure_bar,7.19,kPa,2026-S1
EQ-CHILL-248,2026-03-10T06:00:00Z,pressure_bar,7.08,bar,2026-S1
EQ-CHILL-248,2026-03-10T06:00:00Z,temperature_c,50.48,°C,2026-S1
EQ-COMP-233,2026-03-10 06:00:00,temperature_c,59.24,°C,2026-S1
EQ-CONV-336,2026-03-10T06:00:00Z,rpm,1388.77,rpm,2026-S1
EQ-FAN-002,2026-03-10T06:00:00Z,vibration_mm_s,3.06,mm/s,2026-S1
EQ-MIX-259,2026-03-10T06:00:00Z,current_a,23.05,A,2026-S1
EQ-MIX-259,2026-03-10T06:00:00Z,vibration_mm_s,2.49,mm/s,2026-S1
EQ-MIX-379,2026-03-10T06:00:00Z,current_a,20.35,A,2026-S1
EQ-PUMP-006,2026-03-10T06:00:00Z,temperature_c,60.84,°C,2026-S1
EQ-PUMP-171,2026-03-10T06:00:00Z,temperature_c,60.38,°C,2026-S1
EQ-STEAM-352,2026-03-10T06:00:00Z,pressure_bar,6.63,bar,2026-S1
EQ-CAB-134,2026-03-10T12:00:00Z,current_a,21.57,A,2026-S1
EQ-CHILL-168,2026-03-10T12:00:00Z,pressure_bar,7.13,kPa,2026-S1
EQ-CHILL-248,2026-03-10T12:00:00Z,pressure_bar,6.53,bar,2026-S1
EQ-COMP-002,2026-03-10T12:00:00Z,pressure_bar,7.03,bar,2026-S1
EQ-CONV-003,2026-03-10T12:00:00Z,rpm,1275.37,rpm,2026-S1
EQ-FAN-003,2026-03-10T12:00:00Z,vibration_mm_s,3.37,mm/s,2026-S1
EQ-OVEN-386,2026-03-10T12:00:00Z,temperature_c,67.47,°C,2026-S1
EQ-PUMP-171,2026-03-10T12:00:00Z,temperature_c,60.68,°C,2026-S1
EQ-CAB-134,2026-03-10T18:00:00Z,current_a,18.63,A,2026-S1
EQ-CHILL-168,2026-03-10T18:00:00Z,pressure_bar,7.33,kPa,2026-S1
EQ-CHILL-248,2026-03-10T18:00:00Z,pressure_bar,6.31,bar,2026-S1
EQ-COMP-002,2026-03-10T18:00:00Z,pressure_bar,6.71,bar,2026-S1
EQ-CONV-003,2026-03-10T18:00:00Z,rpm,1276.07,rpm,2026-S1
EQ-FAN-003,2026-03-10T18:00:00Z,vibration_mm_s,3.16,mm/s,2026-S1
EQ-OVEN-386,2026-03-10T18:00:00Z,temperature_c,60.89,°C,2026-S1
EQ-PUMP-171,2026-03-10T18:00:00Z,temperature_c,58.67,°C,2026-S1
EQ-CAB-134,2026-03-11T00:00:00Z,current_a,23.47,A,2026-S1
EQ-CHILL-168,2026-03-11T00:00:00Z,pressure_bar,7.08,kPa,2026-S1
EQ-CHILL-248,2026-03-11T00:00:00Z,pressure_bar,6.64,bar,2026-S1
EQ-COMP-002,2026-03-11T00:00:00Z,pressure_bar,6.55,bar,2026-S1
EQ-CONV-003,2026-03-11T00:00:00Z,rpm,1328.24,rpm,2026-S1
EQ-FAN-003,2026-03-11T00:00:00Z,vibration_mm_s,2.59,mm/s,2026-S1
EQ-OVEN-386,2026-03-11T00:00:00Z,temperature_c,57.90,°C,2026-S1
EQ-PUMP-171,2026-03-11T00:00:00Z,temperature_c,63.89,°C,2026-S1
EQ-CAB-134,2026-03-11T06:00:00Z,current_a,23.94,A,2026-S1
EQ-CHILL-168,2026-03-11T06:00:00Z,pressure_bar,7.05,kPa,2026-S1
EQ-CHILL-248,2026-03-11T06:00:00Z,pressure_bar,6.61,bar,2026-S1
EQ-COMP-002,2026-03-11T06:00:00Z,pressure_bar,6.45,bar,2026-S1
EQ-CONV-003,2026-03-11T06:00:00Z,rpm,1231.43,rpm,2026-S1
EQ-FAN-003,2026-03-11T06:00:00Z,vibration_mm_s,2.74,mm/s,2026-S1
EQ-OVEN-386,2026-03-11T06:00:00Z,temperature_c,64.27,°C,2026-S1
EQ-PUMP-171,2026-03-11T06:00:00Z,temperature_c,58.49,°C,2026-S1
EQ-CAB-134,2026-03-11T12:00:00Z,current_a,19.97,A,2026-S1
EQ-CHILL-168,2026-03-11T12:00:00Z,pressure_bar,6.97,kPa,2026-S1
EQ-CHILL-248,2026-03-11T12:00:00Z,pressure_bar,6.78,bar,2026-S1
EQ-COMP-002,2026-03-11T12:00:00Z,pressure_bar,6.65,bar,2026-S1
EQ-CONV-003,2026-03-11T12:00:00Z,rpm,1345.78,rpm,2026-S1
EQ-FAN-003,2026-03-11T12:00:00Z,vibration_mm_s,3.40,mm/s,2026-S1
EQ-OVEN-386,2026-03-11T12:00:00Z,temperature_c,66.76,°C,2026-S1
EQ-PUMP-171,2026-03-11T12:00:00Z,temperature_c,63.09,°C,2026-S1
EQ-CAB-134,2026-03-11T18:00:00Z,current_a,20.68,A,2026-S1
EQ-CHILL-168,2026-03-11T18:00:00Z,pressure_bar,7.39,kPa,2026-S1
EQ-CHILL-248,2026-03-11T18:00:00Z,pressure_bar,6.63,bar,2026-S1
EQ-COMP-002,2026-03-11T18:00:00Z,pressure_bar,6.65,bar,2026-S1
EQ-CONV-003,2026-03-11T18:00:00Z,rpm,1297.25,rpm,2026-S1
EQ-FAN-003,2026-03-11T18:00:00Z,vibration_mm_s,2.93,mm/s,2026-S1
EQ-OVEN-386,2026-03-11T18:00:00Z,temperature_c,63.65,°C,2026-S1
EQ-PUMP-171,2026-03-11T18:00:00Z,temperature_c,62.24,°C,2026-S1
EQ-CAB-134,2026-03-12T00:00:00Z,current_a,22.08,A,2026-S1
EQ-CHILL-168,2026-03-12T00:00:00Z,pressure_bar,7.40,kPa,2026-S1
EQ-CHILL-248,2026-03-12T00:00:00Z,pressure_bar,7.04,bar,2026-S1
EQ-COMP-002,2026-03-12T00:00:00Z,pressure_bar,5.96,bar,2026-S1
EQ-CONV-003,2026-03-12T00:00:00Z,rpm,1210.25,rpm,2026-S1
EQ-FAN-003,2026-03-12T00:00:00Z,vibration_mm_s,2.63,mm/s,2026-S1
EQ-OVEN-386,2026-03-12T00:00:00Z,temperature_c,59.83,°C,2026-S1
EQ-PUMP-171,2026-03-12T00:00:00Z,temperature_c,61.39,°C,2026-S1
EQ-CAB-134,2026-03-12T06:00:00Z,current_a,24.48,A,2026-S1
EQ-CHILL-168,2026-03-12T06:00:00Z,pressure_bar,6.99,kPa,2026-S1
EQ-CHILL-248,2026-03-12T06:00:00Z,pressure_bar,7.30,bar,2026-S1
EQ-COMP-002,2026-03-12T06:00:00Z,pressure_bar,6.42,bar,2026-S1
EQ-CONV-003,2026-03-12T06:00:00Z,rpm,1365.08,rpm,2026-S1
EQ-FAN-003,2026-03-12T06:00:00Z,vibration_mm_s,3.02,mm/s,2026-S1
EQ-OVEN-386,2026-03-12T06:00:00Z,temperature_c,64.28,°C,2026-S1
EQ-PUMP-171,2026-03-12T06:00:00Z,temperature_c,54.85,°C,2026-S1
EQ-CAB-134,2026-03-12T12:00:00Z,current_a,21.72,A,2026-S1
EQ-CHILL-168,2026-03-12T12:00:00Z,pressure_bar,7.13,kPa,2026-S1
EQ-CHILL-248,2026-03-12T12:00:00Z,pressure_bar,6.84,bar,2026-S1
EQ-COMP-002,2026-03-12T12:00:00Z,pressure_bar,6.61,bar,2026-S1
EQ-CONV-003,2026-03-12T12:00:00Z,rpm,1247.78,rpm,2026-S1
EQ-FAN-003,2026-03-12T12:00:00Z,vibration_mm_s,3.11,mm/s,2026-S1
EQ-OVEN-386,2026-03-12T12:00:00Z,temperature_c,67.67,°C,2026-S1
EQ-PUMP-171,2026-03-12T12:00:00Z,temperature_c,61.93,°C,2026-S1
EQ-CAB-134,2026-03-12T18:00:00Z,current_a,20.85,A,2026-S1
EQ-CHILL-168,2026-03-12T18:00:00Z,pressure_bar,7.37,kPa,2026-S1
EQ-CHILL-248,2026-03-12T18:00:00Z,pressure_bar,6.79,bar,2026-S1
EQ-COMP-002,2026-03-12T18:00:00Z,pressure_bar,6.40,bar,2026-S1
EQ-CONV-003,2026-03-12T18:00:00Z,rpm,1302.84,rpm,2026-S1
EQ-FAN-003,2026-03-12T18:00:00Z,vibration_mm_s,3.07,mm/s,2026-S1
EQ-OVEN-386,2026-03-12T18:00:00Z,temperature_c,62.31,°C,2026-S1
EQ-PUMP-171,2026-03-12T18:00:00Z,temperature_c,64.02,°C,2026-S1
EQ-CAB-134,2026-03-13T00:00:00Z,current_a,23.07,A,2026-S1
EQ-CHILL-168,2026-03-13T00:00:00Z,pressure_bar,7.48,kPa,2026-S1
EQ-CHILL-248,2026-03-13T00:00:00Z,pressure_bar,7.04,bar,2026-S1
EQ-COMP-002,2026-03-13T00:00:00Z,pressure_bar,6.20,bar,2026-S1
EQ-CONV-003,2026-03-13T00:00:00Z,rpm,1286.84,rpm,2026-S1
EQ-FAN-003,2026-03-13T00:00:00Z,vibration_mm_s,2.55,mm/s,2026-S1
EQ-OVEN-386,2026-03-13T00:00:00Z,temperature_c,59.47,°C,2026-S1
EQ-PUMP-171,2026-03-13T00:00:00Z,temperature_c,64.46,°C,2026-S1
EQ-CAB-134,2026-03-13T06:00:00Z,current_a,23.63,A,2026-S1
EQ-CHILL-168,2026-03-13T06:00:00Z,pressure_bar,7.14,kPa,2026-S1
EQ-CHILL-248,2026-03-13T06:00:00Z,pressure_bar,7.47,bar,2026-S1
EQ-COMP-002,2026-03-13T06:00:00Z,pressure_bar,6.07,bar,2026-S1
EQ-CONV-003,2026-03-13T06:00:00Z,rpm,1348.75,rpm,2026-S1
EQ-FAN-003,2026-03-13T06:00:00Z,vibration_mm_s,2.41,mm/s,2026-S1
EQ-OVEN-386,2026-03-13T06:00:00Z,temperature_c,61.43,°C,2026-S1
EQ-PUMP-171,2026-03-13T06:00:00Z,temperature_c,62.37,°C,2026-S1
EQ-CAB-134,2026-03-13T12:00:00Z,current_a,22.06,A,2026-S1
EQ-CHILL-168,2026-03-13T12:00:00Z,pressure_bar,7.08,kPa,2026-S1
EQ-CHILL-248,2026-03-13T12:00:00Z,pressure_bar,6.81,bar,2026-S1
EQ-COMP-002,2026-03-13T12:00:00Z,pressure_bar,7.28,bar,2026-S1
EQ-CONV-003,2026-03-13T12:00:00Z,rpm,1238.27,rpm,2026-S1
EQ-FAN-003,2026-03-13T12:00:00Z,vibration_mm_s,3.21,mm/s,2026-S1
EQ-OVEN-386,2026-03-13T12:00:00Z,temperature_c,66.33,°C,2026-S1
EQ-PUMP-171,2026-03-13T12:00:00Z,temperature_c,64.76,°C,2026-S1
EQ-CAB-134,2026-03-13T18:00:00Z,current_a,19.93,A,2026-S1
EQ-CHILL-168,2026-03-13T18:00:00Z,pressure_bar,7.76,kPa,2026-S1
EQ-CHILL-248,2026-03-13T18:00:00Z,pressure_bar,6.66,bar,2026-S1
EQ-COMP-002,2026-03-13T18:00:00Z,pressure_bar,6.71,bar,2026-S1
EQ-CONV-003,2026-03-13T18:00:00Z,rpm,1215.36,rpm,2026-S1
EQ-FAN-003,2026-03-13T18:00:00Z,vibration_mm_s,3.06,mm/s,2026-S1
EQ-OVEN-386,2026-03-13T18:00:00Z,temperature_c,64.99,°C,2026-S1
EQ-PUMP-171,2026-03-13T18:00:00Z,temperature_c,57.41,°C,2026-S1
EQ-CAB-134,2026-03-14T00:00:00Z,current_a,20.40,A,2026-S1
EQ-CHILL-168,2026-03-14T00:00:00Z,pressure_bar,7.14,kPa,2026-S1
EQ-CHILL-248,2026-03-14T00:00:00Z,pressure_bar,6.96,bar,2026-S1
EQ-COMP-002,2026-03-14T00:00:00Z,pressure_bar,6.60,bar,2026-S1
EQ-CONV-003,2026-03-14T00:00:00Z,rpm,1320.48,rpm,2026-S1
EQ-FAN-003,2026-03-14T00:00:00Z,vibration_mm_s,2.43,mm/s,2026-S1
EQ-OVEN-386,2026-03-14T00:00:00Z,temperature_c,58.35,°C,2026-S1
EQ-PUMP-171,2026-03-14T00:00:00Z,temperature_c,56.35,°C,2026-S1
EQ-CAB-134,2026-03-14T06:00:00Z,current_a,22.64,A,2026-S1
EQ-CHILL-168,2026-03-14T06:00:00Z,pressure_bar,6.59,kPa,2026-S1
EQ-CHILL-248,2026-03-14T06:00:00Z,pressure_bar,7.25,bar,2026-S1
EQ-COMP-002,2026-03-14T06:00:00Z,pressure_bar,6.58,bar,2026-S1
EQ-CONV-003,2026-03-14T06:00:00Z,rpm,1308.53,rpm,2026-S1
EQ-FAN-003,2026-03-14T06:00:00Z,vibration_mm_s,2.35,mm/s,2026-S1
EQ-OVEN-386,2026-03-14T06:00:00Z,temperature_c,59.79,°C,2026-S1
EQ-PUMP-171,2026-03-14T06:00:00Z,temperature_c,64.14,°C,2026-S1
EQ-CAB-134,2026-03-14T12:00:00Z,current_a,19.64,A,2026-S1
EQ-CHILL-168,2026-03-14T12:00:00Z,pressure_bar,7.00,kPa,2026-S1
EQ-CHILL-248,2026-03-14T12:00:00Z,pressure_bar,7.01,bar,2026-S1
EQ-COMP-002,2026-03-14T12:00:00Z,pressure_bar,6.93,bar,2026-S1
EQ-CONV-003,2026-03-14T12:00:00Z,rpm,1321.36,rpm,2026-S1
EQ-FAN-003,2026-03-14T12:00:00Z,vibration_mm_s,3.04,mm/s,2026-S1
EQ-OVEN-386,2026-03-14T12:00:00Z,temperature_c,66.72,°C,2026-S1
EQ-PUMP-171,2026-03-14T12:00:00Z,temperature_c,64.60,°C,2026-S1
EQ-CAB-134,2026-03-14T18:00:00Z,current_a,19.72,A,2026-S1
EQ-CHILL-168,2026-03-14T18:00:00Z,pressure_bar,7.43,kPa,2026-S1
EQ-CHILL-248,2026-03-14T18:00:00Z,pressure_bar,6.56,bar,2026-S1
EQ-COMP-002,2026-03-14T18:00:00Z,pressure_bar,6.74,bar,2026-S1
EQ-CONV-003,2026-03-14T18:00:00Z,rpm,1223.89,rpm,2026-S1
EQ-FAN-003,2026-03-14T18:00:00Z,vibration_mm_s,2.97,mm/s,2026-S1
EQ-OVEN-386,2026-03-14T18:00:00Z,temperature_c,60.12,°C,2026-S1
EQ-PUMP-171,2026-03-14T18:00:00Z,temperature_c,65.97,°C,2026-S1
EQ-CAB-134,2026-03-15T00:00:00Z,current_a,21.62,A,2026-S1
EQ-CHILL-168,2026-03-15T00:00:00Z,pressure_bar,7.21,kPa,2026-S1
EQ-CHILL-248,2026-03-15T00:00:00Z,pressure_bar,6.95,bar,2026-S1
EQ-COMP-002,2026-03-15T00:00:00Z,pressure_bar,6.61,bar,2026-S1
EQ-CONV-003,2026-03-15T00:00:00Z,rpm,1303.26,rpm,2026-S1
EQ-FAN-003,2026-03-15T00:00:00Z,vibration_mm_s,2.39,mm/s,2026-S1
EQ-OVEN-386,2026-03-15T00:00:00Z,temperature_c,58.08,°C,2026-S1
EQ-PUMP-171,2026-03-15T00:00:00Z,temperature_c,59.16,°C,2026-S1
EQ-CAB-134,2026-03-15T06:00:00Z,current_a,23.06,A,2026-S1
EQ-CHILL-168,2026-03-15T06:00:00Z,pressure_bar,6.57,kPa,2026-S1
EQ-CHILL-248,2026-03-15T06:00:00Z,pressure_bar,7.14,bar,2026-S1
EQ-COMP-002,2026-03-15T06:00:00Z,pressure_bar,6.31,bar,2026-S1
EQ-CONV-003,2026-03-15T06:00:00Z,rpm,1320.67,rpm,2026-S1
EQ-FAN-003,2026-03-15T06:00:00Z,vibration_mm_s,2.43,mm/s,2026-S1
EQ-OVEN-386,2026-03-15T06:00:00Z,temperature_c,59.94,°C,2026-S1
EQ-PUMP-171,2026-03-15T06:00:00Z,temperature_c,64.13,°C,2026-S1
EQ-CAB-134,2026-03-15T12:00:00Z,current_a,18.47,A,2026-S1
EQ-CHILL-168,2026-03-15T12:00:00Z,pressure_bar,6.95,kPa,2026-S1
EQ-CHILL-248,2026-03-15T12:00:00Z,pressure_bar,6.72,bar,2026-S1
EQ-COMP-002,2026-03-15T12:00:00Z,pressure_bar,7.10,bar,2026-S1
EQ-CONV-003,2026-03-15T12:00:00Z,rpm,1288.44,rpm,2026-S1
EQ-FAN-003,2026-03-15T12:00:00Z,vibration_mm_s,2.88,mm/s,2026-S1
EQ-OVEN-386,2026-03-15T12:00:00Z,temperature_c,66.44,°C,2026-S1
EQ-PUMP-171,2026-03-15T12:00:00Z,temperature_c,70.79,°C,2026-S1
EQ-CAB-134,2026-03-15T18:00:00Z,current_a,18.98,A,2026-S1
EQ-CHILL-168,2026-03-15T18:00:00Z,pressure_bar,7.30,kPa,2026-S1
EQ-CHILL-248,2026-03-15T18:00:00Z,pressure_bar,6.38,bar,2026-S1
EQ-COMP-002,2026-03-15T18:00:00Z,pressure_bar,6.98,bar,2026-S1
EQ-CONV-003,2026-03-15T18:00:00Z,rpm,1373.44,rpm,2026-S1
EQ-FAN-003,2026-03-15T18:00:00Z,vibration_mm_s,3.08,mm/s,2026-S1
EQ-OVEN-386,2026-03-15T18:00:00Z,temperature_c,62.42,°C,2026-S1
EQ-PUMP-171,2026-03-15T18:00:00Z,temperature_c,64.31,°C,2026-S1
EQ-CAB-134,2026-03-16T00:00:00Z,current_a,23.31,A,2026-S1
EQ-CHILL-168,2026-03-16T00:00:00Z,pressure_bar,7.62,kPa,2026-S1
EQ-CHILL-248,2026-03-16T00:00:00Z,pressure_bar,7.02,bar,2026-S1
EQ-COMP-002,2026-03-16T00:00:00Z,pressure_bar,6.37,bar,2026-S1
EQ-CONV-003,2026-03-16T00:00:00Z,rpm,1344.01,rpm,2026-S1
EQ-FAN-003,2026-03-16T00:00:00Z,vibration_mm_s,2.52,mm/s,2026-S1
EQ-OVEN-386,2026-03-16T00:00:00Z,temperature_c,59.78,°C,2026-S1
EQ-PUMP-171,2026-03-16T00:00:00Z,temperature_c,67.67,°C,2026-S1
EQ-CAB-134,2026-03-16T06:00:00Z,current_a,25.18,A,2026-S1
EQ-CHILL-168,2026-03-16T06:00:00Z,pressure_bar,7.04,kPa,2026-S1
EQ-CHILL-248,2026-03-16T06:00:00Z,pressure_bar,7.15,bar,2026-S1
EQ-COMP-002,2026-03-16T06:00:00Z,pressure_bar,6.61,bar,2026-S1
EQ-CONV-003,2026-03-16T06:00:00Z,rpm,1242.10,rpm,2026-S1
EQ-FAN-003,2026-03-16T06:00:00Z,vibration_mm_s,3.07,mm/s,2026-S1
EQ-OVEN-386,2026-03-16T06:00:00Z,temperature_c,63.59,°C,2026-S1
EQ-PUMP-171,2026-03-16T06:00:00Z,temperature_c,61.94,°C,2026-S1
EQ-CAB-134,2026-03-16T12:00:00Z,current_a,22.23,A,2026-S1
EQ-CHILL-168,2026-03-16T12:00:00Z,pressure_bar,7.00,kPa,2026-S1
EQ-CHILL-248,2026-03-16T12:00:00Z,pressure_bar,6.69,bar,2026-S1
EQ-COMP-002,2026-03-16T12:00:00Z,pressure_bar,6.93,bar,2026-S1
EQ-CONV-003,2026-03-16T12:00:00Z,rpm,1234.34,rpm,2026-S1
EQ-FAN-003,2026-03-16T12:00:00Z,vibration_mm_s,3.38,mm/s,2026-S1
EQ-OVEN-386,2026-03-16T12:00:00Z,temperature_c,67.58,°C,2026-S1
EQ-PUMP-171,2026-03-16T12:00:00Z,temperature_c,64.31,°C,2026-S1
EQ-CAB-134,2026-03-16T18:00:00Z,current_a,20.73,A,2026-S1
EQ-CHILL-168,2026-03-16T18:00:00Z,pressure_bar,7.33,kPa,2026-S1
EQ-CHILL-248,2026-03-16T18:00:00Z,pressure_bar,6.57,bar,2026-S1
EQ-COMP-002,2026-03-16T18:00:00Z,pressure_bar,7.10,bar,2026-S1
EQ-CONV-003,2026-03-16T18:00:00Z,rpm,1316.48,rpm,2026-S1
EQ-FAN-003,2026-03-16T18:00:00Z,vibration_mm_s,3.26,mm/s,2026-S1
EQ-OVEN-386,2026-03-16T18:00:00Z,temperature_c,65.35,°C,2026-S1
EQ-PUMP-171,2026-03-16T18:00:00Z,temperature_c,59.05,°C,2026-S1
EQ-CAB-134,2026-03-17T00:00:00Z,current_a,23.44,A,2026-S1
EQ-CHILL-168,2026-03-17T00:00:00Z,pressure_bar,7.34,kPa,2026-S1
EQ-CHILL-248,2026-03-17T00:00:00Z,pressure_bar,7.04,bar,2026-S1
EQ-COMP-002,2026-03-17T00:00:00Z,pressure_bar,6.57,bar,2026-S1
EQ-CONV-003,2026-03-17T00:00:00Z,rpm,1335.77,rpm,2026-S1
EQ-FAN-003,2026-03-17T00:00:00Z,vibration_mm_s,2.17,mm/s,2026-S1
EQ-OVEN-386,2026-03-17T00:00:00Z,temperature_c,55.11,°C,2026-S1
EQ-PUMP-171,2026-03-17T00:00:00Z,temperature_c,65.65,°C,2026-S1
EQ-CAB-134,2026-03-17T06:00:00Z,current_a,23.15,A,2026-S1
EQ-CHILL-168,2026-03-17T06:00:00Z,pressure_bar,7.19,kPa,2026-S1
EQ-CHILL-248,2026-03-17T06:00:00Z,pressure_bar,7.23,bar,2026-S1
EQ-COMP-002,2026-03-17T06:00:00Z,pressure_bar,6.78,bar,2026-S1
EQ-CONV-003,2026-03-17T06:00:00Z,rpm,1298.80,rpm,2026-S1
EQ-FAN-003,2026-03-17T06:00:00Z,vibration_mm_s,2.58,mm/s,2026-S1
EQ-OVEN-386,2026-03-17T06:00:00Z,temperature_c,63.48,°C,2026-S1
EQ-PUMP-171,2026-03-17T06:00:00Z,temperature_c,59.50,°C,2026-S1
EQ-CAB-134,2026-03-17T12:00:00Z,current_a,20.67,A,2026-S1
EQ-CHILL-168,2026-03-17T12:00:00Z,pressure_bar,7.39,kPa,2026-S1
EQ-CHILL-248,2026-03-17T12:00:00Z,pressure_bar,6.76,bar,2026-S1
EQ-COMP-002,2026-03-17T12:00:00Z,pressure_bar,7.00,bar,2026-S1
EQ-CONV-003,2026-03-17T12:00:00Z,rpm,1233.53,rpm,2026-S1
EQ-FAN-003,2026-03-17T12:00:00Z,vibration_mm_s,3.05,mm/s,2026-S1
EQ-OVEN-386,2026-03-17T12:00:00Z,temperature_c,67.02,°C,2026-S1
EQ-PUMP-171,2026-03-17T12:00:00Z,temperature_c,61.93,°C,2026-S1
EQ-CHILL-248,2026-03-17T18:00:00Z,pressure_bar,6.65,bar,2026-S1
EQ-COMP-002,2026-03-17T18:00:00Z,pressure_bar,7.03,bar,2026-S1
EQ-CONV-003,2026-03-17T18:00:00Z,rpm,1281.19,rpm,2026-S1
EQ-FAN-003,2026-03-17T18:00:00Z,vibration_mm_s,3.03,mm/s,2026-S1
EQ-OVEN-386,2026-03-17T18:00:00Z,temperature_c,62.88,°C,2026-S1
EQ-MIX-259,2026-03-17T23:41:00Z,current_a,24.59,A,2026-S1
EQ-COMP-249,2026-03-18T00:00:00Z,pressure_bar,5.70,bar,2026-S1
EQ-MIX-259,2026-03-18T05:07:00Z,current_a,20.89,A,2026-S1
EQ-COMP-249,2026-03-18T06:00:00Z,pressure_bar,5.12,bar,2026-S1
EQ-MIX-259,2026-03-18T11:41:00Z,current_a,21.37,A,2026-S1
EQ-COMP-249,2026-03-18T12:00:00Z,pressure_bar,5.25,bar,2026-S1
EQ-COMP-249,2026-03-18T18:00:00Z,pressure_bar,5.47,bar,2026-S1
EQ-MIX-259,2026-03-18T18:11:00Z,current_a,23.01,A,2026-S1
EQ-COMP-249,2026-03-19T00:00:00Z,pressure_bar,5.34,bar,2026-S1
EQ-MIX-259,2026-03-19T00:41:00Z,current_a,23.93,A,2026-S1
EQ-MIX-259,2026-03-19T05:07:00Z,current_a,21.72,A,2026-S1
EQ-COMP-249,2026-03-19T06:00:00Z,pressure_bar,5.09,bar,2026-S1
EQ-MIX-259,2026-03-19T11:41:00Z,current_a,19.68,A,2026-S1
EQ-COMP-249,2026-03-19T12:00:00Z,pressure_bar,5.28,bar,2026-S1
EQ-MIX-259,2026-03-19T17:23:00Z,current_a,21.37,A,2026-S1
EQ-COMP-249,2026-03-19T18:00:00Z,pressure_bar,5.44,bar,2026-S1
EQ-MIX-259,2026-03-19T23:07:00Z,current_a,24.77,A,2026-S1
EQ-COMP-249,2026-03-20T00:00:00Z,pressure_bar,5.34,bar,2026-S1
EQ-MIX-259,2026-03-20T05:23:00Z,current_a,21.33,A,2026-S1
EQ-COMP-249,2026-03-20T06:00:00Z,pressure_bar,5.20,bar,2026-S1
EQ-MIX-259,2026-03-20T11:23:00Z,current_a,18.69,A,2026-S1
EQ-COMP-249,2026-03-20T12:00:00Z,pressure_bar,5.09,bar,2026-S1
EQ-COMP-249,2026-03-20T18:00:00Z,pressure_bar,5.45,bar,2026-S1
EQ-MIX-259,2026-03-20T18:23:00Z,current_a,22.83,A,2026-S1
EQ-MIX-259,2026-03-20T23:41:00Z,current_a,22.41,A,2026-S1
EQ-COMP-249,2026-03-21T00:00:00Z,pressure_bar,5.68,bar,2026-S1
EQ-COMP-249,2026-03-21T06:00:00Z,pressure_bar,4.60,bar,2026-S1
EQ-MIX-259,2026-03-21T06:23:00Z,current_a,21.70,A,2026-S1
EQ-MIX-259,2026-03-21T11:23:00Z,current_a,19.25,A,2026-S1
EQ-COMP-249,2026-03-21T12:00:00Z,pressure_bar,4.93,bar,2026-S1
EQ-COMP-249,2026-03-21T18:00:00Z,pressure_bar,5.46,bar,2026-S1
EQ-MIX-259,2026-03-21T18:41:00Z,current_a,21.16,A,2026-S1
EQ-MIX-259,2026-03-21T23:23:00Z,current_a,24.55,A,2026-S1
EQ-COMP-249,2026-03-22T00:00:00Z,pressure_bar,5.03,bar,2026-S1
EQ-COMP-249,2026-03-22T06:00:00Z,pressure_bar,4.98,bar,2026-S1
EQ-MIX-259,2026-03-22T06:23:00Z,current_a,21.61,A,2026-S1
EQ-COMP-249,2026-03-22T12:00:00Z,pressure_bar,5.16,bar,2026-S1
EQ-MIX-259,2026-03-22T12:41:00Z,current_a,19.18,A,2026-S1
EQ-MIX-259,2026-03-22T17:07:00Z,current_a,23.34,A,2026-S1
EQ-COMP-249,2026-03-22T18:00:00Z,pressure_bar,5.77,bar,2026-S1
EQ-COMP-249,2026-03-23T00:00:00Z,pressure_bar,5.61,bar,2026-S1
EQ-MIX-259,2026-03-23T00:23:00Z,current_a,25.32,A,2026-S1
EQ-MIX-259,2026-03-23T05:07:00Z,current_a,21.43,A,2026-S1
EQ-COMP-249,2026-03-23T06:00:00Z,pressure_bar,5.23,bar,2026-S1
EQ-MIX-259,2026-03-23T11:41:00Z,current_a,19.80,A,2026-S1
EQ-COMP-249,2026-03-23T12:00:00Z,pressure_bar,5.09,bar,2026-S1
EQ-COMP-249,2026-03-23T18:00:00Z,pressure_bar,5.71,bar,2026-S1
EQ-MIX-259,2026-03-23T18:11:00Z,current_a,24.41,A,2026-S1
EQ-COMP-249,2026-03-24T00:00:00Z,pressure_bar,5.15,bar,2026-S1
EQ-MIX-259,2026-03-24T00:11:00Z,current_a,22.40,A,2026-S1
EQ-MIX-259,2026-03-24T05:23:00Z,current_a,22.05,A,2026-S1
EQ-COMP-249,2026-03-24T06:00:00Z,pressure_bar,4.74,bar,2026-S1
EQ-MIX-259,2026-03-24T11:41:00Z,current_a,20.64,A,2026-S1
EQ-COMP-249,2026-03-24T12:00:00Z,pressure_bar,5.30,bar,2026-S1
EQ-COMP-249,2026-03-24T18:00:00Z,pressure_bar,5.35,bar,2026-S1
EQ-MIX-259,2026-03-24T18:41:00Z,current_a,22.25,A,2026-S1
EQ-MIX-259,2026-03-24T23:07:00Z,current_a,24.47,A,2026-S1
EQ-COMP-249,2026-03-25T00:00:00Z,pressure_bar,5.11,bar,2026-S1
EQ-MIX-259,2026-03-25T05:23:00Z,current_a,21.26,A,2026-S1
EQ-COMP-233,2026-03-25T06:00:00Z,pressure_bar,1.416906,bar,2026-S1
EQ-COMP-249,2026-03-25T06:00:00Z,pressure_bar,4.56,bar,2026-S1
EQ-CAB-134,2026-03-25T12:00:00Z,temperature_c,50.48,°C,2026-S1
EQ-CHILL-001,2026-03-25T12:00:00Z,temperature_c,58.67,°C,2026-S1
EQ-CHILL-168,2026-03-25T12:00:00Z,temperature_c,55.41,°C,2026-S1
EQ-COMP-233,2026-03-25T12:00:00Z,pressure_bar,19.780155,bar,2026-S1
EQ-FAN-284,2026-03-25T12:00:00Z,vibration_mm_s,2.26,mm/s,2026-S1
EQ-FAN-304,2026-03-25T12:00:00Z,rpm,1532.07,rpm,2026-S1
EQ-ROBOT-358,2026-03-25T12:00:00Z,current_a,21.18,A,2026-S1
EQ-STEAM-352,2026-03-25T12:00:00Z,temperature_c,57.07,°C,2026-S1
EQ-CAB-134,2026-03-25T18:00:00Z,temperature_c,55.11,°C,2026-S1
EQ-CHILL-001,2026-03-25T18:00:00Z,temperature_c,53.15,°C,2026-S1
EQ-CHILL-168,2026-03-25T18:00:00Z,temperature_c,59.74,°C,2026-S1
EQ-COMP-233,2026-03-25T18:00:00Z,pressure_bar,10.653654,bar,2026-S1
EQ-FAN-284,2026-03-25T18:00:00Z,vibration_mm_s,3.07,mm/s,2026-S1
EQ-FAN-304,2026-03-25T18:00:00Z,rpm,1581.57,rpm,2026-S1
EQ-ROBOT-358,2026-03-25T18:00:00Z,current_a,23.31,A,2026-S1
EQ-STEAM-352,2026-03-25T18:00:00Z,temperature_c,56.17,°C,2026-S1
EQ-CAB-134,2026-03-26T00:00:00Z,temperature_c,59.57,°C,2026-S1
EQ-CHILL-001,2026-03-26T00:00:00Z,temperature_c,52.41,°C,2026-S1
EQ-CHILL-168,2026-03-26T00:00:00Z,temperature_c,66.65,°C,2026-S1
EQ-COMP-233,2026-03-26T00:00:00Z,pressure_bar,24.889781,bar,2026-S1
EQ-FAN-284,2026-03-26T00:00:00Z,vibration_mm_s,3.10,mm/s,2026-S1
EQ-FAN-304,2026-03-26T00:00:00Z,rpm,1489.09,rpm,2026-S1
EQ-ROBOT-358,2026-03-26T00:00:00Z,current_a,21.97,A,2026-S1
EQ-STEAM-352,2026-03-26T00:00:00Z,temperature_c,61.92,°C,2026-S1
EQ-CAB-134,2026-03-26T06:00:00Z,temperature_c,52.93,°C,2026-S1
EQ-CHILL-001,2026-03-26T06:00:00Z,temperature_c,59.44,°C,2026-S1
EQ-CHILL-168,2026-03-26T06:00:00Z,temperature_c,59.41,°C,2026-S1
EQ-COMP-233,2026-03-26T06:00:00Z,pressure_bar,7.962207,bar,2026-S1
EQ-FAN-284,2026-03-26T06:00:00Z,vibration_mm_s,2.05,mm/s,2026-S1
EQ-FAN-304,2026-03-26T06:00:00Z,rpm,1512.18,rpm,2026-S1
EQ-ROBOT-358,2026-03-26T06:00:00Z,current_a,21.01,A,2026-S1
EQ-STEAM-352,2026-03-26T06:00:00Z,temperature_c,61.49,°C,2026-S1
EQ-CAB-134,2026-03-26T12:00:00Z,temperature_c,53.18,°C,2026-S1
EQ-CHILL-001,2026-03-26T12:00:00Z,temperature_c,60.31,°C,2026-S1
EQ-CHILL-168,2026-03-26T12:00:00Z,temperature_c,54.61,°C,2026-S1
EQ-COMP-233,2026-03-26T12:00:00Z,pressure_bar,20.272792,bar,2026-S1
EQ-FAN-284,2026-03-26T12:00:00Z,vibration_mm_s,2.32,mm/s,2026-S1
EQ-FAN-304,2026-03-26T12:00:00Z,rpm,1568.34,rpm,2026-S1
EQ-ROBOT-358,2026-03-26T12:00:00Z,current_a,20.20,A,2026-S1
EQ-STEAM-352,2026-03-26T12:00:00Z,temperature_c,56.86,°C,2026-S1
EQ-CAB-134,2026-03-26T18:00:00Z,temperature_c,57.14,°C,2026-S1
EQ-CHILL-001,2026-03-26T18:00:00Z,temperature_c,51.84,°C,2026-S1
EQ-CHILL-168,2026-03-26T18:00:00Z,temperature_c,59.63,°C,2026-S1
EQ-COMP-233,2026-03-26T18:00:00Z,pressure_bar,2.355808,bar,2026-S1
EQ-FAN-284,2026-03-26T18:00:00Z,vibration_mm_s,2.62,mm/s,2026-S1
EQ-FAN-304,2026-03-26T18:00:00Z,rpm,1526.48,rpm,2026-S1
EQ-ROBOT-358,2026-03-26T18:00:00Z,current_a,21.58,A,2026-S1
EQ-STEAM-352,2026-03-26T18:00:00Z,temperature_c,57.36,°C,2026-S1
EQ-CAB-134,2026-03-27T00:00:00Z,temperature_c,60.78,°C,2026-S1
EQ-CHILL-001,2026-03-27T00:00:00Z,temperature_c,54.01,°C,2026-S1
EQ-CHILL-168,2026-03-27T00:00:00Z,temperature_c,64.90,°C,2026-S1
EQ-COMP-233,2026-03-27T00:00:00Z,pressure_bar,4.128383,bar,2026-S1
EQ-FAN-284,2026-03-27T00:00:00Z,vibration_mm_s,2.82,mm/s,2026-S1
EQ-FAN-304,2026-03-27T00:00:00Z,rpm,1504.26,rpm,2026-S1
EQ-ROBOT-358,2026-03-27T00:00:00Z,current_a,23.53,A,2026-S1
EQ-STEAM-352,2026-03-27T00:00:00Z,temperature_c,61.81,°C,2026-S1
EQ-CAB-134,2026-03-27T06:00:00Z,temperature_c,56.05,°C,2026-S1
EQ-CHILL-001,2026-03-27T06:00:00Z,temperature_c,59.56,°C,2026-S1
EQ-CHILL-168,2026-03-27T06:00:00Z,temperature_c,59.65,°C,2026-S1
EQ-COMP-233,2026-03-27T06:00:00Z,pressure_bar,2.067331,bar,2026-S1
EQ-FAN-284,2026-03-27T06:00:00Z,vibration_mm_s,2.24,mm/s,2026-S1
EQ-FAN-304,2026-03-27T06:00:00Z,rpm,1510.15,rpm,2026-S1
EQ-ROBOT-358,2026-03-27T06:00:00Z,current_a,22.47,A,2026-S1
EQ-STEAM-352,2026-03-27T06:00:00Z,temperature_c,62.76,°C,2026-S1
EQ-CAB-134,2026-03-27T12:00:00Z,temperature_c,51.44,°C,2026-S1
EQ-CHILL-001,2026-03-27T12:00:00Z,temperature_c,59.54,°C,2026-S1
EQ-CHILL-168,2026-03-27T12:00:00Z,temperature_c,56.56,°C,2026-S1
EQ-COMP-233,2026-03-27T12:00:00Z,pressure_bar,23.926115,bar,2026-S1
EQ-FAN-284,2026-03-27T12:00:00Z,vibration_mm_s,2.40,mm/s,2026-S1
EQ-FAN-304,2026-03-27T12:00:00Z,rpm,1570.28,rpm,2026-S1
EQ-ROBOT-358,2026-03-27T12:00:00Z,current_a,21.78,A,2026-S1
EQ-STEAM-352,2026-03-27T12:00:00Z,temperature_c,58.28,°C,2026-S1
EQ-CAB-134,2026-03-27T18:00:00Z,temperature_c,56.61,°C,2026-S1
EQ-CHILL-001,2026-03-27T18:00:00Z,temperature_c,51.27,°C,2026-S1
EQ-CHILL-168,2026-03-27T18:00:00Z,temperature_c,56.34,°C,2026-S1
EQ-COMP-233,2026-03-27T18:00:00Z,pressure_bar,7.803481,bar,2026-S1
EQ-FAN-284,2026-03-27T18:00:00Z,vibration_mm_s,2.48,mm/s,2026-S1
EQ-FAN-304,2026-03-27T18:00:00Z,rpm,1561.85,rpm,2026-S1
EQ-ROBOT-358,2026-03-27T18:00:00Z,current_a,18.71,A,2026-S1
EQ-STEAM-352,2026-03-27T18:00:00Z,temperature_c,57.30,°C,2026-S1
EQ-CAB-134,2026-03-28T00:00:00Z,temperature_c,58.40,°C,2026-S1
EQ-CHILL-001,2026-03-28T00:00:00Z,temperature_c,52.08,°C,2026-S1
EQ-CHILL-168,2026-03-28T00:00:00Z,temperature_c,61.48,°C,2026-S1
EQ-COMP-233,2026-03-28T00:00:00Z,pressure_bar,18.692502,bar,2026-S1
EQ-FAN-284,2026-03-28T00:00:00Z,vibration_mm_s,2.46,mm/s,2026-S1
EQ-FAN-304,2026-03-28T00:00:00Z,rpm,1502.93,rpm,2026-S1
EQ-ROBOT-358,2026-03-28T00:00:00Z,current_a,18.48,A,2026-S1
EQ-STEAM-352,2026-03-28T00:00:00Z,temperature_c,59.93,°C,2026-S1
EQ-CAB-134,2026-03-28T06:00:00Z,temperature_c,53.80,°C,2026-S1
EQ-CHILL-001,2026-03-28T06:00:00Z,temperature_c,57.05,°C,2026-S1
EQ-CHILL-168,2026-03-28T06:00:00Z,temperature_c,60.67,°C,2026-S1
EQ-COMP-233,2026-03-28T06:00:00Z,pressure_bar,6.956504,bar,2026-S1
EQ-FAN-284,2026-03-28T06:00:00Z,vibration_mm_s,2.49,mm/s,2026-S1
EQ-FAN-304,2026-03-28T06:00:00Z,rpm,1463.68,rpm,2026-S1
EQ-ROBOT-358,2026-03-28T06:00:00Z,current_a,22.31,A,2026-S1
EQ-STEAM-352,2026-03-28T06:00:00Z,temperature_c,59.86,°C,2026-S1
EQ-CAB-134,2026-03-28T12:00:00Z,temperature_c,49.29,°C,2026-S1
EQ-CHILL-001,2026-03-28T12:00:00Z,temperature_c,58.06,°C,2026-S1
EQ-CHILL-168,2026-03-28T12:00:00Z,temperature_c,53.86,°C,2026-S1
EQ-COMP-233,2026-03-28T12:00:00Z,pressure_bar,7.892242,bar,2026-S1
EQ-FAN-284,2026-03-28T12:00:00Z,vibration_mm_s,2.16,mm/s,2026-S1
EQ-FAN-304,2026-03-28T12:00:00Z,rpm,1549.37,rpm,2026-S1
EQ-ROBOT-358,2026-03-28T12:00:00Z,current_a,20.54,A,2026-S1
EQ-STEAM-352,2026-03-28T12:00:00Z,temperature_c,56.91,°C,2026-S1
EQ-CAB-134,2026-03-28T18:00:00Z,temperature_c,56.46,°C,2026-S1
EQ-CHILL-001,2026-03-28T18:00:00Z,temperature_c,50.12,°C,2026-S1
EQ-CHILL-168,2026-03-28T18:00:00Z,temperature_c,57.11,°C,2026-S1
EQ-COMP-233,2026-03-28T18:00:00Z,pressure_bar,13.536738,bar,2026-S1
EQ-FAN-284,2026-03-28T18:00:00Z,vibration_mm_s,2.71,mm/s,2026-S1
EQ-FAN-304,2026-03-28T18:00:00Z,rpm,1504.58,rpm,2026-S1
EQ-ROBOT-358,2026-03-28T18:00:00Z,current_a,22.73,A,2026-S1
EQ-STEAM-352,2026-03-28T18:00:00Z,temperature_c,55.34,°C,2026-S1
EQ-CAB-134,2026-03-29T00:00:00Z,temperature_c,59.59,°C,2026-S1
EQ-CHILL-001,2026-03-29T00:00:00Z,temperature_c,50.25,°C,2026-S1
EQ-CHILL-168,2026-03-29T00:00:00Z,temperature_c,63.55,°C,2026-S1
EQ-COMP-233,2026-03-29T00:00:00Z,pressure_bar,10.888159,bar,2026-S1
EQ-FAN-284,2026-03-29T00:00:00Z,vibration_mm_s,2.89,mm/s,2026-S1
EQ-FAN-304,2026-03-29T00:00:00Z,rpm,1464.02,rpm,2026-S1
EQ-ROBOT-358,2026-03-29T00:00:00Z,current_a,23.31,A,2026-S1
EQ-STEAM-352,2026-03-29T00:00:00Z,temperature_c,63.11,°C,2026-S1
EQ-CAB-134,2026-03-29T06:00:00Z,temperature_c,53.60,°C,2026-S1
EQ-CHILL-001,2026-03-29T06:00:00Z,temperature_c,57.75,°C,2026-S1
EQ-CHILL-168,2026-03-29T06:00:00Z,temperature_c,59.29,°C,2026-S1
EQ-COMP-233,2026-03-29T06:00:00Z,pressure_bar,18.430821,bar,2026-S1
EQ-FAN-284,2026-03-29T06:00:00Z,vibration_mm_s,2.47,mm/s,2026-S1
EQ-FAN-304,2026-03-29T06:00:00Z,rpm,1489.15,rpm,2026-S1
EQ-ROBOT-358,2026-03-29T06:00:00Z,current_a,19.62,A,2026-S1
EQ-STEAM-352,2026-03-29T06:00:00Z,temperature_c,61.30,°C,2026-S1
EQ-CAB-134,2026-03-29T12:00:00Z,temperature_c,50.58,°C,2026-S1
EQ-CHILL-001,2026-03-29T12:00:00Z,temperature_c,56.30,°C,2026-S1
EQ-CHILL-168,2026-03-29T12:00:00Z,temperature_c,52.54,°C,2026-S1
EQ-COMP-233,2026-03-29T12:00:00Z,pressure_bar,8.605680,bar,2026-S1
EQ-FAN-284,2026-03-29T12:00:00Z,vibration_mm_s,2.07,mm/s,2026-S1
EQ-FAN-304,2026-03-29T12:00:00Z,rpm,1549.66,rpm,2026-S1
EQ-ROBOT-358,2026-03-29T12:00:00Z,current_a,22.73,A,2026-S1
EQ-STEAM-352,2026-03-29T12:00:00Z,temperature_c,56.69,°C,2026-S1
EQ-CAB-134,2026-03-29T18:00:00Z,temperature_c,57.53,°C,2026-S1
EQ-CHILL-001,2026-03-29T18:00:00Z,temperature_c,52.28,°C,2026-S1
EQ-CHILL-168,2026-03-29T18:00:00Z,temperature_c,58.53,°C,2026-S1
EQ-COMP-233,2026-03-29T18:00:00Z,pressure_bar,16.894496,bar,2026-S1
EQ-FAN-284,2026-03-29T18:00:00Z,vibration_mm_s,3.04,mm/s,2026-S1
EQ-FAN-304,2026-03-29T18:00:00Z,rpm,1533.48,rpm,2026-S1
EQ-ROBOT-358,2026-03-29T18:00:00Z,current_a,23.15,A,2026-S1
EQ-STEAM-352,2026-03-29T18:00:00Z,temperature_c,58.19,°C,2026-S1
EQ-CAB-134,2026-03-30T00:00:00Z,temperature_c,59.83,°C,2026-S1
EQ-CHILL-001,2026-03-30T00:00:00Z,temperature_c,50.30,°C,2026-S1
EQ-CHILL-168,2026-03-30T00:00:00Z,temperature_c,62.13,°C,2026-S1
EQ-COMP-233,2026-03-30T00:00:00Z,pressure_bar,20.569763,bar,2026-S1
EQ-FAN-284,2026-03-30T00:00:00Z,vibration_mm_s,2.62,mm/s,2026-S1
EQ-FAN-304,2026-03-30T00:00:00Z,rpm,1457.91,rpm,2026-S1
EQ-ROBOT-358,2026-03-30T00:00:00Z,current_a,19.96,A,2026-S1
EQ-STEAM-352,2026-03-30T00:00:00Z,temperature_c,62.88,°C,2026-S1
EQ-CAB-134,2026-03-30T06:00:00Z,temperature_c,53.07,°C,2026-S1
EQ-CHILL-001,2026-03-30T06:00:00Z,temperature_c,59.75,°C,2026-S1
EQ-CHILL-168,2026-03-30T06:00:00Z,temperature_c,59.48,°C,2026-S1
EQ-COMP-233,2026-03-30T06:00:00Z,pressure_bar,23.740589,bar,2026-S1
EQ-FAN-284,2026-03-30T06:00:00Z,vibration_mm_s,2.52,mm/s,2026-S1
EQ-FAN-304,2026-03-30T06:00:00Z,rpm,1488.50,rpm,2026-S1
EQ-ROBOT-358,2026-03-30T06:00:00Z,current_a,19.49,A,2026-S1
EQ-STEAM-352,2026-03-30T06:00:00Z,temperature_c,62.57,°C,2026-S1
EQ-CAB-134,2026-03-30T12:00:00Z,temperature_c,53.61,°C,2026-S1
EQ-CHILL-001,2026-03-30T12:00:00Z,temperature_c,60.87,°C,2026-S1
EQ-CHILL-168,2026-03-30T12:00:00Z,temperature_c,56.06,°C,2026-S1
EQ-COMP-233,2026-03-30T12:00:00Z,pressure_bar,8.107511,bar,2026-S1
EQ-FAN-284,2026-03-30T12:00:00Z,vibration_mm_s,2.20,mm/s,2026-S1
EQ-FAN-304,2026-03-30T12:00:00Z,rpm,1593.98,rpm,2026-S1
EQ-ROBOT-358,2026-03-30T12:00:00Z,current_a,20.88,A,2026-S1
EQ-STEAM-352,2026-03-30T12:00:00Z,temperature_c,57.82,°C,2026-S1
EQ-CAB-134,2026-03-30T18:00:00Z,temperature_c,60.26,°C,2026-S1
EQ-CHILL-001,2026-03-30T18:00:00Z,temperature_c,51.54,°C,2026-S1
EQ-CHILL-168,2026-03-30T18:00:00Z,temperature_c,57.04,°C,2026-S1
EQ-COMP-233,2026-03-30T18:00:00Z,pressure_bar,12.363388,bar,2026-S1
EQ-FAN-284,2026-03-30T18:00:00Z,vibration_mm_s,2.97,mm/s,2026-S1
EQ-FAN-304,2026-03-30T18:00:00Z,rpm,1579.95,rpm,2026-S1
EQ-ROBOT-358,2026-03-30T18:00:00Z,current_a,19.91,A,2026-S1
EQ-STEAM-352,2026-03-30T18:00:00Z,temperature_c,56.30,°C,2026-S1
EQ-CAB-134,2026-03-31T00:00:00Z,temperature_c,59.54,°C,2026-S1
EQ-CHILL-001,2026-03-31T00:00:00Z,temperature_c,53.77,°C,2026-S1
EQ-CHILL-168,2026-03-31T00:00:00Z,temperature_c,63.70,°C,2026-S1
EQ-COMP-233,2026-03-31T00:00:00Z,pressure_bar,22.810107,bar,2026-S1
EQ-FAN-284,2026-03-31T00:00:00Z,vibration_mm_s,2.81,mm/s,2026-S1
EQ-FAN-304,2026-03-31T00:00:00Z,rpm,1468.32,rpm,2026-S1
EQ-ROBOT-358,2026-03-31T00:00:00Z,current_a,18.85,A,2026-S1
EQ-STEAM-352,2026-03-31T00:00:00Z,temperature_c,63.37,°C,2026-S1
EQ-CAB-134,2026-03-31T06:00:00Z,temperature_c,54.45,°C,2026-S1
EQ-CHILL-001,2026-03-31T06:00:00Z,temperature_c,59.00,°C,2026-S1
EQ-CHILL-168,2026-03-31T06:00:00Z,temperature_c,56.20,°C,2026-S1
EQ-COMP-233,2026-03-31T06:00:00Z,pressure_bar,2.490565,bar,2026-S1
EQ-FAN-284,2026-03-31T06:00:00Z,vibration_mm_s,2.43,mm/s,2026-S1
EQ-FAN-304,2026-03-31T06:00:00Z,rpm,1528.32,rpm,2026-S1
EQ-ROBOT-358,2026-03-31T06:00:00Z,current_a,22.82,A,2026-S1
EQ-STEAM-352,2026-03-31T06:00:00Z,temperature_c,64.47,°C,2026-S1
EQ-CAB-134,2026-03-31T12:00:00Z,temperature_c,53.24,°C,2026-S1
EQ-CHILL-001,2026-03-31T12:00:00Z,temperature_c,60.52,°C,2026-S1
EQ-CHILL-168,2026-03-31T12:00:00Z,temperature_c,55.72,°C,2026-S1
EQ-COMP-233,2026-03-31T12:00:00Z,pressure_bar,2.170245,bar,2026-S1
EQ-FAN-284,2026-03-31T12:00:00Z,vibration_mm_s,2.23,mm/s,2026-S1
EQ-FAN-304,2026-03-31T12:00:00Z,rpm,1553.89,rpm,2026-S1
EQ-ROBOT-358,2026-03-31T12:00:00Z,current_a,19.37,A,2026-S1
EQ-STEAM-352,2026-03-31T12:00:00Z,temperature_c,57.42,°C,2026-S1
EQ-CAB-134,2026-03-31T18:00:00Z,temperature_c,55.05,°C,2026-S1
EQ-CHILL-001,2026-03-31T18:00:00Z,temperature_c,53.96,°C,2026-S1
EQ-CHILL-168,2026-03-31T18:00:00Z,temperature_c,56.83,°C,2026-S1
EQ-COMP-233,2026-03-31T18:00:00Z,pressure_bar,12.512403,bar,2026-S1
EQ-FAN-284,2026-03-31T18:00:00Z,vibration_mm_s,2.91,mm/s,2026-S1
EQ-FAN-304,2026-03-31T18:00:00Z,rpm,1532.95,rpm,2026-S1
EQ-ROBOT-358,2026-03-31T18:00:00Z,current_a,18.75,A,2026-S1
EQ-STEAM-352,2026-03-31T18:00:00Z,temperature_c,54.58,°C,2026-S1
EQ-CAB-134,2026-04-01T00:00:00Z,temperature_c,60.52,°C,2026-S1
EQ-CHILL-001,2026-04-01T00:00:00Z,temperature_c,54.05,°C,2026-S1
EQ-CHILL-168,2026-04-01T00:00:00Z,temperature_c,64.76,°C,2026-S1
EQ-COMP-233,2026-04-01T00:00:00Z,pressure_bar,0.711718,bar,2026-S1
EQ-FAN-284,2026-04-01T00:00:00Z,vibration_mm_s,2.83,mm/s,2026-S1
EQ-FAN-304,2026-04-01T00:00:00Z,rpm,1495.05,rpm,2026-S1
EQ-ROBOT-358,2026-04-01T00:00:00Z,current_a,22.52,A,2026-S1
EQ-STEAM-352,2026-04-01T00:00:00Z,temperature_c,62.29,°C,2026-S1
EQ-CAB-134,2026-04-01T06:00:00Z,temperature_c,57.74,°C,2026-S1
EQ-CHILL-001,2026-04-01T06:00:00Z,temperature_c,59.19,°C,2026-S1
EQ-CHILL-168,2026-04-01T06:00:00Z,temperature_c,59.28,°C,2026-S1
EQ-COMP-233,2026-04-01T06:00:00Z,pressure_bar,5.830078,bar,2026-S1
EQ-FAN-284,2026-04-01T06:00:00Z,vibration_mm_s,2.73,mm/s,2026-S1
EQ-FAN-304,2026-04-01T06:00:00Z,rpm,1466.26,rpm,2026-S1
EQ-ROBOT-358,2026-04-01T06:00:00Z,current_a,22.99,A,2026-S1
EQ-STEAM-352,2026-04-01T06:00:00Z,temperature_c,62.30,°C,2026-S1
EQ-CAB-134,2026-04-01T12:00:00Z,temperature_c,50.47,°C,2026-S1
EQ-CHILL-001,2026-04-01T12:00:00Z,temperature_c,58.48,°C,2026-S1
EQ-CHILL-168,2026-04-01T12:00:00Z,temperature_c,54.50,°C,2026-S1
EQ-COMP-233,2026-04-01T12:00:00Z,pressure_bar,4.693337,bar,2026-S1
EQ-FAN-284,2026-04-01T12:00:00Z,vibration_mm_s,2.46,mm/s,2026-S1
EQ-FAN-304,2026-04-01T12:00:00Z,rpm,1501.13,rpm,2026-S1
EQ-ROBOT-358,2026-04-01T12:00:00Z,current_a,20.45,A,2026-S1
EQ-STEAM-352,2026-04-01T12:00:00Z,temperature_c,56.72,°C,2026-S1
EQ-CAB-134,2026-04-01T18:00:00Z,temperature_c,57.55,°C,2026-S1
EQ-CHILL-001,2026-04-01T18:00:00Z,temperature_c,52.18,°C,2026-S1
EQ-CHILL-168,2026-04-01T18:00:00Z,temperature_c,58.24,°C,2026-S1
EQ-FAN-284,2026-04-01T18:00:00Z,vibration_mm_s,3.38,mm/s,2026-S1
EQ-FAN-304,2026-04-01T18:00:00Z,rpm,1520.34,rpm,2026-S1
EQ-ROBOT-358,2026-04-01T18:00:00Z,current_a,21.68,A,2026-S1
EQ-STEAM-352,2026-04-01T18:00:00Z,temperature_c,57.24,°C,2026-S1
EQ-CAB-134,2026-04-02T00:00:00Z,temperature_c,50.93,°C,2026-S1
EQ-COMP-113,2026-04-02T00:00:00Z,temperature_c,66.93,°C,2026-S1
EQ-FAN-002,2026-04-02T00:00:00Z,current_a,23.49,A,2026-S1
EQ-FAN-304,2026-04-02T00:00:00Z,rpm,1509.82,rpm,2026-S1
EQ-OVEN-001,2026-04-02T00:00:00Z,current_a,22.91,A,2026-S1
EQ-OVEN-223,2026-04-02T00:00:00Z,temperature_c,56.75,°C,2026-S1
EQ-OVEN-366,2026-04-02T00:00:00Z,current_a,24.61,A,2026-S1
EQ-PUMP-001,2026-04-02T00:00:00Z,temperature_c,62.94,°C,2026-S1
EQ-CAB-134,2026-04-02T06:00:00Z,temperature_c,49.95,°C,2026-S1
EQ-COMP-113,2026-04-02T06:00:00Z,temperature_c,62.45,°C,2026-S1
EQ-FAN-002,2026-04-02T06:00:00Z,current_a,22.90,A,2026-S1
EQ-FAN-304,2026-04-02T06:00:00Z,rpm,1489.32,rpm,2026-S1
EQ-OVEN-001,2026-04-02T06:00:00Z,current_a,27.70,A,2026-S1
EQ-OVEN-223,2026-04-02T06:00:00Z,temperature_c,62.48,°C,2026-S1
EQ-OVEN-366,2026-04-02T06:00:00Z,current_a,25.47,A,2026-S1
EQ-PUMP-001,2026-04-02T06:00:00Z,temperature_c,53.92,°C,2026-S1
EQ-CAB-134,2026-04-02T12:00:00Z,temperature_c,55.15,°C,2026-S1
EQ-COMP-113,2026-04-02T12:00:00Z,temperature_c,59.65,°C,2026-S1
EQ-FAN-002,2026-04-02T12:00:00Z,current_a,25.44,A,2026-S1
EQ-FAN-304,2026-04-02T12:00:00Z,rpm,1545.25,rpm,2026-S1
EQ-OVEN-001,2026-04-02T12:00:00Z,current_a,25.05,A,2026-S1
EQ-OVEN-223,2026-04-02T12:00:00Z,temperature_c,58.81,°C,2026-S1
EQ-OVEN-366,2026-04-02T12:00:00Z,current_a,24.42,A,2026-S1
EQ-PUMP-001,2026-04-02T12:00:00Z,temperature_c,54.27,°C,2026-S1
EQ-CAB-134,2026-04-02T18:00:00Z,temperature_c,60.00,°C,2026-S1
EQ-COMP-113,2026-04-02T18:00:00Z,temperature_c,64.53,°C,2026-S1
EQ-FAN-002,2026-04-02T18:00:00Z,current_a,25.08,A,2026-S1
EQ-FAN-304,2026-04-02T18:00:00Z,rpm,1565.66,rpm,2026-S1
EQ-OVEN-001,2026-04-02T18:00:00Z,current_a,22.52,A,2026-S1
EQ-OVEN-223,2026-04-02T18:00:00Z,temperature_c,64.53,°C,2026-S1
EQ-OVEN-366,2026-04-02T18:00:00Z,current_a,22.36,A,2026-S1
EQ-PUMP-001,2026-04-02T18:00:00Z,temperature_c,61.40,°C,2026-S1
EQ-CAB-134,2026-04-03T00:00:00Z,temperature_c,51.44,°C,2026-S1
EQ-COMP-113,2026-04-03T00:00:00Z,temperature_c,65.60,°C,2026-S1
EQ-FAN-002,2026-04-03T00:00:00Z,current_a,22.75,A,2026-S1
EQ-FAN-304,2026-04-03T00:00:00Z,rpm,1457.75,rpm,2026-S1
EQ-OVEN-001,2026-04-03T00:00:00Z,current_a,22.59,A,2026-S1
EQ-OVEN-223,2026-04-03T00:00:00Z,temperature_c,64.94,°C,2026-S1
EQ-OVEN-366,2026-04-03T00:00:00Z,current_a,23.64,A,2026-S1
EQ-PUMP-001,2026-04-03T00:00:00Z,temperature_c,56.63,°C,2026-S1
EQ-CAB-134,2026-04-03T06:00:00Z,temperature_c,55.66,°C,2026-S1
EQ-COMP-113,2026-04-03T06:00:00Z,temperature_c,57.70,°C,2026-S1
EQ-FAN-002,2026-04-03T06:00:00Z,current_a,20.27,A,2026-S1
EQ-FAN-304,2026-04-03T06:00:00Z,rpm,1501.12,rpm,2026-S1
EQ-OVEN-001,2026-04-03T06:00:00Z,current_a,27.85,A,2026-S1
EQ-OVEN-223,2026-04-03T06:00:00Z,temperature_c,56.98,°C,2026-S1
EQ-OVEN-366,2026-04-03T06:00:00Z,current_a,26.41,A,2026-S1
EQ-PUMP-001,2026-04-03T06:00:00Z,temperature_c,60.23,°C,2026-S1
EQ-CAB-134,2026-04-03T12:00:00Z,temperature_c,53.34,°C,2026-S1
EQ-COMP-113,2026-04-03T12:00:00Z,temperature_c,60.01,°C,2026-S1
EQ-FAN-002,2026-04-03T12:00:00Z,current_a,27.33,A,2026-S1
EQ-FAN-304,2026-04-03T12:00:00Z,rpm,1554.17,rpm,2026-S1
EQ-OVEN-001,2026-04-03T12:00:00Z,current_a,25.63,A,2026-S1
EQ-OVEN-223,2026-04-03T12:00:00Z,temperature_c,65.79,°C,2026-S1
EQ-OVEN-366,2026-04-03T12:00:00Z,current_a,23.65,A,2026-S1
EQ-PUMP-001,2026-04-03T12:00:00Z,temperature_c,53.48,°C,2026-S1
EQ-CAB-134,2026-04-03T18:00:00Z,temperature_c,52.91,°C,2026-S1
EQ-COMP-113,2026-04-03T18:00:00Z,temperature_c,59.29,°C,2026-S1
EQ-FAN-002,2026-04-03T18:00:00Z,current_a,25.20,A,2026-S1
EQ-FAN-304,2026-04-03T18:00:00Z,rpm,1562.33,rpm,2026-S1
EQ-OVEN-001,2026-04-03T18:00:00Z,current_a,22.14,A,2026-S1
EQ-OVEN-223,2026-04-03T18:00:00Z,temperature_c,57.09,°C,2026-S1
EQ-OVEN-366,2026-04-03T18:00:00Z,current_a,21.93,A,2026-S1
EQ-PUMP-001,2026-04-03T18:00:00Z,temperature_c,62.37,°C,2026-S1
EQ-CAB-134,2026-04-04T00:00:00Z,temperature_c,51.55,°C,2026-S1
EQ-COMP-113,2026-04-04T00:00:00Z,temperature_c,58.78,°C,2026-S1
EQ-FAN-002,2026-04-04T00:00:00Z,current_a,22.17,A,2026-S1
EQ-FAN-304,2026-04-04T00:00:00Z,rpm,1498.72,rpm,2026-S1
EQ-OVEN-001,2026-04-04T00:00:00Z,current_a,20.85,A,2026-S1
EQ-OVEN-223,2026-04-04T00:00:00Z,temperature_c,59.47,°C,2026-S1
EQ-OVEN-366,2026-04-04T00:00:00Z,current_a,23.20,A,2026-S1
EQ-PUMP-001,2026-04-04T00:00:00Z,temperature_c,61.23,°C,2026-S1
EQ-CAB-134,2026-04-04T06:00:00Z,temperature_c,51.91,°C,2026-S1
EQ-COMP-113,2026-04-04T06:00:00Z,temperature_c,63.81,°C,2026-S1
EQ-FAN-002,2026-04-04T06:00:00Z,current_a,22.67,A,2026-S1
EQ-FAN-304,2026-04-04T06:00:00Z,rpm,1479.18,rpm,2026-S1
EQ-OVEN-001,2026-04-04T06:00:00Z,current_a,25.66,A,2026-S1
EQ-OVEN-223,2026-04-04T06:00:00Z,temperature_c,67.13,°C,2026-S1
EQ-OVEN-366,2026-04-04T06:00:00Z,current_a,25.46,A,2026-S1
EQ-PUMP-001,2026-04-04T06:00:00Z,temperature_c,54.90,°C,2026-S1
EQ-CAB-134,2026-04-04T12:00:00Z,temperature_c,53.24,°C,2026-S1
EQ-COMP-113,2026-04-04T12:00:00Z,temperature_c,60.32,°C,2026-S1
EQ-FAN-002,2026-04-04T12:00:00Z,current_a,24.75,A,2026-S1
EQ-FAN-304,2026-04-04T12:00:00Z,rpm,1539.92,rpm,2026-S1
EQ-OVEN-001,2026-04-04T12:00:00Z,current_a,24.70,A,2026-S1
EQ-OVEN-223,2026-04-04T12:00:00Z,temperature_c,61.92,°C,2026-S1
EQ-OVEN-366,2026-04-04T12:00:00Z,current_a,22.82,A,2026-S1
EQ-PUMP-001,2026-04-04T12:00:00Z,temperature_c,57.76,°C,2026-S1
EQ-CAB-134,2026-04-04T18:00:00Z,temperature_c,56.12,°C,2026-S1
EQ-COMP-113,2026-04-04T18:00:00Z,temperature_c,64.89,°C,2026-S1
EQ-FAN-002,2026-04-04T18:00:00Z,current_a,25.12,A,2026-S1
EQ-FAN-304,2026-04-04T18:00:00Z,rpm,1513.72,rpm,2026-S1
EQ-OVEN-001,2026-04-04T18:00:00Z,current_a,24.41,A,2026-S1
EQ-OVEN-223,2026-04-04T18:00:00Z,temperature_c,57.70,°C,2026-S1
EQ-OVEN-366,2026-04-04T18:00:00Z,current_a,22.00,A,2026-S1
EQ-PUMP-001,2026-04-04T18:00:00Z,temperature_c,58.79,°C,2026-S1
EQ-CAB-134,2026-04-05T00:00:00Z,temperature_c,51.51,°C,2026-S1
EQ-COMP-113,2026-04-05T00:00:00Z,temperature_c,65.10,°C,2026-S1
EQ-FAN-002,2026-04-05T00:00:00Z,current_a,21.41,A,2026-S1
EQ-FAN-304,2026-04-05T00:00:00Z,rpm,1517.15,rpm,2026-S1
EQ-OVEN-001,2026-04-05T00:00:00Z,current_a,23.43,A,2026-S1
EQ-OVEN-223,2026-04-05T00:00:00Z,temperature_c,64.40,°C,2026-S1
EQ-OVEN-366,2026-04-05T00:00:00Z,current_a,23.12,A,2026-S1
EQ-PUMP-001,2026-04-05T00:00:00Z,temperature_c,56.65,°C,2026-S1
EQ-CAB-134,2026-04-05T06:00:00Z,temperature_c,55.98,°C,2026-S1
EQ-COMP-113,2026-04-05T06:00:00Z,temperature_c,64.91,°C,2026-S1
EQ-FAN-002,2026-04-05T06:00:00Z,current_a,22.70,A,2026-S1
EQ-FAN-304,2026-04-05T06:00:00Z,rpm,1507.86,rpm,2026-S1
EQ-OVEN-001,2026-04-05T06:00:00Z,current_a,25.04,A,2026-S1
EQ-OVEN-223,2026-04-05T06:00:00Z,temperature_c,64.76,°C,2026-S1
EQ-OVEN-366,2026-04-05T06:00:00Z,current_a,25.28,A,2026-S1
EQ-PUMP-001,2026-04-05T06:00:00Z,temperature_c,55.36,°C,2026-S1
EQ-CAB-134,2026-04-05T12:00:00Z,temperature_c,51.14,°C,2026-S1
EQ-COMP-113,2026-04-05T12:00:00Z,temperature_c,59.33,°C,2026-S1
EQ-FAN-002,2026-04-05T12:00:00Z,current_a,25.73,A,2026-S1
EQ-FAN-304,2026-04-05T12:00:00Z,rpm,1551.58,rpm,2026-S1
EQ-OVEN-001,2026-04-05T12:00:00Z,current_a,24.22,A,2026-S1
EQ-OVEN-223,2026-04-05T12:00:00Z,temperature_c,66.14,°C,2026-S1
EQ-OVEN-366,2026-04-05T12:00:00Z,current_a,22.46,A,2026-S1
EQ-PUMP-001,2026-04-05T12:00:00Z,temperature_c,57.01,°C,2026-S1
EQ-CAB-134,2026-04-05T18:00:00Z,temperature_c,50.38,°C,2026-S1
EQ-COMP-113,2026-04-05T18:00:00Z,temperature_c,59.52,°C,2026-S1
EQ-FAN-002,2026-04-05T18:00:00Z,current_a,26.41,A,2026-S1
EQ-FAN-304,2026-04-05T18:00:00Z,rpm,1542.54,rpm,2026-S1
EQ-OVEN-001,2026-04-05T18:00:00Z,current_a,22.00,A,2026-S1
EQ-OVEN-223,2026-04-05T18:00:00Z,temperature_c,67.30,°C,2026-S1
EQ-OVEN-366,2026-04-05T18:00:00Z,current_a,20.68,A,2026-S1
EQ-PUMP-001,2026-04-05T18:00:00Z,temperature_c,61.48,°C,2026-S1
EQ-CAB-134,2026-04-06T00:00:00Z,temperature_c,58.82,°C,2026-S1
EQ-COMP-113,2026-04-06T00:00:00Z,temperature_c,58.46,°C,2026-S1
EQ-FAN-002,2026-04-06T00:00:00Z,current_a,23.10,A,2026-S1
EQ-FAN-304,2026-04-06T00:00:00Z,rpm,1471.97,rpm,2026-S1
EQ-OVEN-001,2026-04-06T00:00:00Z,current_a,23.99,A,2026-S1
EQ-OVEN-223,2026-04-06T00:00:00Z,temperature_c,64.23,°C,2026-S1
EQ-OVEN-366,2026-04-06T00:00:00Z,current_a,24.36,A,2026-S1
EQ-PUMP-001,2026-04-06T00:00:00Z,temperature_c,62.67,°C,2026-S1
EQ-CAB-134,2026-04-06T06:00:00Z,temperature_c,50.88,°C,2026-S1
EQ-COMP-113,2026-04-06T06:00:00Z,temperature_c,57.98,°C,2026-S1
EQ-FAN-002,2026-04-06T06:00:00Z,current_a,22.97,A,2026-S1
EQ-FAN-304,2026-04-06T06:00:00Z,rpm,1516.79,rpm,2026-S1
EQ-OVEN-001,2026-04-06T06:00:00Z,current_a,26.89,A,2026-S1
EQ-OVEN-223,2026-04-06T06:00:00Z,temperature_c,60.11,°C,2026-S1
EQ-OVEN-366,2026-04-06T06:00:00Z,current_a,26.60,A,2026-S1
EQ-PUMP-001,2026-04-06T06:00:00Z,temperature_c,53.87,°C,2026-S1
EQ-CAB-134,2026-04-06T12:00:00Z,temperature_c,58.46,°C,2026-S1
EQ-COMP-113,2026-04-06T12:00:00Z,temperature_c,62.00,°C,2026-S1
EQ-FAN-002,2026-04-06T12:00:00Z,current_a,24.97,A,2026-S1
EQ-FAN-304,2026-04-06T12:00:00Z,rpm,1563.60,rpm,2026-S1
EQ-OVEN-001,2026-04-06T12:00:00Z,current_a,25.12,A,2026-S1
EQ-OVEN-223,2026-04-06T12:00:00Z,temperature_c,58.81,°C,2026-S1
EQ-OVEN-366,2026-04-06T12:00:00Z,current_a,23.10,A,2026-S1
EQ-PUMP-001,2026-04-06T12:00:00Z,temperature_c,62.69,°C,2026-S1
EQ-CAB-134,2026-04-06T18:00:00Z,temperature_c,57.46,°C,2026-S1
EQ-COMP-113,2026-04-06T18:00:00Z,temperature_c,59.22,°C,2026-S1
EQ-FAN-002,2026-04-06T18:00:00Z,current_a,25.02,A,2026-S1
EQ-FAN-304,2026-04-06T18:00:00Z,rpm,1544.31,rpm,2026-S1
EQ-OVEN-001,2026-04-06T18:00:00Z,current_a,21.84,A,2026-S1
EQ-OVEN-223,2026-04-06T18:00:00Z,temperature_c,62.83,°C,2026-S1
EQ-OVEN-366,2026-04-06T18:00:00Z,current_a,22.04,A,2026-S1
EQ-PUMP-001,2026-04-06T18:00:00Z,temperature_c,61.63,°C,2026-S1
EQ-CAB-134,2026-04-07T00:00:00Z,temperature_c,48.99,°C,2026-S1
EQ-COMP-113,2026-04-07T00:00:00Z,temperature_c,63.47,°C,2026-S1
EQ-FAN-002,2026-04-07T00:00:00Z,current_a,18.93,A,2026-S1
EQ-FAN-304,2026-04-07T00:00:00Z,rpm,1503.32,rpm,2026-S1
EQ-OVEN-001,2026-04-07T00:00:00Z,current_a,22.71,A,2026-S1
EQ-OVEN-223,2026-04-07T00:00:00Z,temperature_c,64.95,°C,2026-S1
EQ-OVEN-366,2026-04-07T00:00:00Z,current_a,26.25,A,2026-S1
EQ-PUMP-001,2026-04-07T00:00:00Z,temperature_c,63.67,°C,2026-S1
EQ-CAB-134,2026-04-07T06:00:00Z,temperature_c,55.17,°C,2026-S1
EQ-COMP-113,2026-04-07T06:00:00Z,temperature_c,66.93,°C,2026-S1
EQ-FAN-002,2026-04-07T06:00:00Z,current_a,23.92,A,2026-S1
EQ-FAN-304,2026-04-07T06:00:00Z,rpm,1461.65,rpm,2026-S1
EQ-OVEN-001,2026-04-07T06:00:00Z,current_a,26.68,A,2026-S1
EQ-OVEN-223,2026-04-07T06:00:00Z,temperature_c,65.23,°C,2026-S1
EQ-OVEN-366,2026-04-07T06:00:00Z,current_a,26.42,A,2026-S1
EQ-PUMP-001,2026-04-07T06:00:00Z,temperature_c,58.04,°C,2026-S1
EQ-CAB-134,2026-04-07T12:00:00Z,temperature_c,58.40,°C,2026-S1
EQ-COMP-113,2026-04-07T12:00:00Z,temperature_c,59.32,°C,2026-S1
EQ-FAN-002,2026-04-07T12:00:00Z,current_a,25.16,A,2026-S1
EQ-FAN-304,2026-04-07T12:00:00Z,rpm,1566.94,rpm,2026-S1
EQ-OVEN-001,2026-04-07T12:00:00Z,current_a,25.09,A,2026-S1
EQ-OVEN-223,2026-04-07T12:00:00Z,temperature_c,58.76,°C,2026-S1
EQ-OVEN-366,2026-04-07T12:00:00Z,current_a,23.67,A,2026-S1
EQ-PUMP-001,2026-04-07T12:00:00Z,temperature_c,60.55,°C,2026-S1
EQ-CAB-134,2026-04-07T18:00:00Z,temperature_c,52.72,°C,2026-S1
EQ-COMP-113,2026-04-07T18:00:00Z,temperature_c,57.60,°C,2026-S1
EQ-FAN-002,2026-04-07T18:00:00Z,current_a,25.50,A,2026-S1
EQ-FAN-304,2026-04-07T18:00:00Z,rpm,1576.64,rpm,2026-S1
EQ-OVEN-001,2026-04-07T18:00:00Z,current_a,22.23,A,2026-S1
EQ-OVEN-223,2026-04-07T18:00:00Z,temperature_c,58.31,°C,2026-S1
EQ-OVEN-366,2026-04-07T18:00:00Z,current_a,22.78,A,2026-S1
EQ-PUMP-001,2026-04-07T18:00:00Z,temperature_c,59.81,°C,2026-S1
EQ-CAB-134,2026-04-08T00:00:00Z,temperature_c,60.24,°C,2026-S1
EQ-COMP-113,2026-04-08T00:00:00Z,temperature_c,55.37,°C,2026-S1
EQ-FAN-002,2026-04-08T00:00:00Z,current_a,22.70,A,2026-S1
EQ-FAN-304,2026-04-08T00:00:00Z,rpm,1512.39,rpm,2026-S1
EQ-OVEN-001,2026-04-08T00:00:00Z,current_a,23.53,A,2026-S1
EQ-OVEN-223,2026-04-08T00:00:00Z,temperature_c,57.29,°C,2026-S1
EQ-OVEN-366,2026-04-08T00:00:00Z,current_a,26.55,A,2026-S1
EQ-PUMP-001,2026-04-08T00:00:00Z,temperature_c,55.81,°C,2026-S1
EQ-CAB-134,2026-04-08T06:00:00Z,temperature_c,56.38,°C,2026-S1
EQ-COMP-113,2026-04-08T06:00:00Z,temperature_c,62.65,°C,2026-S1
EQ-FAN-002,2026-04-08T06:00:00Z,current_a,21.48,A,2026-S1
EQ-FAN-304,2026-04-08T06:00:00Z,rpm,1531.24,rpm,2026-S1
EQ-OVEN-001,2026-04-08T06:00:00Z,current_a,25.75,A,2026-S1
EQ-OVEN-223,2026-04-08T06:00:00Z,temperature_c,61.30,°C,2026-S1
EQ-OVEN-366,2026-04-08T06:00:00Z,current_a,28.95,A,2026-S1
EQ-PUMP-001,2026-04-08T06:00:00Z,temperature_c,57.36,°C,2026-S1
EQ-CAB-134,2026-04-08T12:00:00Z,temperature_c,57.50,°C,2026-S1
EQ-COMP-113,2026-04-08T12:00:00Z,temperature_c,66.85,°C,2026-S1
EQ-FAN-002,2026-04-08T12:00:00Z,current_a,25.41,A,2026-S1
EQ-FAN-304,2026-04-08T12:00:00Z,rpm,1580.72,rpm,2026-S1
EQ-OVEN-001,2026-04-08T12:00:00Z,current_a,27.98,A,2026-S1
EQ-OVEN-223,2026-04-08T12:00:00Z,temperature_c,58.74,°C,2026-S1
EQ-OVEN-366,2026-04-08T12:00:00Z,current_a,26.40,A,2026-S1
EQ-PUMP-001,2026-04-08T12:00:00Z,temperature_c,56.13,°C,2026-S1
EQ-CAB-134,2026-04-08T18:00:00Z,temperature_c,56.68,°C,2026-S1
EQ-COMP-113,2026-04-08T18:00:00Z,temperature_c,67.08,°C,2026-S1
EQ-FAN-002,2026-04-08T18:00:00Z,current_a,25.05,A,2026-S1
EQ-FAN-304,2026-04-08T18:00:00Z,rpm,1541.08,rpm,2026-S1
EQ-OVEN-001,2026-04-08T18:00:00Z,current_a,23.52,A,2026-S1
EQ-OVEN-223,2026-04-08T18:00:00Z,temperature_c,66.75,°C,2026-S1
EQ-OVEN-366,2026-04-08T18:00:00Z,current_a,26.04,A,2026-S1
EQ-PUMP-001,2026-04-08T18:00:00Z,temperature_c,61.78,°C,2026-S1
EQ-CAB-134,2026-04-09T00:00:00Z,temperature_c,53.82,°C,2026-S1
EQ-COMP-113,2026-04-09T00:00:00Z,temperature_c,58.58,°C,2026-S1
EQ-FAN-002,2026-04-09T00:00:00Z,current_a,22.22,A,2026-S1
EQ-FAN-304,2026-04-09T00:00:00Z,rpm,1492.87,rpm,2026-S1
EQ-OVEN-001,2026-04-09T00:00:00Z,current_a,22.30,A,2026-S1
EQ-OVEN-223,2026-04-09T00:00:00Z,temperature_c,65.20,°C,2026-S1
EQ-OVEN-366,2026-04-09T00:00:00Z,current_a,28.69,A,2026-S1
EQ-PUMP-001,2026-04-09T00:00:00Z,temperature_c,60.23,°C,2026-S1
EQ-CAB-134,2026-04-09T06:00:00Z,temperature_c,51.85,°C,2026-S1
EQ-COMP-113,2026-04-09T06:00:00Z,temperature_c,59.42,°C,2026-S1
EQ-FAN-002,2026-04-09T06:00:00Z,current_a,-999,A,2026-S1
EQ-FAN-304,2026-04-09T06:00:00Z,rpm,1508.38,rpm,2026-S1
EQ-OVEN-001,2026-04-09T06:00:00Z,current_a,26.52,A,2026-S1
EQ-OVEN-223,2026-04-09T06:00:00Z,temperature_c,61.20,°C,2026-S1
EQ-OVEN-366,2026-04-09T06:00:00Z,current_a,30.04,A,2026-S1
EQ-OVEN-366,2026-04-09T06:00:00Z,temperature_c,47.58,°C,2026-S1
EQ-PUMP-001,2026-04-09T06:00:00Z,temperature_c,54.65,°C,2026-S1
EQ-FAN-002,2026-04-09T12:00:00Z,vibration_mm_s,3.40,mm/s,2026-S1
EQ-FAN-304,2026-04-09T12:00:00Z,vibration_mm_s,2.235006,mm/s,2026-S1
EQ-OVEN-123,2026-04-09T12:00:00Z,current_a,25.69,A,2026-S1
EQ-OVEN-123,2026-04-09T12:00:00Z,temperature_c,58.31,K,2026-S1
EQ-OVEN-366,2026-04-09T12:00:00Z,current_a,27.21,A,2026-S1
EQ-OVEN-366,2026-04-09T12:00:00Z,temperature_c,54.59,°C,2026-S1
EQ-STEAM-341,2026-04-09T12:00:00Z,temperature_c,60.17,°C,2026-S1
EQ-FAN-002,2026-04-09T18:00:00Z,vibration_mm_s,2.67,mm/s,2026-S1
EQ-FAN-304,2026-04-09T18:00:00Z,vibration_mm_s,1.367208,mm/s,2026-S1
EQ-OVEN-123,2026-04-09T18:00:00Z,current_a,23.23,A,2026-S1
EQ-OVEN-123,2026-04-09T18:00:00Z,temperature_c,63.08,K,2026-S1
EQ-OVEN-366,2026-04-09T18:00:00Z,current_a,23.54,A,2026-S1
EQ-OVEN-366,2026-04-09T18:00:00Z,temperature_c,55.09,°C,2026-S1
EQ-STEAM-341,2026-04-09T18:00:00Z,temperature_c,50.30,°C,2026-S1
EQ-FAN-002,2026-04-10T00:00:00Z,vibration_mm_s,3.16,mm/s,2026-S1
EQ-FAN-304,2026-04-10T00:00:00Z,vibration_mm_s,8.447111,mm/s,2026-S1
EQ-OVEN-123,2026-04-10T00:00:00Z,current_a,27.03,A,2026-S1
EQ-OVEN-123,2026-04-10T00:00:00Z,temperature_c,55.23,K,2026-S1
EQ-OVEN-366,2026-04-10T00:00:00Z,current_a,26.09,A,2026-S1
EQ-OVEN-366,2026-04-10T00:00:00Z,temperature_c,49.92,°C,2026-S1
EQ-STEAM-341,2026-04-10T00:00:00Z,temperature_c,55.46,°C,2026-S1
EQ-FAN-002,2026-04-10T06:00:00Z,vibration_mm_s,3.36,mm/s,2026-S1
EQ-FAN-304,2026-04-10T06:00:00Z,vibration_mm_s,1.286735,mm/s,2026-S1
EQ-OVEN-123,2026-04-10T06:00:00Z,current_a,26.70,A,2026-S1
EQ-OVEN-123,2026-04-10T06:00:00Z,temperature_c,55.11,K,2026-S1
EQ-OVEN-366,2026-04-10T06:00:00Z,current_a,25.73,A,2026-S1
EQ-OVEN-366,2026-04-10T06:00:00Z,temperature_c,46.20,°C,2026-S1
EQ-STEAM-341,2026-04-10T06:00:00Z,temperature_c,58.49,°C,2026-S1
EQ-FAN-002,2026-04-10T12:00:00Z,vibration_mm_s,3.03,mm/s,2026-S1
EQ-FAN-304,2026-04-10T12:00:00Z,vibration_mm_s,4.590485,mm/s,2026-S1
EQ-OVEN-123,2026-04-10T12:00:00Z,current_a,23.80,A,2026-S1
EQ-OVEN-123,2026-04-10T12:00:00Z,temperature_c,60.63,K,2026-S1
EQ-OVEN-366,2026-04-10T12:00:00Z,current_a,23.57,A,2026-S1
EQ-OVEN-366,2026-04-10T12:00:00Z,temperature_c,52.77,°C,2026-S1
EQ-STEAM-341,2026-04-10T12:00:00Z,temperature_c,57.90,°C,2026-S1
EQ-FAN-002,2026-04-10T18:00:00Z,vibration_mm_s,2.69,mm/s,2026-S1
EQ-FAN-304,2026-04-10T18:00:00Z,vibration_mm_s,7.225093,mm/s,2026-S1
EQ-OVEN-123,2026-04-10T18:00:00Z,current_a,22.87,A,2026-S1
EQ-OVEN-123,2026-04-10T18:00:00Z,temperature_c,62.94,K,2026-S1
EQ-OVEN-366,2026-04-10T18:00:00Z,current_a,23.93,A,2026-S1
EQ-OVEN-366,2026-04-10T18:00:00Z,temperature_c,56.05,°C,2026-S1
EQ-STEAM-341,2026-04-10T18:00:00Z,temperature_c,52.36,°C,2026-S1
EQ-FAN-002,2026-04-11T00:00:00Z,vibration_mm_s,2.85,mm/s,2026-S1
EQ-FAN-304,2026-04-11T00:00:00Z,vibration_mm_s,4.318290,mm/s,2026-S1
EQ-OVEN-123,2026-04-11T00:00:00Z,current_a,24.41,A,2026-S1
EQ-OVEN-123,2026-04-11T00:00:00Z,temperature_c,51.26,K,2026-S1
EQ-OVEN-366,2026-04-11T00:00:00Z,current_a,23.83,A,2026-S1
EQ-OVEN-366,2026-04-11T00:00:00Z,temperature_c,49.23,°C,2026-S1
EQ-STEAM-341,2026-04-11T00:00:00Z,temperature_c,52.83,°C,2026-S1
EQ-FAN-002,2026-04-11T06:00:00Z,vibration_mm_s,3.40,mm/s,2026-S1
EQ-FAN-304,2026-04-11T06:00:00Z,vibration_mm_s,7.067279,mm/s,2026-S1
EQ-OVEN-123,2026-04-11T06:00:00Z,current_a,25.47,A,2026-S1
EQ-OVEN-123,2026-04-11T06:00:00Z,temperature_c,52.19,K,2026-S1
EQ-OVEN-366,2026-04-11T06:00:00Z,current_a,24.57,A,2026-S1
EQ-OVEN-366,2026-04-11T06:00:00Z,temperature_c,45.96,°C,2026-S1
EQ-STEAM-341,2026-04-11T06:00:00Z,temperature_c,60.52,°C,2026-S1
EQ-FAN-002,2026-04-11T12:00:00Z,vibration_mm_s,2.56,mm/s,2026-S1
EQ-FAN-304,2026-04-11T12:00:00Z,vibration_mm_s,11.483198,mm/s,2026-S1
EQ-OVEN-123,2026-04-11T12:00:00Z,current_a,21.89,A,2026-S1
EQ-OVEN-123,2026-04-11T12:00:00Z,temperature_c,58.11,K,2026-S1
EQ-OVEN-366,2026-04-11T12:00:00Z,current_a,22.15,A,2026-S1
EQ-OVEN-366,2026-04-11T12:00:00Z,temperature_c,49.25,°C,2026-S1
EQ-STEAM-341,2026-04-11T12:00:00Z,temperature_c,54.65,°C,2026-S1
EQ-FAN-002,2026-04-11T18:00:00Z,vibration_mm_s,3.03,mm/s,2026-S1
EQ-FAN-304,2026-04-11T18:00:00Z,vibration_mm_s,9.571787,mm/s,2026-S1
EQ-OVEN-123,2026-04-11T18:00:00Z,current_a,21.73,A,2026-S1
EQ-OVEN-123,2026-04-11T18:00:00Z,temperature_c,62.03,K,2026-S1
EQ-OVEN-366,2026-04-11T18:00:00Z,current_a,20.97,A,2026-S1
EQ-OVEN-366,2026-04-11T18:00:00Z,temperature_c,54.07,°C,2026-S1
EQ-STEAM-341,2026-04-11T18:00:00Z,temperature_c,48.93,°C,2026-S1
EQ-FAN-002,2026-04-12T00:00:00Z,vibration_mm_s,2.43,mm/s,2026-S1
EQ-FAN-304,2026-04-12T00:00:00Z,vibration_mm_s,4.450834,mm/s,2026-S1
EQ-OVEN-123,2026-04-12T00:00:00Z,current_a,23.98,A,2026-S1
EQ-OVEN-123,2026-04-12T00:00:00Z,temperature_c,53.98,K,2026-S1
EQ-OVEN-366,2026-04-12T00:00:00Z,current_a,22.08,A,2026-S1
EQ-OVEN-366,2026-04-12T00:00:00Z,temperature_c,51.36,°C,2026-S1
EQ-STEAM-341,2026-04-12T00:00:00Z,temperature_c,54.26,°C,2026-S1
EQ-FAN-002,2026-04-12T06:00:00Z,vibration_mm_s,3.41,mm/s,2026-S1
EQ-FAN-304,2026-04-12T06:00:00Z,vibration_mm_s,1.418337,mm/s,2026-S1
EQ-OVEN-123,2026-04-12T06:00:00Z,current_a,27.04,A,2026-S1
EQ-OVEN-123,2026-04-12T06:00:00Z,temperature_c,53.61,K,2026-S1
EQ-OVEN-366,2026-04-12T06:00:00Z,current_a,24.40,A,2026-S1
EQ-OVEN-366,2026-04-12T06:00:00Z,temperature_c,47.14,°C,2026-S1
EQ-STEAM-341,2026-04-12T06:00:00Z,temperature_c,57.04,°C,2026-S1
EQ-FAN-002,2026-04-12T12:00:00Z,vibration_mm_s,2.66,mm/s,2026-S1
EQ-FAN-304,2026-04-12T12:00:00Z,vibration_mm_s,5.111156,mm/s,2026-S1
EQ-OVEN-123,2026-04-12T12:00:00Z,current_a,23.46,A,2026-S1
EQ-OVEN-123,2026-04-12T12:00:00Z,temperature_c,58.93,K,2026-S1
EQ-OVEN-366,2026-04-12T12:00:00Z,current_a,21.69,A,2026-S1
EQ-OVEN-366,2026-04-12T12:00:00Z,temperature_c,51.82,°C,2026-S1
EQ-STEAM-341,2026-04-12T12:00:00Z,temperature_c,56.99,°C,2026-S1
EQ-FAN-002,2026-04-12T18:00:00Z,vibration_mm_s,2.53,mm/s,2026-S1
EQ-FAN-304,2026-04-12T18:00:00Z,vibration_mm_s,3.855698,mm/s,2026-S1
EQ-OVEN-123,2026-04-12T18:00:00Z,current_a,22.08,A,2026-S1
EQ-OVEN-123,2026-04-12T18:00:00Z,temperature_c,61.77,K,2026-S1
EQ-OVEN-366,2026-04-12T18:00:00Z,current_a,20.06,A,2026-S1
EQ-OVEN-366,2026-04-12T18:00:00Z,temperature_c,54.87,°C,2026-S1
EQ-STEAM-341,2026-04-12T18:00:00Z,temperature_c,47.92,°C,2026-S1
EQ-FAN-002,2026-04-13T00:00:00Z,vibration_mm_s,3.15,mm/s,2026-S1
EQ-FAN-304,2026-04-13T00:00:00Z,vibration_mm_s,5.670149,mm/s,2026-S1
EQ-OVEN-123,2026-04-13T00:00:00Z,current_a,23.72,A,2026-S1
EQ-OVEN-123,2026-04-13T00:00:00Z,temperature_c,57.18,K,2026-S1
EQ-OVEN-366,2026-04-13T00:00:00Z,current_a,25.91,A,2026-S1
EQ-OVEN-366,2026-04-13T00:00:00Z,temperature_c,46.79,°C,2026-S1
EQ-STEAM-341,2026-04-13T00:00:00Z,temperature_c,53.26,°C,2026-S1
EQ-FAN-002,2026-04-13T06:00:00Z,vibration_mm_s,3.03,mm/s,2026-S1
EQ-FAN-304,2026-04-13T06:00:00Z,vibration_mm_s,9.965766,mm/s,2026-S1
EQ-OVEN-123,2026-04-13T06:00:00Z,current_a,26.25,A,2026-S1
EQ-OVEN-123,2026-04-13T06:00:00Z,temperature_c,52.74,K,2026-S1
EQ-OVEN-366,2026-04-13T06:00:00Z,current_a,25.21,A,2026-S1
EQ-OVEN-366,2026-04-13T06:00:00Z,temperature_c,46.44,°C,2026-S1
EQ-STEAM-341,2026-04-13T06:00:00Z,temperature_c,57.93,°C,2026-S1
EQ-FAN-002,2026-04-13T12:00:00Z,vibration_mm_s,2.80,mm/s,2026-S1
EQ-FAN-304,2026-04-13T12:00:00Z,vibration_mm_s,0.049163,mm/s,2026-S1
EQ-OVEN-123,2026-04-13T12:00:00Z,current_a,25.17,A,2026-S1
EQ-OVEN-123,2026-04-13T12:00:00Z,temperature_c,58.00,K,2026-S1
EQ-OVEN-366,2026-04-13T12:00:00Z,current_a,23.56,A,2026-S1
EQ-OVEN-366,2026-04-13T12:00:00Z,temperature_c,49.90,°C,2026-S1
EQ-STEAM-341,2026-04-13T12:00:00Z,temperature_c,56.70,°C,2026-S1
EQ-FAN-002,2026-04-13T18:00:00Z,vibration_mm_s,2.50,mm/s,2026-S1
EQ-FAN-304,2026-04-13T18:00:00Z,vibration_mm_s,10.084603,mm/s,2026-S1
EQ-OVEN-123,2026-04-13T18:00:00Z,current_a,22.94,A,2026-S1
EQ-OVEN-123,2026-04-13T18:00:00Z,temperature_c,60.22,K,2026-S1
EQ-OVEN-366,2026-04-13T18:00:00Z,current_a,22.08,A,2026-S1
EQ-OVEN-366,2026-04-13T18:00:00Z,temperature_c,54.37,°C,2026-S1
EQ-STEAM-341,2026-04-13T18:00:00Z,temperature_c,53.32,°C,2026-S1
EQ-FAN-002,2026-04-14T00:00:00Z,vibration_mm_s,2.90,mm/s,2026-S1
EQ-FAN-304,2026-04-14T00:00:00Z,vibration_mm_s,4.684360,mm/s,2026-S1
EQ-OVEN-123,2026-04-14T00:00:00Z,current_a,25.00,A,2026-S1
EQ-OVEN-123,2026-04-14T00:00:00Z,temperature_c,58.70,K,2026-S1
EQ-OVEN-366,2026-04-14T00:00:00Z,current_a,24.61,A,2026-S1
EQ-OVEN-366,2026-04-14T00:00:00Z,temperature_c,50.23,°C,2026-S1
EQ-STEAM-341,2026-04-14T00:00:00Z,temperature_c,51.14,°C,2026-S1
EQ-FAN-002,2026-04-14T06:00:00Z,vibration_mm_s,3.11,mm/s,2026-S1
EQ-FAN-304,2026-04-14T06:00:00Z,vibration_mm_s,0.269202,mm/s,2026-S1
EQ-OVEN-123,2026-04-14T06:00:00Z,current_a,26.87,A,2026-S1
EQ-OVEN-123,2026-04-14T06:00:00Z,temperature_c,53.82,K,2026-S1
EQ-OVEN-366,2026-04-14T06:00:00Z,current_a,26.30,A,2026-S1
EQ-OVEN-366,2026-04-14T06:00:00Z,temperature_c,46.45,°C,2026-S1
EQ-STEAM-341,2026-04-14T06:00:00Z,temperature_c,60.50,°C,2026-S1
EQ-FAN-002,2026-04-14T12:00:00Z,vibration_mm_s,3.07,mm/s,2026-S1
EQ-FAN-304,2026-04-14T12:00:00Z,vibration_mm_s,7.928048,mm/s,2026-S1
EQ-OVEN-123,2026-04-14T12:00:00Z,current_a,23.27,A,2026-S1
EQ-OVEN-123,2026-04-14T12:00:00Z,temperature_c,63.32,K,2026-S1
EQ-OVEN-366,2026-04-14T12:00:00Z,current_a,21.34,A,2026-S1
EQ-OVEN-366,2026-04-14T12:00:00Z,temperature_c,49.00,°C,2026-S1
EQ-STEAM-341,2026-04-14T12:00:00Z,temperature_c,57.31,°C,2026-S1
EQ-FAN-002,2026-04-14T18:00:00Z,vibration_mm_s,2.66,mm/s,2026-S1
EQ-FAN-304,2026-04-14T18:00:00Z,vibration_mm_s,3.354344,mm/s,2026-S1
EQ-OVEN-123,2026-04-14T18:00:00Z,current_a,24.73,A,2026-S1
EQ-OVEN-123,2026-04-14T18:00:00Z,temperature_c,62.87,K,2026-S1
EQ-OVEN-366,2026-04-14T18:00:00Z,current_a,21.70,A,2026-S1
EQ-OVEN-366,2026-04-14T18:00:00Z,temperature_c,51.76,°C,2026-S1
EQ-STEAM-341,2026-04-14T18:00:00Z,temperature_c,51.35,°C,2026-S1
EQ-FAN-002,2026-04-15T00:00:00Z,vibration_mm_s,2.92,mm/s,2026-S1
EQ-FAN-304,2026-04-15T00:00:00Z,vibration_mm_s,9.644496,mm/s,2026-S1
EQ-OVEN-123,2026-04-15T00:00:00Z,current_a,24.78,A,2026-S1
EQ-OVEN-123,2026-04-15T00:00:00Z,temperature_c,57.43,K,2026-S1
EQ-OVEN-366,2026-04-15T00:00:00Z,current_a,25.75,A,2026-S1
EQ-OVEN-366,2026-04-15T00:00:00Z,temperature_c,50.98,°C,2026-S1
EQ-STEAM-341,2026-04-15T00:00:00Z,temperature_c,54.57,°C,2026-S1
EQ-FAN-002,2026-04-15T06:00:00Z,vibration_mm_s,3.37,mm/s,2026-S1
EQ-FAN-304,2026-04-15T06:00:00Z,vibration_mm_s,9.880741,mm/s,2026-S1
EQ-OVEN-123,2026-04-15T06:00:00Z,current_a,26.98,A,2026-S1
EQ-OVEN-123,2026-04-15T06:00:00Z,temperature_c,53.13,K,2026-S1
EQ-OVEN-366,2026-04-15T06:00:00Z,current_a,25.34,A,2026-S1
EQ-OVEN-366,2026-04-15T06:00:00Z,temperature_c,48.56,°C,2026-S1
EQ-STEAM-341,2026-04-15T06:00:00Z,temperature_c,62.69,°C,2026-S1
EQ-FAN-002,2026-04-15T12:00:00Z,vibration_mm_s,2.99,mm/s,2026-S1
EQ-FAN-304,2026-04-15T12:00:00Z,vibration_mm_s,2.263441,mm/s,2026-S1
EQ-OVEN-123,2026-04-15T12:00:00Z,current_a,24.09,A,2026-S1
EQ-OVEN-123,2026-04-15T12:00:00Z,temperature_c,59.13,K,2026-S1
EQ-OVEN-366,2026-04-15T12:00:00Z,current_a,22.93,A,2026-S1
EQ-OVEN-366,2026-04-15T12:00:00Z,temperature_c,53.22,°C,2026-S1
EQ-STEAM-341,2026-04-15T12:00:00Z,temperature_c,55.00,°C,2026-S1
EQ-FAN-002,2026-04-15T18:00:00Z,vibration_mm_s,2.92,mm/s,2026-S1
EQ-FAN-304,2026-04-15T18:00:00Z,vibration_mm_s,9.013106,mm/s,2026-S1
EQ-OVEN-123,2026-04-15T18:00:00Z,current_a,23.06,A,2026-S1
EQ-OVEN-123,2026-04-15T18:00:00Z,temperature_c,60.25,K,2026-S1
EQ-OVEN-366,2026-04-15T18:00:00Z,current_a,22.01,A,2026-S1
EQ-OVEN-366,2026-04-15T18:00:00Z,temperature_c,56.60,°C,2026-S1
EQ-STEAM-341,2026-04-15T18:00:00Z,temperature_c,53.83,°C,2026-S1
EQ-FAN-002,2026-04-16T00:00:00Z,vibration_mm_s,2.92,mm/s,2026-S1
EQ-FAN-304,2026-04-16T00:00:00Z,vibration_mm_s,11.838476,mm/s,2026-S1
EQ-OVEN-123,2026-04-16T00:00:00Z,current_a,26.09,A,2026-S1
EQ-OVEN-123,2026-04-16T00:00:00Z,temperature_c,55.72,K,2026-S1
EQ-OVEN-366,2026-04-16T00:00:00Z,current_a,25.55,A,2026-S1
EQ-OVEN-366,2026-04-16T00:00:00Z,temperature_c,52.83,°C,2026-S1
EQ-STEAM-341,2026-04-16T00:00:00Z,temperature_c,53.34,°C,2026-S1
EQ-FAN-002,2026-04-16T06:00:00Z,vibration_mm_s,3.72,mm/s,2026-S1
EQ-FAN-304,2026-04-16T06:00:00Z,vibration_mm_s,10.558171,mm/s,2026-S1
EQ-OVEN-123,2026-04-16T06:00:00Z,current_a,26.98,A,2026-S1
EQ-OVEN-123,2026-04-16T06:00:00Z,temperature_c,56.63,K,2026-S1
EQ-OVEN-366,2026-04-16T06:00:00Z,current_a,27.07,A,2026-S1
EQ-OVEN-366,2026-04-16T06:00:00Z,temperature_c,48.69,°C,2026-S1
EQ-STEAM-341,2026-04-16T06:00:00Z,temperature_c,63.26,°C,2026-S1
EQ-FAN-002,2026-04-16T12:00:00Z,vibration_mm_s,2.94,mm/s,2026-S1
EQ-FAN-304,2026-04-16T12:00:00Z,vibration_mm_s,11.101261,mm/s,2026-S1
EQ-OVEN-123,2026-04-16T12:00:00Z,current_a,23.21,A,2026-S1
EQ-OVEN-123,2026-04-16T12:00:00Z,temperature_c,58.88,K,2026-S1
EQ-OVEN-366,2026-04-16T12:00:00Z,current_a,23.35,A,2026-S1
EQ-OVEN-366,2026-04-16T12:00:00Z,temperature_c,51.08,°C,2026-S1
EQ-STEAM-341,2026-04-16T12:00:00Z,temperature_c,57.63,°C,2026-S1
EQ-FAN-002,2026-04-16T18:00:00Z,vibration_mm_s,2.56,mm/s,2026-S1
EQ-FAN-304,2026-04-16T18:00:00Z,vibration_mm_s,4.121904,mm/s,2026-S1
EQ-OVEN-123,2026-04-16T18:00:00Z,current_a,21.36,A,2026-S1
EQ-OVEN-123,2026-04-16T18:00:00Z,temperature_c,61.20,K,2026-S1
EQ-OVEN-366,2026-04-16T18:00:00Z,current_a,22.05,A,2026-S1
EQ-STEAM-341,2026-04-16T18:00:00Z,temperature_c,51.97,°C,2026-S1
EQ-CAB-134,2026-04-17T00:00:00Z,temperature_c,58.51,K,2026-S1
EQ-CHILL-001,2026-04-17T00:00:00Z,temperature_c,50.11,°C,2026-S1
EQ-COMP-002,2026-04-17T00:00:00Z,pressure_bar,6.98,bar,2026-S1
EQ-MIX-259,2026-04-17T00:00:00Z,current_a,24.51,A,2026-S1
EQ-PUMP-006,2026-04-17T00:00:00Z,temperature_c,53.29,°C,2026-S1
EQ-PUMP-006,2026-04-17T00:00:00Z,vibration_mm_s,3.19,mm/s,2026-S1
EQ-PUMP-171,2026-04-17T00:00:00Z,vibration_mm_s,2.59,mm/s,2026-S1
EQ-OVEN-123,2026-04-17T00:11:00Z,current_a,23.72,A,2026-S1
EQ-CAB-134,2026-04-17T06:00:00Z,temperature_c,55.66,K,2026-S1
EQ-CHILL-001,2026-04-17T06:00:00Z,temperature_c,59.41,°C,2026-S1
EQ-COMP-002,2026-04-17T06:00:00Z,pressure_bar,6.29,bar,2026-S1
EQ-MIX-259,2026-04-17T06:00:00Z,current_a,20.21,A,2026-S1
EQ-PUMP-006,2026-04-17T06:00:00Z,temperature_c,58.92,°C,2026-S1
EQ-PUMP-006,2026-04-17T06:00:00Z,vibration_mm_s,2.60,mm/s,2026-S1
EQ-PUMP-171,2026-04-17T06:00:00Z,vibration_mm_s,2.59,mm/s,2026-S1
EQ-OVEN-123,2026-04-17T06:23:00Z,current_a,26.80,A,2026-S1
EQ-OVEN-123,2026-04-17T11:23:00Z,current_a,23.29,A,2026-S1
EQ-CAB-134,2026-04-17T12:00:00Z,temperature_c,49.63,K,2026-S1
EQ-CHILL-001,2026-04-17T12:00:00Z,temperature_c,58.59,°C,2026-S1
EQ-COMP-002,2026-04-17T12:00:00Z,pressure_bar,6.48,bar,2026-S1
EQ-MIX-259,2026-04-17T12:00:00Z,current_a,20.75,A,2026-S1
EQ-PUMP-006,2026-04-17T12:00:00Z,temperature_c,56.89,°C,2026-S1
EQ-PUMP-006,2026-04-17T12:00:00Z,vibration_mm_s,2.67,mm/s,2026-S1
EQ-PUMP-171,2026-04-17T12:00:00Z,vibration_mm_s,2.59,mm/s,2026-S1
EQ-OVEN-123,2026-04-17T17:07:00Z,current_a,22.62,A,2026-S1
EQ-CAB-134,2026-04-17T18:00:00Z,temperature_c,56.30,K,2026-S1
EQ-CHILL-001,2026-04-17T18:00:00Z,temperature_c,51.11,°C,2026-S1
EQ-COMP-002,2026-04-17T18:00:00Z,pressure_bar,7.00,bar,2026-S1
EQ-MIX-259,2026-04-17T18:00:00Z,current_a,23.55,A,2026-S1
EQ-PUMP-006,2026-04-17T18:00:00Z,temperature_c,52.51,°C,2026-S1
EQ-PUMP-006,2026-04-17T18:00:00Z,vibration_mm_s,3.50,mm/s,2026-S1
EQ-PUMP-171,2026-04-17T18:00:00Z,vibration_mm_s,2.59,mm/s,2026-S1
EQ-OVEN-123,2026-04-17T23:41:00Z,current_a,23.94,A,2026-S1
EQ-CAB-134,2026-04-18T00:00:00Z,temperature_c,59.93,K,2026-S1
EQ-CHILL-001,2026-04-18T00:00:00Z,temperature_c,51.69,°C,2026-S1
EQ-COMP-002,2026-04-18T00:00:00Z,pressure_bar,6.48,bar,2026-S1
EQ-MIX-259,2026-04-18T00:00:00Z,current_a,23.15,A,2026-S1
EQ-PUMP-006,2026-04-18T00:00:00Z,temperature_c,51.76,°C,2026-S1
EQ-PUMP-006,2026-04-18T00:00:00Z,vibration_mm_s,3.37,mm/s,2026-S1
EQ-PUMP-171,2026-04-18T00:00:00Z,vibration_mm_s,2.59,mm/s,2026-S1
EQ-OVEN-123,2026-04-18T05:23:00Z,current_a,26.89,A,2026-S1
EQ-CAB-134,2026-04-18T06:00:00Z,temperature_c,51.76,K,2026-S1
EQ-CHILL-001,2026-04-18T06:00:00Z,temperature_c,57.64,°C,2026-S1
EQ-COMP-002,2026-04-18T06:00:00Z,pressure_bar,6.09,bar,2026-S1
EQ-MIX-259,2026-04-18T06:00:00Z,current_a,21.52,A,2026-S1
EQ-PUMP-006,2026-04-18T06:00:00Z,temperature_c,58.40,°C,2026-S1
EQ-PUMP-006,2026-04-18T06:00:00Z,vibration_mm_s,2.65,mm/s,2026-S1
EQ-PUMP-171,2026-04-18T06:00:00Z,vibration_mm_s,2.59,mm/s,2026-S1
EQ-CAB-134,2026-04-18T12:00:00Z,temperature_c,50.62,K,2026-S1
EQ-CHILL-001,2026-04-18T12:00:00Z,temperature_c,58.45,°C,2026-S1
EQ-COMP-002,2026-04-18T12:00:00Z,pressure_bar,6.34,bar,2026-S1
EQ-MIX-259,2026-04-18T12:00:00Z,current_a,19.21,A,2026-S1
EQ-PUMP-006,2026-04-18T12:00:00Z,temperature_c,56.16,°C,2026-S1
EQ-PUMP-006,2026-04-18T12:00:00Z,vibration_mm_s,2.90,mm/s,2026-S1
EQ-PUMP-171,2026-04-18T12:00:00Z,vibration_mm_s,2.59,mm/s,2026-S1
EQ-OVEN-123,2026-04-18T12:11:00Z,current_a,23.87,A,2026-S1
EQ-OVEN-123,2026-04-18T17:41:00Z,current_a,21.30,A,2026-S1
EQ-CAB-134,2026-04-18T18:00:00Z,temperature_c,56.85,K,2026-S1
EQ-CHILL-001,2026-04-18T18:00:00Z,temperature_c,52.03,°C,2026-S1
EQ-COMP-002,2026-04-18T18:00:00Z,pressure_bar,7.00,bar,2026-S1
EQ-MIX-259,2026-04-18T18:00:00Z,current_a,23.26,A,2026-S1
EQ-PUMP-006,2026-04-18T18:00:00Z,temperature_c,50.63,°C,2026-S1
EQ-PUMP-006,2026-04-18T18:00:00Z,vibration_mm_s,3.46,mm/s,2026-S1
EQ-PUMP-171,2026-04-18T18:00:00Z,vibration_mm_s,2.59,mm/s,2026-S1
EQ-OVEN-123,2026-04-18T23:41:00Z,current_a,23.06,A,2026-S1
EQ-CAB-134,2026-04-19T00:00:00Z,temperature_c,57.11,K,2026-S1
EQ-CHILL-001,2026-04-19T00:00:00Z,temperature_c,50.14,°C,2026-S1
EQ-COMP-002,2026-04-19T00:00:00Z,pressure_bar,6.46,bar,2026-S1
EQ-MIX-259,2026-04-19T00:00:00Z,current_a,23.20,A,2026-S1
EQ-PUMP-006,2026-04-19T00:00:00Z,temperature_c,51.90,°C,2026-S1
EQ-PUMP-006,2026-04-19T00:00:00Z,vibration_mm_s,3.41,mm/s,2026-S1
EQ-PUMP-171,2026-04-19T00:00:00Z,vibration_mm_s,2.59,mm/s,2026-S1
EQ-CAB-134,2026-04-19T06:00:00Z,temperature_c,52.50,K,2026-S1
EQ-CHILL-001,2026-04-19T06:00:00Z,temperature_c,57.74,°C,2026-S1
EQ-COMP-002,2026-04-19T06:00:00Z,pressure_bar,6.11,bar,2026-S1
EQ-MIX-259,2026-04-19T06:00:00Z,current_a,22.74,A,2026-S1
EQ-PUMP-006,2026-04-19T06:00:00Z,temperature_c,56.98,°C,2026-S1
EQ-PUMP-006,2026-04-19T06:00:00Z,vibration_mm_s,2.62,mm/s,2026-S1
EQ-PUMP-171,2026-04-19T06:00:00Z,vibration_mm_s,2.59,mm/s,2026-S1
EQ-OVEN-123,2026-04-19T06:11:00Z,current_a,24.94,A,2026-S1
EQ-OVEN-123,2026-04-19T11:23:00Z,current_a,23.93,A,2026-S1
EQ-CAB-134,2026-04-19T12:00:00Z,temperature_c,46.35,K,2026-S1
EQ-CHILL-001,2026-04-19T12:00:00Z,temperature_c,57.23,°C,2026-S1
EQ-COMP-002,2026-04-19T12:00:00Z,pressure_bar,6.55,bar,2026-S1
EQ-MIX-259,2026-04-19T12:00:00Z,current_a,19.44,A,2026-S1
EQ-PUMP-006,2026-04-19T12:00:00Z,temperature_c,54.94,°C,2026-S1
EQ-PUMP-006,2026-04-19T12:00:00Z,vibration_mm_s,2.85,mm/s,2026-S1
EQ-PUMP-171,2026-04-19T12:00:00Z,vibration_mm_s,2.59,mm/s,2026-S1
EQ-CAB-134,2026-04-19T18:00:00Z,temperature_c,55.33,K,2026-S1
EQ-CHILL-001,2026-04-19T18:00:00Z,temperature_c,48.72,°C,2026-S1
EQ-COMP-002,2026-04-19T18:00:00Z,pressure_bar,6.72,bar,2026-S1
EQ-MIX-259,2026-04-19T18:00:00Z,current_a,22.81,A,2026-S1
EQ-PUMP-006,2026-04-19T18:00:00Z,temperature_c,46.95,°C,2026-S1
EQ-PUMP-006,2026-04-19T18:00:00Z,vibration_mm_s,3.23,mm/s,2026-S1
EQ-PUMP-171,2026-04-19T18:00:00Z,vibration_mm_s,2.59,mm/s,2026-S1
EQ-OVEN-123,2026-04-19T18:11:00Z,current_a,20.84,A,2026-S1
EQ-CAB-134,2026-04-20T00:00:00Z,temperature_c,60.21,K,2026-S1
EQ-CHILL-001,2026-04-20T00:00:00Z,temperature_c,52.48,°C,2026-S1
EQ-COMP-002,2026-04-20T00:00:00Z,pressure_bar,6.72,bar,2026-S1
EQ-MIX-259,2026-04-20T00:00:00Z,current_a,24.67,A,2026-S1
EQ-PUMP-006,2026-04-20T00:00:00Z,temperature_c,49.97,°C,2026-S1
EQ-PUMP-006,2026-04-20T00:00:00Z,vibration_mm_s,3.44,mm/s,2026-S1
EQ-PUMP-171,2026-04-20T00:00:00Z,vibration_mm_s,2.59,mm/s,2026-S1
EQ-OVEN-123,2026-04-20T00:11:00Z,current_a,23.59,A,2026-S1
EQ-CAB-134,2026-04-20T06:00:00Z,temperature_c,53.16,K,2026-S1
EQ-CHILL-001,2026-04-20T06:00:00Z,temperature_c,59.12,°C,2026-S1
EQ-COMP-002,2026-04-20T06:00:00Z,pressure_bar,6.28,bar,2026-S1
EQ-MIX-259,2026-04-20T06:00:00Z,current_a,20.31,A,2026-S1
EQ-PUMP-006,2026-04-20T06:00:00Z,temperature_c,57.88,°C,2026-S1
EQ-PUMP-006,2026-04-20T06:00:00Z,vibration_mm_s,2.91,mm/s,2026-S1
EQ-PUMP-171,2026-04-20T06:00:00Z,vibration_mm_s,2.59,mm/s,2026-S1
EQ-OVEN-123,2026-04-20T06:11:00Z,current_a,26.75,A,2026-S1
EQ-CAB-134,2026-04-20T12:00:00Z,temperature_c,51.75,K,2026-S1
EQ-CHILL-001,2026-04-20T12:00:00Z,temperature_c,60.06,°C,2026-S1
EQ-COMP-002,2026-04-20T12:00:00Z,pressure_bar,6.93,bar,2026-S1
EQ-MIX-259,2026-04-20T12:00:00Z,current_a,21.52,A,2026-S1
EQ-PUMP-006,2026-04-20T12:00:00Z,temperature_c,60.80,°C,2026-S1
EQ-PUMP-006,2026-04-20T12:00:00Z,vibration_mm_s,2.92,mm/s,2026-S1
EQ-PUMP-171,2026-04-20T12:00:00Z,vibration_mm_s,2.59,mm/s,2026-S1
EQ-OVEN-123,2026-04-20T12:23:00Z,current_a,23.74,A,2026-S1
EQ-CAB-134,2026-04-20T18:00:00Z,temperature_c,57.39,K,2026-S1
EQ-CHILL-001,2026-04-20T18:00:00Z,temperature_c,53.07,°C,2026-S1
EQ-COMP-002,2026-04-20T18:00:00Z,pressure_bar,6.92,bar,2026-S1
EQ-MIX-259,2026-04-20T18:00:00Z,current_a,23.95,A,2026-S1
EQ-PUMP-006,2026-04-20T18:00:00Z,temperature_c,51.78,°C,2026-S1
EQ-PUMP-006,2026-04-20T18:00:00Z,vibration_mm_s,3.46,mm/s,2026-S1
EQ-PUMP-171,2026-04-20T18:00:00Z,vibration_mm_s,2.59,mm/s,2026-S1
EQ-OVEN-123,2026-04-20T18:41:00Z,current_a,21.43,A,2026-S1
EQ-OVEN-123,2026-04-20T23:23:00Z,current_a,26.11,A,2026-S1
EQ-CAB-134,2026-04-21T00:00:00Z,temperature_c,61.99,K,2026-S1
EQ-CHILL-001,2026-04-21T00:00:00Z,temperature_c,54.36,°C,2026-S1
EQ-COMP-002,2026-04-21T00:00:00Z,pressure_bar,6.65,bar,2026-S1
EQ-MIX-259,2026-04-21T00:00:00Z,current_a,23.62,A,2026-S1
EQ-PUMP-006,2026-04-21T00:00:00Z,temperature_c,54.50,°C,2026-S1
EQ-PUMP-006,2026-04-21T00:00:00Z,vibration_mm_s,3.83,mm/s,2026-S1
EQ-PUMP-171,2026-04-21T00:00:00Z,vibration_mm_s,2.59,mm/s,2026-S1
EQ-CAB-134,2026-04-21T06:00:00Z,temperature_c,54.05,K,2026-S1
EQ-CHILL-001,2026-04-21T06:00:00Z,temperature_c,58.94,°C,2026-S1
EQ-COMP-002,2026-04-21T06:00:00Z,pressure_bar,6.48,bar,2026-S1
EQ-MIX-259,2026-04-21T06:00:00Z,current_a,21.76,A,2026-S1
EQ-PUMP-006,2026-04-21T06:00:00Z,temperature_c,58.84,°C,2026-S1
EQ-PUMP-006,2026-04-21T06:00:00Z,vibration_mm_s,3.27,mm/s,2026-S1
EQ-PUMP-171,2026-04-21T06:00:00Z,vibration_mm_s,2.59,mm/s,2026-S1
EQ-OVEN-123,2026-04-21T06:23:00Z,current_a,27.06,A,2026-S1
EQ-CAB-134,2026-04-21T12:00:00Z,temperature_c,49.60,K,2026-S1
EQ-CHILL-001,2026-04-21T12:00:00Z,temperature_c,60.84,°C,2026-S1
EQ-COMP-002,2026-04-21T12:00:00Z,pressure_bar,6.39,bar,2026-S1
EQ-MIX-259,2026-04-21T12:00:00Z,current_a,21.13,A,2026-S1
EQ-PUMP-006,2026-04-21T12:00:00Z,temperature_c,57.97,°C,2026-S1
EQ-PUMP-006,2026-04-21T12:00:00Z,vibration_mm_s,2.86,mm/s,2026-S1
EQ-PUMP-171,2026-04-21T12:00:00Z,vibration_mm_s,2.59,mm/s,2026-S1
EQ-OVEN-123,2026-04-21T12:23:00Z,current_a,24.53,A,2026-S1
EQ-OVEN-123,2026-04-21T17:07:00Z,current_a,21.54,A,2026-S1
EQ-CAB-134,2026-04-21T18:00:00Z,temperature_c,55.65,K,2026-S1
EQ-CHILL-001,2026-04-21T18:00:00Z,temperature_c,53.32,°C,2026-S1
EQ-COMP-002,2026-04-21T18:00:00Z,pressure_bar,6.96,bar,2026-S1
EQ-MIX-259,2026-04-21T18:00:00Z,current_a,22.88,A,2026-S1
EQ-PUMP-006,2026-04-21T18:00:00Z,temperature_c,53.45,°C,2026-S1
EQ-PUMP-006,2026-04-21T18:00:00Z,vibration_mm_s,3.08,mm/s,2026-S1
EQ-PUMP-171,2026-04-21T18:00:00Z,vibration_mm_s,2.59,mm/s,2026-S1
EQ-OVEN-123,2026-04-21T23:41:00Z,current_a,24.97,A,2026-S1
EQ-CAB-134,2026-04-22T00:00:00Z,temperature_c,59.67,K,2026-S1
EQ-CHILL-001,2026-04-22T00:00:00Z,temperature_c,52.74,°C,2026-S1
EQ-COMP-002,2026-04-22T00:00:00Z,pressure_bar,6.85,bar,2026-S1
EQ-MIX-259,2026-04-22T00:00:00Z,current_a,23.00,A,2026-S1
EQ-PUMP-006,2026-04-22T00:00:00Z,temperature_c,53.54,°C,2026-S1
EQ-PUMP-006,2026-04-22T00:00:00Z,vibration_mm_s,3.24,mm/s,2026-S1
EQ-PUMP-171,2026-04-22T00:00:00Z,vibration_mm_s,2.59,mm/s,2026-S1
EQ-OVEN-123,2026-04-22T05:07:00Z,current_a,26.02,A,2026-S1
EQ-CAB-134,2026-04-22T06:00:00Z,temperature_c,55.06,K,2026-S1
EQ-CHILL-001,2026-04-22T06:00:00Z,temperature_c,58.24,°C,2026-S1
EQ-COMP-002,2026-04-22T06:00:00Z,pressure_bar,6.37,bar,2026-S1
EQ-MIX-259,2026-04-22T06:00:00Z,current_a,22.50,A,2026-S1
EQ-PUMP-006,2026-04-22T06:00:00Z,temperature_c,60.62,°C,2026-S1
EQ-PUMP-006,2026-04-22T06:00:00Z,vibration_mm_s,3.20,mm/s,2026-S1
EQ-PUMP-171,2026-04-22T06:00:00Z,vibration_mm_s,2.59,mm/s,2026-S1
EQ-CAB-134,2026-04-22T12:00:00Z,temperature_c,52.92,K,2026-S1
EQ-CHILL-001,2026-04-22T12:00:00Z,temperature_c,59.22,°C,2026-S1
EQ-COMP-002,2026-04-22T12:00:00Z,pressure_bar,6.72,bar,2026-S1
EQ-MIX-259,2026-04-22T12:00:00Z,current_a,19.91,A,2026-S1
EQ-PUMP-006,2026-04-22T12:00:00Z,temperature_c,57.31,°C,2026-S1
EQ-PUMP-006,2026-04-22T12:00:00Z,vibration_mm_s,2.78,mm/s,2026-S1
EQ-PUMP-171,2026-04-22T12:00:00Z,vibration_mm_s,2.59,mm/s,2026-S1
EQ-OVEN-123,2026-04-22T12:41:00Z,current_a,23.84,A,2026-S1
EQ-CAB-134,2026-04-22T18:00:00Z,temperature_c,57.88,K,2026-S1
EQ-CHILL-001,2026-04-22T18:00:00Z,temperature_c,53.56,°C,2026-S1
EQ-COMP-002,2026-04-22T18:00:00Z,pressure_bar,6.61,bar,2026-S1
EQ-MIX-259,2026-04-22T18:00:00Z,current_a,22.34,A,2026-S1
EQ-PUMP-006,2026-04-22T18:00:00Z,temperature_c,52.39,°C,2026-S1
EQ-PUMP-006,2026-04-22T18:00:00Z,vibration_mm_s,3.22,mm/s,2026-S1
EQ-PUMP-171,2026-04-22T18:00:00Z,vibration_mm_s,2.59,mm/s,2026-S1
EQ-OVEN-123,2026-04-22T18:11:00Z,current_a,21.85,A,2026-S1
EQ-CAB-134,2026-04-23T00:00:00Z,temperature_c,61.90,K,2026-S1
EQ-CHILL-001,2026-04-23T00:00:00Z,temperature_c,53.88,°C,2026-S1
EQ-COMP-002,2026-04-23T00:00:00Z,pressure_bar,6.61,bar,2026-S1
EQ-MIX-259,2026-04-23T00:00:00Z,current_a,25.17,A,2026-S1
EQ-PUMP-006,2026-04-23T00:00:00Z,temperature_c,53.84,°C,2026-S1
EQ-PUMP-006,2026-04-23T00:00:00Z,vibration_mm_s,3.50,mm/s,2026-S1
EQ-PUMP-171,2026-04-23T00:00:00Z,vibration_mm_s,2.59,mm/s,2026-S1
EQ-OVEN-123,2026-04-23T00:41:00Z,current_a,24.35,A,2026-S1
EQ-CAB-134,2026-04-23T06:00:00Z,temperature_c,54.66,K,2026-S1
EQ-CHILL-001,2026-04-23T06:00:00Z,temperature_c,58.16,°C,2026-S1
EQ-COMP-002,2026-04-23T06:00:00Z,pressure_bar,6.20,bar,2026-S1
EQ-MIX-259,2026-04-23T06:00:00Z,current_a,22.45,A,2026-S1
EQ-PUMP-006,2026-04-23T06:00:00Z,temperature_c,58.40,°C,2026-S1
EQ-PUMP-006,2026-04-23T06:00:00Z,vibration_mm_s,3.20,mm/s,2026-S1
EQ-PUMP-171,2026-04-23T06:00:00Z,vibration_mm_s,2.59,mm/s,2026-S1
EQ-OVEN-123,2026-04-23T06:41:00Z,current_a,26.17,A,2026-S1
EQ-CAB-134,2026-04-23T12:00:00Z,temperature_c,50.15,K,2026-S1
EQ-CHILL-001,2026-04-23T12:00:00Z,temperature_c,59.65,°C,2026-S1
EQ-COMP-002,2026-04-23T12:00:00Z,pressure_bar,6.70,bar,2026-S1
EQ-MIX-259,2026-04-23T12:00:00Z,current_a,21.50,A,2026-S1
EQ-PUMP-006,2026-04-23T12:00:00Z,temperature_c,57.69,°C,2026-S1
EQ-PUMP-006,2026-04-23T12:00:00Z,vibration_mm_s,3.03,mm/s,2026-S1
EQ-PUMP-171,2026-04-23T12:00:00Z,vibration_mm_s,2.59,mm/s,2026-S1
EQ-OVEN-123,2026-04-23T12:11:00Z,current_a,23.56,A,2026-S1
EQ-OVEN-123,2026-04-23T17:07:00Z,current_a,22.49,A,2026-S1
EQ-CAB-134,2026-04-23T18:00:00Z,temperature_c,56.73,K,2026-S1
EQ-CHILL-001,2026-04-23T18:00:00Z,temperature_c,51.83,°C,2026-S1
EQ-COMP-002,2026-04-23T18:00:00Z,pressure_bar,6.65,bar,2026-S1
EQ-MIX-259,2026-04-23T18:00:00Z,current_a,23.24,A,2026-S1
EQ-PUMP-006,2026-04-23T18:00:00Z,temperature_c,53.56,°C,2026-S1
EQ-PUMP-006,2026-04-23T18:00:00Z,vibration_mm_s,3.59,mm/s,2026-S1
EQ-PUMP-171,2026-04-23T18:00:00Z,vibration_mm_s,2.59,mm/s,2026-S1
EQ-OVEN-123,2026-04-23T23:41:00Z,current_a,24.06,A,2026-S1
EQ-CAB-134,2026-04-24T00:00:00Z,temperature_c,59.34,K,2026-S1
EQ-CHILL-001,2026-04-24T00:00:00Z,temperature_c,52.03,°C,2026-S1
EQ-COMP-002,2026-04-24T00:00:00Z,pressure_bar,6.69,bar,2026-S1
EQ-MIX-259,2026-04-24T00:00:00Z,current_a,23.36,A,2026-S1
EQ-PUMP-006,2026-04-24T00:00:00Z,temperature_c,54.91,°C,2026-S1
EQ-PUMP-006,2026-04-24T00:00:00Z,vibration_mm_s,3.59,mm/s,2026-S1
EQ-PUMP-171,2026-04-24T00:00:00Z,vibration_mm_s,2.59,mm/s,2026-S1
EQ-CAB-134,2026-04-24T06:00:00Z,temperature_c,58.54,K,2026-S1
EQ-CHILL-001,2026-04-24T06:00:00Z,temperature_c,60.94,°C,2026-S1
EQ-COMP-002,2026-04-24T06:00:00Z,pressure_bar,6.19,bar,2026-S1
EQ-MIX-259,2026-04-24T06:00:00Z,current_a,21.99,A,2026-S1
EQ-PUMP-006,2026-04-24T06:00:00Z,temperature_c,59.55,°C,2026-S1
EQ-PUMP-006,2026-04-24T06:00:00Z,vibration_mm_s,2.89,mm/s,2026-S1
EQ-PUMP-171,2026-04-24T06:00:00Z,vibration_mm_s,2.59,mm/s,2026-S1
EQ-OVEN-123,2026-04-24T06:11:00Z,current_a,28.02,A,2026-S1
EQ-COMP-113,2026-04-24T12:00:00Z,pressure_bar,5.58,bar,2026-S1
EQ-COMP-396,2026-04-24T12:00:00Z,pressure_bar,6.46,bar,2026-S1
EQ-CONV-336,2026-04-24T12:00:00Z,current_a,21.12,A,2026-S1
EQ-FAN-304,2026-04-24T12:00:00Z,vibration_mm_s,2.91,mm/s,2026-S1
EQ-OVEN-123,2026-04-24T12:00:00Z,temperature_c,54.34,°C,2026-S1
EQ-OVEN-386,2026-04-24T12:00:00Z,temperature_c,66.89,°C,2026-S1
EQ-PUMP-006,2026-04-24T12:00:00Z,vibration_mm_s,3.06,mm/s,2026-S1
EQ-PUMP-171,2026-04-24T12:00:00Z,vibration_mm_s,2.59,mm/s,2026-S1
EQ-STEAM-341,2026-04-24T12:00:00Z,temperature_c,63.46,°C,2026-S1
EQ-COMP-113,2026-04-24T18:00:00Z,pressure_bar,6.12,bar,2026-S1
EQ-COMP-396,2026-04-24T18:00:00Z,pressure_bar,6.57,bar,2026-S1
EQ-CONV-336,2026-04-24T18:00:00Z,current_a,20.74,A,2026-S1
EQ-FAN-304,2026-04-24T18:00:00Z,vibration_mm_s,2.75,mm/s,2026-S1
EQ-OVEN-123,2026-04-24T18:00:00Z,temperature_c,63.74,°C,2026-S1
EQ-OVEN-386,2026-04-24T18:00:00Z,temperature_c,63.55,°C,2026-S1
EQ-PUMP-006,2026-04-24T18:00:00Z,vibration_mm_s,3.29,mm/s,2026-S1
EQ-PUMP-171,2026-04-24T18:00:00Z,vibration_mm_s,2.59,mm/s,2026-S1
EQ-STEAM-341,2026-04-24T18:00:00Z,temperature_c,54.51,°C,2026-S1
EQ-COMP-113,2026-04-25T00:00:00Z,pressure_bar,6.01,bar,2026-S1
EQ-COMP-396,2026-04-25T00:00:00Z,pressure_bar,5.99,bar,2026-S1
EQ-CONV-336,2026-04-25T00:00:00Z,current_a,24.37,A,2026-S1
EQ-FAN-304,2026-04-25T00:00:00Z,vibration_mm_s,2.04,mm/s,2026-S1
EQ-OVEN-123,2026-04-25T00:00:00Z,temperature_c,53.42,°C,2026-S1
EQ-OVEN-386,2026-04-25T00:00:00Z,temperature_c,55.85,°C,2026-S1
EQ-PUMP-006,2026-04-25T00:00:00Z,vibration_mm_s,3.23,mm/s,2026-S1
EQ-PUMP-171,2026-04-25T00:00:00Z,vibration_mm_s,2.59,mm/s,2026-S1
EQ-STEAM-341,2026-04-25T00:00:00Z,temperature_c,54.59,°C,2026-S1
EQ-COMP-113,2026-04-25T06:00:00Z,pressure_bar,5.34,bar,2026-S1
EQ-COMP-396,2026-04-25T06:00:00Z,pressure_bar,6.03,bar,2026-S1
EQ-CONV-336,2026-04-25T06:00:00Z,current_a,22.62,A,2026-S1
EQ-FAN-304,2026-04-25T06:00:00Z,vibration_mm_s,2.72,mm/s,2026-S1
EQ-OVEN-123,2026-04-25T06:00:00Z,temperature_c,61.11,°C,2026-S1
EQ-OVEN-386,2026-04-25T06:00:00Z,temperature_c,58.67,°C,2026-S1
EQ-PUMP-006,2026-04-25T06:00:00Z,vibration_mm_s,2.66,mm/s,2026-S1
EQ-PUMP-171,2026-04-25T06:00:00Z,vibration_mm_s,2.59,mm/s,2026-S1
EQ-STEAM-341,2026-04-25T06:00:00Z,temperature_c,57.31,°C,2026-S1
EQ-COMP-113,2026-04-25T12:00:00Z,pressure_bar,5.76,bar,2026-S1
EQ-COMP-396,2026-04-25T12:00:00Z,pressure_bar,6.38,bar,2026-S1
EQ-CONV-336,2026-04-25T12:00:00Z,current_a,19.32,A,2026-S1
EQ-FAN-304,2026-04-25T12:00:00Z,vibration_mm_s,2.87,mm/s,2026-S1
EQ-OVEN-123,2026-04-25T12:00:00Z,temperature_c,54.46,°C,2026-S1
EQ-OVEN-386,2026-04-25T12:00:00Z,temperature_c,66.91,°C,2026-S1
EQ-PUMP-006,2026-04-25T12:00:00Z,vibration_mm_s,2.97,mm/s,2026-S1
EQ-PUMP-171,2026-04-25T12:00:00Z,vibration_mm_s,2.59,mm/s,2026-S1
EQ-STEAM-341,2026-04-25T12:00:00Z,temperature_c,63.29,°C,2026-S1
EQ-COMP-113,2026-04-25T18:00:00Z,pressure_bar,6.24,bar,2026-S1
EQ-COMP-396,2026-04-25T18:00:00Z,pressure_bar,6.86,bar,2026-S1
EQ-CONV-336,2026-04-25T18:00:00Z,current_a,21.54,A,2026-S1
EQ-FAN-304,2026-04-25T18:00:00Z,vibration_mm_s,2.65,mm/s,2026-S1
EQ-OVEN-123,2026-04-25T18:00:00Z,temperature_c,53.46,°C,2026-S1
EQ-OVEN-386,2026-04-25T18:00:00Z,temperature_c,61.83,°C,2026-S1
EQ-PUMP-006,2026-04-25T18:00:00Z,vibration_mm_s,3.33,mm/s,2026-S1
EQ-PUMP-171,2026-04-25T18:00:00Z,vibration_mm_s,2.59,mm/s,2026-S1
EQ-STEAM-341,2026-04-25T18:00:00Z,temperature_c,52.85,°C,2026-S1
EQ-COMP-113,2026-04-26T00:00:00Z,pressure_bar,6.32,bar,2026-S1
EQ-COMP-396,2026-04-26T00:00:00Z,pressure_bar,6.02,bar,2026-S1
EQ-CONV-336,2026-04-26T00:00:00Z,current_a,24.40,A,2026-S1
EQ-FAN-304,2026-04-26T00:00:00Z,vibration_mm_s,2.48,mm/s,2026-S1
EQ-OVEN-123,2026-04-26T00:00:00Z,temperature_c,57.17,°C,2026-S1
EQ-OVEN-386,2026-04-26T00:00:00Z,temperature_c,57.17,°C,2026-S1
EQ-PUMP-006,2026-04-26T00:00:00Z,vibration_mm_s,3.50,mm/s,2026-S1
EQ-PUMP-171,2026-04-26T00:00:00Z,vibration_mm_s,2.59,mm/s,2026-S1
EQ-STEAM-341,2026-04-26T00:00:00Z,temperature_c,59.68,°C,2026-S1
EQ-COMP-113,2026-04-26T06:00:00Z,pressure_bar,5.39,bar,2026-S1
EQ-COMP-396,2026-04-26T06:00:00Z,pressure_bar,6.01,bar,2026-S1
EQ-CONV-336,2026-04-26T06:00:00Z,current_a,21.19,A,2026-S1
EQ-FAN-304,2026-04-26T06:00:00Z,vibration_mm_s,2.51,mm/s,2026-S1
EQ-OVEN-123,2026-04-26T06:00:00Z,temperature_c,64.18,°C,2026-S1
EQ-OVEN-386,2026-04-26T06:00:00Z,temperature_c,62.60,°C,2026-S1
EQ-PUMP-006,2026-04-26T06:00:00Z,vibration_mm_s,2.48,mm/s,2026-S1
EQ-PUMP-171,2026-04-26T06:00:00Z,vibration_mm_s,2.59,mm/s,2026-S1
EQ-STEAM-341,2026-04-26T06:00:00Z,temperature_c,50.72,°C,2026-S1
EQ-COMP-113,2026-04-26T12:00:00Z,pressure_bar,5.91,bar,2026-S1
EQ-COMP-396,2026-04-26T12:00:00Z,pressure_bar,6.50,bar,2026-S1
EQ-CONV-336,2026-04-26T12:00:00Z,current_a,19.41,A,2026-S1
EQ-FAN-304,2026-04-26T12:00:00Z,vibration_mm_s,2.63,mm/s,2026-S1
EQ-OVEN-123,2026-04-26T12:00:00Z,temperature_c,56.37,°C,2026-S1
EQ-OVEN-386,2026-04-26T12:00:00Z,temperature_c,65.08,°C,2026-S1
EQ-PUMP-006,2026-04-26T12:00:00Z,vibration_mm_s,2.84,mm/s,2026-S1
EQ-PUMP-171,2026-04-26T12:00:00Z,vibration_mm_s,2.59,mm/s,2026-S1
EQ-STEAM-341,2026-04-26T12:00:00Z,temperature_c,59.01,°C,2026-S1
EQ-COMP-113,2026-04-26T18:00:00Z,pressure_bar,6.31,bar,2026-S1
EQ-COMP-396,2026-04-26T18:00:00Z,pressure_bar,6.38,bar,2026-S1
EQ-CONV-336,2026-04-26T18:00:00Z,current_a,22.53,A,2026-S1
EQ-FAN-304,2026-04-26T18:00:00Z,vibration_mm_s,2.33,mm/s,2026-S1
EQ-OVEN-123,2026-04-26T18:00:00Z,temperature_c,50.32,°C,2026-S1
EQ-OVEN-386,2026-04-26T18:00:00Z,temperature_c,60.41,°C,2026-S1
EQ-PUMP-006,2026-04-26T18:00:00Z,vibration_mm_s,3.50,mm/s,2026-S1
EQ-PUMP-171,2026-04-26T18:00:00Z,vibration_mm_s,2.59,mm/s,2026-S1
EQ-STEAM-341,2026-04-26T18:00:00Z,temperature_c,51.91,°C,2026-S1
EQ-COMP-113,2026-04-27T00:00:00Z,pressure_bar,5.95,bar,2026-S1
EQ-COMP-396,2026-04-27T00:00:00Z,pressure_bar,6.07,bar,2026-S1
EQ-CONV-336,2026-04-27T00:00:00Z,current_a,25.87,A,2026-S1
EQ-FAN-304,2026-04-27T00:00:00Z,vibration_mm_s,2.26,mm/s,2026-S1
EQ-OVEN-123,2026-04-27T00:00:00Z,temperature_c,53.47,°C,2026-S1
EQ-OVEN-386,2026-04-27T00:00:00Z,temperature_c,58.25,°C,2026-S1
EQ-PUMP-006,2026-04-27T00:00:00Z,vibration_mm_s,3.45,mm/s,2026-S1
EQ-PUMP-171,2026-04-27T00:00:00Z,vibration_mm_s,2.59,mm/s,2026-S1
EQ-STEAM-341,2026-04-27T00:00:00Z,temperature_c,51.03,°C,2026-S1
EQ-COMP-113,2026-04-27T06:00:00Z,pressure_bar,5.68,bar,2026-S1
EQ-COMP-396,2026-04-27T06:00:00Z,pressure_bar,5.75,bar,2026-S1
EQ-CONV-336,2026-04-27T06:00:00Z,current_a,21.46,A,2026-S1
EQ-FAN-304,2026-04-27T06:00:00Z,vibration_mm_s,2.43,mm/s,2026-S1
EQ-OVEN-123,2026-04-27T06:00:00Z,temperature_c,58.00,°C,2026-S1
EQ-OVEN-386,2026-04-27T06:00:00Z,temperature_c,62.91,°C,2026-S1
EQ-PUMP-006,2026-04-27T06:00:00Z,vibration_mm_s,2.83,mm/s,2026-S1
EQ-PUMP-171,2026-04-27T06:00:00Z,vibration_mm_s,2.59,mm/s,2026-S1
EQ-STEAM-341,2026-04-27T06:00:00Z,temperature_c,49.33,°C,2026-S1
EQ-COMP-113,2026-04-27T12:00:00Z,pressure_bar,5.70,bar,2026-S1
EQ-COMP-396,2026-04-27T12:00:00Z,pressure_bar,6.03,bar,2026-S1
EQ-CONV-336,2026-04-27T12:00:00Z,current_a,20.37,A,2026-S1
EQ-FAN-304,2026-04-27T12:00:00Z,vibration_mm_s,3.09,mm/s,2026-S1
EQ-OVEN-123,2026-04-27T12:00:00Z,temperature_c,61.87,°C,2026-S1
EQ-OVEN-386,2026-04-27T12:00:00Z,temperature_c,68.21,°C,2026-S1
EQ-PUMP-006,2026-04-27T12:00:00Z,vibration_mm_s,2.86,mm/s,2026-S1
EQ-PUMP-171,2026-04-27T12:00:00Z,vibration_mm_s,2.59,mm/s,2026-S1
EQ-STEAM-341,2026-04-27T12:00:00Z,temperature_c,61.52,°C,2026-S1
EQ-COMP-113,2026-04-27T18:00:00Z,pressure_bar,6.25,bar,2026-S1
EQ-COMP-396,2026-04-27T18:00:00Z,pressure_bar,6.34,bar,2026-S1
EQ-CONV-336,2026-04-27T18:00:00Z,current_a,20.83,A,2026-S1
EQ-FAN-304,2026-04-27T18:00:00Z,vibration_mm_s,2.96,mm/s,2026-S1
EQ-OVEN-123,2026-04-27T18:00:00Z,temperature_c,54.59,°C,2026-S1
EQ-OVEN-386,2026-04-27T18:00:00Z,temperature_c,62.87,°C,2026-S1
EQ-PUMP-006,2026-04-27T18:00:00Z,vibration_mm_s,3.45,mm/s,2026-S1
EQ-PUMP-171,2026-04-27T18:00:00Z,vibration_mm_s,2.59,mm/s,2026-S1
EQ-STEAM-341,2026-04-27T18:00:00Z,temperature_c,51.65,°C,2026-S1
EQ-COMP-113,2026-04-28T00:00:00Z,pressure_bar,6.17,bar,2026-S1
EQ-COMP-396,2026-04-28T00:00:00Z,pressure_bar,5.59,bar,2026-S1
EQ-CONV-336,2026-04-28T00:00:00Z,current_a,24.85,A,2026-S1
EQ-FAN-304,2026-04-28T00:00:00Z,vibration_mm_s,2.55,mm/s,2026-S1
EQ-OVEN-123,2026-04-28T00:00:00Z,temperature_c,51.47,°C,2026-S1
EQ-OVEN-386,2026-04-28T00:00:00Z,temperature_c,57.30,°C,2026-S1
EQ-PUMP-006,2026-04-28T00:00:00Z,vibration_mm_s,4.19,mm/s,2026-S1
EQ-PUMP-171,2026-04-28T00:00:00Z,vibration_mm_s,2.59,mm/s,2026-S1
EQ-STEAM-341,2026-04-28T00:00:00Z,temperature_c,57.11,°C,2026-S1
EQ-COMP-113,2026-04-28T06:00:00Z,pressure_bar,5.83,bar,2026-S1
EQ-COMP-396,2026-04-28T06:00:00Z,pressure_bar,5.61,bar,2026-S1
EQ-CONV-336,2026-04-28T06:00:00Z,current_a,23.21,A,2026-S1
EQ-FAN-304,2026-04-28T06:00:00Z,vibration_mm_s,2.40,mm/s,2026-S1
EQ-OVEN-123,2026-04-28T06:00:00Z,temperature_c,57.89,°C,2026-S1
EQ-OVEN-386,2026-04-28T06:00:00Z,temperature_c,62.92,°C,2026-S1
EQ-PUMP-006,2026-04-28T06:00:00Z,vibration_mm_s,3.62,mm/s,2026-S1
EQ-PUMP-171,2026-04-28T06:00:00Z,vibration_mm_s,2.59,mm/s,2026-S1
EQ-STEAM-341,2026-04-28T06:00:00Z,temperature_c,50.00,°C,2026-S1
EQ-COMP-113,2026-04-28T12:00:00Z,pressure_bar,5.65,bar,2026-S1
EQ-COMP-396,2026-04-28T12:00:00Z,pressure_bar,6.18,bar,2026-S1
EQ-CONV-336,2026-04-28T12:00:00Z,current_a,20.26,A,2026-S1
EQ-FAN-304,2026-04-28T12:00:00Z,vibration_mm_s,2.90,mm/s,2026-S1
EQ-OVEN-123,2026-04-28T12:00:00Z,temperature_c,59.16,°C,2026-S1
EQ-OVEN-386,2026-04-28T12:00:00Z,temperature_c,67.36,°C,2026-S1
EQ-PUMP-006,2026-04-28T12:00:00Z,vibration_mm_s,3.72,mm/s,2026-S1
EQ-PUMP-171,2026-04-28T12:00:00Z,vibration_mm_s,2.59,mm/s,2026-S1
EQ-STEAM-341,2026-04-28T12:00:00Z,temperature_c,59.25,°C,2026-S1
EQ-COMP-113,2026-04-28T18:00:00Z,pressure_bar,5.93,bar,2026-S1
EQ-COMP-396,2026-04-28T18:00:00Z,pressure_bar,6.44,bar,2026-S1
EQ-CONV-336,2026-04-28T18:00:00Z,current_a,23.20,A,2026-S1
EQ-FAN-304,2026-04-28T18:00:00Z,vibration_mm_s,2.78,mm/s,2026-S1
EQ-OVEN-123,2026-04-28T18:00:00Z,temperature_c,58.70,°C,2026-S1
EQ-OVEN-386,2026-04-28T18:00:00Z,temperature_c,64.16,°C,2026-S1
EQ-PUMP-006,2026-04-28T18:00:00Z,vibration_mm_s,4.43,mm/s,2026-S1
EQ-PUMP-171,2026-04-28T18:00:00Z,vibration_mm_s,2.59,mm/s,2026-S1
EQ-STEAM-341,2026-04-28T18:00:00Z,temperature_c,53.05,°C,2026-S1
EQ-COMP-113,2026-04-29T00:00:00Z,pressure_bar,6.27,bar,2026-S1
EQ-COMP-396,2026-04-29T00:00:00Z,pressure_bar,6.07,bar,2026-S1
EQ-CONV-336,2026-04-29T00:00:00Z,current_a,24.34,A,2026-S1
EQ-FAN-304,2026-04-29T00:00:00Z,vibration_mm_s,2.11,mm/s,2026-S1
EQ-OVEN-123,2026-04-29T00:00:00Z,temperature_c,60.77,°C,2026-S1
EQ-OVEN-386,2026-04-29T00:00:00Z,temperature_c,56.10,°C,2026-S1
EQ-PUMP-006,2026-04-29T00:00:00Z,vibration_mm_s,4.87,mm/s,2026-S1
EQ-PUMP-171,2026-04-29T00:00:00Z,vibration_mm_s,2.59,mm/s,2026-S1
EQ-STEAM-341,2026-04-29T00:00:00Z,temperature_c,59.93,°C,2026-S1
EQ-COMP-113,2026-04-29T06:00:00Z,pressure_bar,5.68,bar,2026-S1
EQ-COMP-396,2026-04-29T06:00:00Z,pressure_bar,6.34,bar,2026-S1
EQ-CONV-336,2026-04-29T06:00:00Z,current_a,22.57,A,2026-S1
EQ-FAN-304,2026-04-29T06:00:00Z,vibration_mm_s,2.54,mm/s,2026-S1
EQ-OVEN-123,2026-04-29T06:00:00Z,temperature_c,53.56,°C,2026-S1
EQ-OVEN-386,2026-04-29T06:00:00Z,temperature_c,60.82,°C,2026-S1
EQ-PUMP-006,2026-04-29T06:00:00Z,vibration_mm_s,4.52,mm/s,2026-S1
EQ-PUMP-171,2026-04-29T06:00:00Z,vibration_mm_s,2.59,mm/s,2026-S1
EQ-STEAM-341,2026-04-29T06:00:00Z,temperature_c,52.20,°C,2026-S1
EQ-COMP-113,2026-04-29T12:00:00Z,pressure_bar,5.90,bar,2026-S1
EQ-COMP-396,2026-04-29T12:00:00Z,pressure_bar,6.34,bar,2026-S1
EQ-CONV-336,2026-04-29T12:00:00Z,current_a,21.47,A,2026-S1
EQ-FAN-304,2026-04-29T12:00:00Z,vibration_mm_s,2.86,mm/s,2026-S1
EQ-OVEN-123,2026-04-29T12:00:00Z,temperature_c,54.86,°C,2026-S1
EQ-OVEN-386,2026-04-29T12:00:00Z,temperature_c,66.09,°C,2026-S1
EQ-PUMP-006,2026-04-29T12:00:00Z,vibration_mm_s,4.50,mm/s,2026-S1
EQ-PUMP-171,2026-04-29T12:00:00Z,vibration_mm_s,2.59,mm/s,2026-S1
EQ-STEAM-341,2026-04-29T12:00:00Z,temperature_c,53.76,°C,2026-S1
EQ-COMP-113,2026-04-29T18:00:00Z,pressure_bar,6.21,bar,2026-S1
EQ-COMP-396,2026-04-29T18:00:00Z,pressure_bar,6.33,bar,2026-S1
EQ-CONV-336,2026-04-29T18:00:00Z,current_a,22.98,A,2026-S1
EQ-FAN-304,2026-04-29T18:00:00Z,vibration_mm_s,2.74,mm/s,2026-S1
EQ-OVEN-123,2026-04-29T18:00:00Z,temperature_c,55.13,°C,2026-S1
EQ-OVEN-386,2026-04-29T18:00:00Z,temperature_c,63.49,°C,2026-S1
EQ-PUMP-006,2026-04-29T18:00:00Z,vibration_mm_s,5.11,mm/s,2026-S1
EQ-PUMP-171,2026-04-29T18:00:00Z,vibration_mm_s,2.59,mm/s,2026-S1
EQ-STEAM-341,2026-04-29T18:00:00Z,temperature_c,55.18,°C,2026-S1
EQ-COMP-113,2026-04-30T00:00:00Z,pressure_bar,6.16,bar,2026-S1
EQ-COMP-396,2026-04-30T00:00:00Z,pressure_bar,5.92,bar,2026-S1
EQ-CONV-336,2026-04-30T00:00:00Z,current_a,25.62,A,2026-S1
EQ-FAN-304,2026-04-30T00:00:00Z,vibration_mm_s,2.34,mm/s,2026-S1
EQ-OVEN-123,2026-04-30T00:00:00Z,temperature_c,55.30,°C,2026-S1
EQ-OVEN-386,2026-04-30T00:00:00Z,temperature_c,57.53,°C,2026-S1
EQ-PUMP-006,2026-04-30T00:00:00Z,vibration_mm_s,4.93,mm/s,2026-S1
EQ-PUMP-171,2026-04-30T00:00:00Z,vibration_mm_s,2.59,mm/s,2026-S1
EQ-STEAM-341,2026-04-30T00:00:00Z,temperature_c,47.29,°C,2026-S1
EQ-COMP-113,2026-04-30T06:00:00Z,pressure_bar,5.71,bar,2026-S1
EQ-COMP-396,2026-04-30T06:00:00Z,pressure_bar,5.60,bar,2026-S1
EQ-CONV-336,2026-04-30T06:00:00Z,current_a,22.12,A,2026-S1
EQ-FAN-304,2026-04-30T06:00:00Z,vibration_mm_s,3.01,mm/s,2026-S1
EQ-OVEN-123,2026-04-30T06:00:00Z,temperature_c,60.14,°C,2026-S1
EQ-OVEN-386,2026-04-30T06:00:00Z,temperature_c,63.70,°C,2026-S1
EQ-PUMP-006,2026-04-30T06:00:00Z,vibration_mm_s,4.51,mm/s,2026-S1
EQ-PUMP-171,2026-04-30T06:00:00Z,vibration_mm_s,2.59,mm/s,2026-S1
EQ-STEAM-341,2026-04-30T06:00:00Z,temperature_c,52.86,°C,2026-S1
EQ-COMP-113,2026-04-30T12:00:00Z,pressure_bar,5.66,bar,2026-S1
EQ-COMP-396,2026-04-30T12:00:00Z,pressure_bar,6.45,bar,2026-S1
EQ-CONV-336,2026-04-30T12:00:00Z,current_a,22.61,A,2026-S1
EQ-FAN-304,2026-04-30T12:00:00Z,vibration_mm_s,2.93,mm/s,2026-S1
EQ-OVEN-123,2026-04-30T12:00:00Z,temperature_c,57.99,°C,2026-S1
EQ-OVEN-386,2026-04-30T12:00:00Z,temperature_c,66.57,°C,2026-S1
EQ-PUMP-006,2026-04-30T12:00:00Z,vibration_mm_s,3.70,mm/s,2026-S1
EQ-PUMP-171,2026-04-30T12:00:00Z,vibration_mm_s,2.59,mm/s,2026-S1
EQ-STEAM-341,2026-04-30T12:00:00Z,temperature_c,51.78,°C,2026-S1
EQ-COMP-113,2026-04-30T18:00:00Z,pressure_bar,6.10,bar,2026-S1
EQ-COMP-396,2026-04-30T18:00:00Z,pressure_bar,6.05,bar,2026-S1
EQ-CONV-336,2026-04-30T18:00:00Z,current_a,22.08,A,2026-S1
EQ-FAN-304,2026-04-30T18:00:00Z,vibration_mm_s,2.90,mm/s,2026-S1
EQ-OVEN-123,2026-04-30T18:00:00Z,temperature_c,56.19,°C,2026-S1
EQ-OVEN-386,2026-04-30T18:00:00Z,temperature_c,63.41,°C,2026-S1
EQ-PUMP-006,2026-04-30T18:00:00Z,vibration_mm_s,3.79,mm/s,2026-S1
EQ-PUMP-171,2026-04-30T18:00:00Z,vibration_mm_s,2.59,mm/s,2026-S1
EQ-STEAM-341,2026-04-30T18:00:00Z,temperature_c,56.95,°C,2026-S1
EQ-COMP-113,2026-05-01T00:00:00Z,pressure_bar,6.21,bar,2026-S1
EQ-COMP-396,2026-05-01T00:00:00Z,pressure_bar,6.02,bar,2026-S1
EQ-CONV-336,2026-05-01T00:00:00Z,current_a,26.08,A,2026-S1
EQ-FAN-304,2026-05-01T00:00:00Z,vibration_mm_s,2.30,mm/s,2026-S1
EQ-OVEN-123,2026-05-01T00:00:00Z,temperature_c,58.36,°C,2026-S1
EQ-OVEN-386,2026-05-01T00:00:00Z,temperature_c,58.90,°C,2026-S1
EQ-PUMP-006,2026-05-01T00:00:00Z,vibration_mm_s,3.91,mm/s,2026-S1
EQ-PUMP-171,2026-05-01T00:00:00Z,vibration_mm_s,2.59,mm/s,2026-S1
EQ-STEAM-341,2026-05-01T00:00:00Z,temperature_c,55.15,°C,2026-S1
EQ-COMP-113,2026-05-01T06:00:00Z,pressure_bar,5.70,bar,2026-S1
EQ-COMP-396,2026-05-01T06:00:00Z,pressure_bar,5.93,bar,2026-S1
EQ-CONV-336,2026-05-01T06:00:00Z,current_a,23.13,A,2026-S1
EQ-FAN-304,2026-05-01T06:00:00Z,vibration_mm_s,2.78,mm/s,2026-S1
EQ-OVEN-123,2026-05-01T06:00:00Z,temperature_c,60.26,°C,2026-S1
EQ-OVEN-386,2026-05-01T06:00:00Z,temperature_c,63.02,°C,2026-S1
EQ-PUMP-006,2026-05-01T06:00:00Z,vibration_mm_s,3.28,mm/s,2026-S1
EQ-PUMP-171,2026-05-01T06:00:00Z,vibration_mm_s,2.59,mm/s,2026-S1
EQ-STEAM-341,2026-05-01T06:00:00Z,temperature_c,55.97,°C,2026-S1
EQ-COMP-113,2026-05-01T12:00:00Z,pressure_bar,5.90,bar,2026-S1
EQ-COMP-396,2026-05-01T12:00:00Z,pressure_bar,6.85,bar,2026-S1
EQ-CONV-336,2026-05-01T12:00:00Z,current_a,21.61,A,2026-S1
EQ-FAN-304,2026-05-01T12:00:00Z,vibration_mm_s,3.12,mm/s,2026-S1
EQ-OVEN-123,2026-05-01T12:00:00Z,temperature_c,66.36,°C,2026-S1
EQ-OVEN-386,2026-05-01T12:00:00Z,temperature_c,68.96,°C,2026-S1
EQ-PUMP-006,2026-05-01T12:00:00Z,vibration_mm_s,2.93,mm/s,2026-S1
EQ-PUMP-171,2026-05-01T12:00:00Z,vibration_mm_s,2.59,mm/s,2026-S1
EQ-STEAM-341,2026-05-01T12:00:00Z,temperature_c,60.53,°C,2026-S1
EQ-COMP-113,2026-05-01T18:00:00Z,pressure_bar,5.92,bar,2026-S1
EQ-COMP-396,2026-05-01T18:00:00Z,pressure_bar,6.67,bar,2026-S1
EQ-CONV-262,2026-05-01T18:00:00Z,current_a,31.91,A,2026-S1
EQ-CONV-336,2026-05-01T18:00:00Z,current_a,22.63,A,2026-S1
EQ-FAN-304,2026-05-01T18:00:00Z,vibration_mm_s,2.82,mm/s,2026-S1
EQ-OVEN-123,2026-05-01T18:00:00Z,temperature_c,53.42,°C,2026-S1
EQ-OVEN-386,2026-05-01T18:00:00Z,temperature_c,61.43,°C,2026-S1
EQ-PUMP-006,2026-05-01T18:00:00Z,vibration_mm_s,3.24,mm/s,2026-S1
EQ-PUMP-171,2026-05-01T18:00:00Z,vibration_mm_s,2.59,mm/s,2026-S1
EQ-STEAM-341,2026-05-01T18:00:00Z,temperature_c,60.52,°C,2026-S1
EQ-PUMP-001,2026-05-01T20:00:00Z,vibration_mm_s,2.96,mm/s,2026-S1
EQ-CONV-262,2026-05-02T00:00:00Z,current_a,26.81,A,2026-S1
EQ-CONV-336,2026-05-02T00:00:00Z,current_a,23.17,A,2026-S1
EQ-CONV-376,2026-05-02T00:00:00Z,rpm,1535.61,rpm,2026-S1
EQ-FAN-002,2026-05-02T00:00:00Z,vibration_mm_s,3.48,mm/s,2026-S1
EQ-FAN-003,2026-05-02T00:00:00Z,vibration_mm_s,2.53,mm/s,2026-S1
EQ-FAN-204,2026-05-02T00:00:00Z,vibration_mm_s,3.02,mm/s,2026-S1
EQ-FAN-304,2026-05-02T00:00:00Z,vibration_mm_s,2.05,mm/s,2026-S1
EQ-OVEN-223,2026-05-02T00:00:00Z,current_a,22.57,A,2026-S1
EQ-PUMP-001,2026-05-02T00:00:00Z,temperature_c,57.77,°C,2026-S1
EQ-PUMP-350,2026-05-02T00:00:00Z,temperature_c,69.77,°C,2026-S1
EQ-ROBOT-358,2026-05-02T00:00:00Z,vibration_mm_s,2.84,mm/s,2026-S1
EQ-STEAM-341,2026-05-02T00:00:00Z,temperature_c,51.65,°C,2026-S1
EQ-PUMP-001,2026-05-02T02:00:00Z,vibration_mm_s,2.69,mm/s,2026-S1
EQ-CONV-262,2026-05-02T06:00:00Z,current_a,27.55,A,2026-S1
EQ-CONV-336,2026-05-02T06:00:00Z,current_a,23.32,A,2026-S1
EQ-CONV-376,2026-05-02T06:00:00Z,rpm,1541.99,rpm,2026-S1
EQ-FAN-002,2026-05-02T06:00:00Z,vibration_mm_s,2.71,mm/s,2026-S1
EQ-FAN-003,2026-05-02T06:00:00Z,vibration_mm_s,2.52,mm/s,2026-S1
EQ-FAN-204,2026-05-02T06:00:00Z,vibration_mm_s,2.64,mm/s,2026-S1
EQ-FAN-304,2026-05-02T06:00:00Z,vibration_mm_s,2.18,mm/s,2026-S1
EQ-OVEN-223,2026-05-02T06:00:00Z,current_a,19.79,A,2026-S1
EQ-PUMP-001,2026-05-02T06:00:00Z,temperature_c,62.29,°C,2026-S1
EQ-PUMP-350,2026-05-02T06:00:00Z,temperature_c,66.88,°C,2026-S1
EQ-ROBOT-358,2026-05-02T06:00:00Z,vibration_mm_s,3.44,mm/s,2026-S1
EQ-STEAM-341,2026-05-02T06:00:00Z,temperature_c,59.26,°C,2026-S1
EQ-PUMP-001,2026-05-02T08:00:00Z,vibration_mm_s,2.94,mm/s,2026-S1
EQ-CONV-262,2026-05-02T12:00:00Z,current_a,28.48,A,2026-S1
EQ-CONV-336,2026-05-02T12:00:00Z,current_a,19.63,A,2026-S1
EQ-CONV-376,2026-05-02T12:00:00Z,rpm,1484.04,rpm,2026-S1
EQ-FAN-002,2026-05-02T12:00:00Z,vibration_mm_s,3.11,mm/s,2026-S1
EQ-FAN-003,2026-05-02T12:00:00Z,vibration_mm_s,2.86,mm/s,2026-S1
EQ-FAN-204,2026-05-02T12:00:00Z,vibration_mm_s,3.24,mm/s,2026-S1
EQ-FAN-304,2026-05-02T12:00:00Z,vibration_mm_s,2.77,mm/s,2026-S1
EQ-OVEN-223,2026-05-02T12:00:00Z,current_a,20.73,A,2026-S1
EQ-PUMP-001,2026-05-02T12:00:00Z,temperature_c,57.59,°C,2026-S1
EQ-PUMP-350,2026-05-02T12:00:00Z,temperature_c,58.31,°C,2026-S1
EQ-ROBOT-358,2026-05-02T12:00:00Z,vibration_mm_s,2.01,mm/s,2026-S1
EQ-STEAM-341,2026-05-02T12:00:00Z,temperature_c,56.85,°C,2026-S1
EQ-PUMP-001,2026-05-02T14:00:00Z,vibration_mm_s,2.88,mm/s,2026-S1
EQ-CONV-262,2026-05-02T18:00:00Z,current_a,30.26,A,2026-S1
EQ-CONV-336,2026-05-02T18:00:00Z,current_a,22.38,A,2026-S1
EQ-CONV-376,2026-05-02T18:00:00Z,rpm,1484.50,rpm,2026-S1
EQ-FAN-002,2026-05-02T18:00:00Z,vibration_mm_s,2.96,mm/s,2026-S1
EQ-FAN-003,2026-05-02T18:00:00Z,vibration_mm_s,3.02,mm/s,2026-S1
EQ-FAN-204,2026-05-02T18:00:00Z,vibration_mm_s,2.95,mm/s,2026-S1
EQ-FAN-304,2026-05-02T18:00:00Z,vibration_mm_s,2.72,mm/s,2026-S1
EQ-OVEN-223,2026-05-02T18:00:00Z,current_a,25.53,A,2026-S1
EQ-PUMP-001,2026-05-02T18:00:00Z,temperature_c,51.92,°C,2026-S1
EQ-PUMP-350,2026-05-02T18:00:00Z,temperature_c,56.33,°C,2026-S1
EQ-ROBOT-358,2026-05-02T18:00:00Z,vibration_mm_s,2.36,mm/s,2026-S1
EQ-STEAM-341,2026-05-02T18:00:00Z,temperature_c,49.37,°C,2026-S1
EQ-PUMP-001,2026-05-02T20:00:00Z,vibration_mm_s,2.30,mm/s,2026-S1
EQ-CONV-262,2026-05-03T00:00:00Z,current_a,28.88,A,2026-S1
EQ-CONV-336,2026-05-03T00:00:00Z,current_a,23.32,A,2026-S1
EQ-CONV-376,2026-05-03T00:00:00Z,rpm,1556.36,rpm,2026-S1
EQ-FAN-002,2026-05-03T00:00:00Z,vibration_mm_s,2.61,mm/s,2026-S1
EQ-FAN-003,2026-05-03T00:00:00Z,vibration_mm_s,2.45,mm/s,2026-S1
EQ-FAN-204,2026-05-03T00:00:00Z,vibration_mm_s,2.79,mm/s,2026-S1
EQ-FAN-304,2026-05-03T00:00:00Z,vibration_mm_s,2.15,mm/s,2026-S1
EQ-OVEN-223,2026-05-03T00:00:00Z,current_a,24.30,A,2026-S1
EQ-PUMP-001,2026-05-03T00:00:00Z,temperature_c,60.20,°C,2026-S1
EQ-PUMP-350,2026-05-03T00:00:00Z,temperature_c,62.71,°C,2026-S1
EQ-ROBOT-358,2026-05-03T00:00:00Z,vibration_mm_s,2.67,mm/s,2026-S1
EQ-STEAM-341,2026-05-03T00:00:00Z,temperature_c,52.66,°C,2026-S1
EQ-PUMP-001,2026-05-03T02:00:00Z,vibration_mm_s,2.86,mm/s,2026-S1
EQ-CONV-262,2026-05-03T06:00:00Z,current_a,24.26,A,2026-S1
EQ-CONV-336,2026-05-03T06:00:00Z,current_a,21.77,A,2026-S1
EQ-CONV-376,2026-05-03T06:00:00Z,rpm,1483.39,rpm,2026-S1
EQ-FAN-002,2026-05-03T06:00:00Z,vibration_mm_s,2.42,mm/s,2026-S1
EQ-FAN-003,2026-05-03T06:00:00Z,vibration_mm_s,3.21,mm/s,2026-S1
EQ-FAN-204,2026-05-03T06:00:00Z,vibration_mm_s,2.40,mm/s,2026-S1
EQ-FAN-304,2026-05-03T06:00:00Z,vibration_mm_s,2.46,mm/s,2026-S1
EQ-OVEN-223,2026-05-03T06:00:00Z,current_a,21.87,A,2026-S1
EQ-PUMP-001,2026-05-03T06:00:00Z,temperature_c,59.19,°C,2026-S1
EQ-PUMP-350,2026-05-03T06:00:00Z,temperature_c,61.31,°C,2026-S1
EQ-ROBOT-358,2026-05-03T06:00:00Z,vibration_mm_s,2.98,mm/s,2026-S1
EQ-STEAM-341,2026-05-03T06:00:00Z,temperature_c,58.99,°C,2026-S1
EQ-PUMP-001,2026-05-03T08:00:00Z,vibration_mm_s,3.41,mm/s,2026-S1
EQ-CONV-262,2026-05-03T12:00:00Z,current_a,28.69,A,2026-S1
EQ-CONV-336,2026-05-03T12:00:00Z,current_a,20.00,A,2026-S1
EQ-CONV-376,2026-05-03T12:00:00Z,rpm,1512.22,rpm,2026-S1
EQ-FAN-002,2026-05-03T12:00:00Z,vibration_mm_s,3.11,mm/s,2026-S1
EQ-FAN-003,2026-05-03T12:00:00Z,vibration_mm_s,3.59,mm/s,2026-S1
EQ-FAN-204,2026-05-03T12:00:00Z,vibration_mm_s,3.11,mm/s,2026-S1
EQ-FAN-304,2026-05-03T12:00:00Z,vibration_mm_s,2.57,mm/s,2026-S1
EQ-OVEN-223,2026-05-03T12:00:00Z,current_a,21.73,A,2026-S1
EQ-PUMP-001,2026-05-03T12:00:00Z,temperature_c,58.18,°C,2026-S1
EQ-PUMP-350,2026-05-03T12:00:00Z,temperature_c,57.58,°C,2026-S1
EQ-ROBOT-358,2026-05-03T12:00:00Z,vibration_mm_s,2.60,mm/s,2026-S1
EQ-STEAM-341,2026-05-03T12:00:00Z,temperature_c,55.60,°C,2026-S1
EQ-PUMP-001,2026-05-03T14:00:00Z,vibration_mm_s,2.84,mm/s,2026-S1
EQ-CONV-262,2026-05-03T18:00:00Z,current_a,30.24,A,2026-S1
EQ-CONV-336,2026-05-03T18:00:00Z,current_a,21.41,A,2026-S1
EQ-CONV-376,2026-05-03T18:00:00Z,rpm,1530.40,rpm,2026-S1
EQ-FAN-002,2026-05-03T18:00:00Z,vibration_mm_s,3.25,mm/s,2026-S1
EQ-FAN-003,2026-05-03T18:00:00Z,vibration_mm_s,3.20,mm/s,2026-S1
EQ-FAN-204,2026-05-03T18:00:00Z,vibration_mm_s,2.86,mm/s,2026-S1
EQ-FAN-304,2026-05-03T18:00:00Z,vibration_mm_s,2.56,mm/s,2026-S1
EQ-OVEN-223,2026-05-03T18:00:00Z,current_a,25.10,A,2026-S1
EQ-PUMP-001,2026-05-03T18:00:00Z,temperature_c,54.35,°C,2026-S1
EQ-PUMP-350,2026-05-03T18:00:00Z,temperature_c,57.80,°C,2026-S1
EQ-ROBOT-358,2026-05-03T18:00:00Z,vibration_mm_s,2.52,mm/s,2026-S1
EQ-STEAM-341,2026-05-03T18:00:00Z,temperature_c,48.42,°C,2026-S1
EQ-PUMP-001,2026-05-03T20:00:00Z,vibration_mm_s,2.58,mm/s,2026-S1
EQ-CONV-262,2026-05-04T00:00:00Z,current_a,28.48,A,2026-S1
EQ-CONV-336,2026-05-04T00:00:00Z,current_a,25.21,A,2026-S1
EQ-CONV-376,2026-05-04T00:00:00Z,rpm,1505.10,rpm,2026-S1
EQ-FAN-002,2026-05-04T00:00:00Z,vibration_mm_s,2.48,mm/s,2026-S1
EQ-FAN-003,2026-05-04T00:00:00Z,vibration_mm_s,2.47,mm/s,2026-S1
EQ-FAN-204,2026-05-04T00:00:00Z,vibration_mm_s,2.96,mm/s,2026-S1
EQ-FAN-304,2026-05-04T00:00:00Z,vibration_mm_s,2.26,mm/s,2026-S1
EQ-OVEN-223,2026-05-04T00:00:00Z,current_a,25.33,A,2026-S1
EQ-PUMP-001,2026-05-04T00:00:00Z,temperature_c,58.79,°C,2026-S1
EQ-PUMP-350,2026-05-04T00:00:00Z,temperature_c,64.42,°C,2026-S1
EQ-ROBOT-358,2026-05-04T00:00:00Z,vibration_mm_s,3.31,mm/s,2026-S1
EQ-STEAM-341,2026-05-04T00:00:00Z,temperature_c,54.16,°C,2026-S1
EQ-PUMP-001,2026-05-04T02:00:00Z,vibration_mm_s,2.75,mm/s,2026-S1
EQ-CONV-262,2026-05-04T06:00:00Z,current_a,27.05,A,2026-S1
EQ-CONV-336,2026-05-04T06:00:00Z,current_a,22.78,A,2026-S1
EQ-CONV-376,2026-05-04T06:00:00Z,rpm,1426.89,rpm,2026-S1
EQ-FAN-002,2026-05-04T06:00:00Z,vibration_mm_s,2.64,mm/s,2026-S1
EQ-FAN-003,2026-05-04T06:00:00Z,vibration_mm_s,2.78,mm/s,2026-S1
EQ-FAN-204,2026-05-04T06:00:00Z,vibration_mm_s,3.07,mm/s,2026-S1
EQ-FAN-304,2026-05-04T06:00:00Z,vibration_mm_s,2.65,mm/s,2026-S1
EQ-OVEN-223,2026-05-04T06:00:00Z,current_a,21.67,A,2026-S1
EQ-PUMP-001,2026-05-04T06:00:00Z,temperature_c,59.94,°C,2026-S1
EQ-PUMP-350,2026-05-04T06:00:00Z,temperature_c,62.36,°C,2026-S1
EQ-ROBOT-358,2026-05-04T06:00:00Z,vibration_mm_s,3.30,mm/s,2026-S1
EQ-STEAM-341,2026-05-04T06:00:00Z,temperature_c,62.13,°C,2026-S1
EQ-PUMP-001,2026-05-04T08:00:00Z,vibration_mm_s,3.04,mm/s,2026-S1
EQ-CONV-262,2026-05-04T12:00:00Z,current_a,29.25,A,2026-S1
EQ-CONV-336,2026-05-04T12:00:00Z,current_a,21.77,A,2026-S1
EQ-CONV-376,2026-05-04T12:00:00Z,rpm,1536.07,rpm,2026-S1
EQ-FAN-002,2026-05-04T12:00:00Z,vibration_mm_s,2.93,mm/s,2026-S1
EQ-FAN-003,2026-05-04T12:00:00Z,vibration_mm_s,3.09,mm/s,2026-S1
EQ-FAN-204,2026-05-04T12:00:00Z,vibration_mm_s,2.93,mm/s,2026-S1
EQ-FAN-304,2026-05-04T12:00:00Z,vibration_mm_s,3.08,mm/s,2026-S1
EQ-OVEN-223,2026-05-04T12:00:00Z,current_a,24.38,A,2026-S1
EQ-PUMP-001,2026-05-04T12:00:00Z,temperature_c,57.15,°C,2026-S1
EQ-PUMP-350,2026-05-04T12:00:00Z,temperature_c,57.30,°C,2026-S1
EQ-ROBOT-358,2026-05-04T12:00:00Z,vibration_mm_s,2.69,mm/s,2026-S1
EQ-STEAM-341,2026-05-04T12:00:00Z,temperature_c,57.05,°C,2026-S1
EQ-PUMP-001,2026-05-04T14:00:00Z,vibration_mm_s,3.01,mm/s,2026-S1
EQ-CONV-262,2026-05-04T18:00:00Z,current_a,30.60,A,2026-S1
EQ-CONV-336,2026-05-04T18:00:00Z,current_a,23.09,A,2026-S1
EQ-CONV-376,2026-05-04T18:00:00Z,rpm,1486.67,rpm,2026-S1
EQ-FAN-002,2026-05-04T18:00:00Z,vibration_mm_s,2.95,mm/s,2026-S1
EQ-FAN-003,2026-05-04T18:00:00Z,vibration_mm_s,2.72,mm/s,2026-S1
EQ-FAN-204,2026-05-04T18:00:00Z,vibration_mm_s,2.40,mm/s,2026-S1
EQ-FAN-304,2026-05-04T18:00:00Z,vibration_mm_s,2.72,mm/s,2026-S1
EQ-OVEN-223,2026-05-04T18:00:00Z,current_a,25.97,A,2026-S1
EQ-PUMP-001,2026-05-04T18:00:00Z,temperature_c,55.81,°C,2026-S1
EQ-PUMP-350,2026-05-04T18:00:00Z,temperature_c,59.98,°C,2026-S1
EQ-ROBOT-358,2026-05-04T18:00:00Z,vibration_mm_s,2.46,mm/s,2026-S1
EQ-STEAM-341,2026-05-04T18:00:00Z,temperature_c,52.35,°C,2026-S1
EQ-PUMP-001,2026-05-04T20:00:00Z,vibration_mm_s,2.53,mm/s,2026-S1
EQ-CONV-262,2026-05-05T00:00:00Z,current_a,29.33,A,2026-S1
EQ-CONV-336,2026-05-05T00:00:00Z,current_a,25.05,A,2026-S1
EQ-CONV-376,2026-05-05T00:00:00Z,rpm,1480.14,rpm,2026-S1
EQ-FAN-002,2026-05-05T00:00:00Z,vibration_mm_s,2.95,mm/s,2026-S1
EQ-FAN-003,2026-05-05T00:00:00Z,vibration_mm_s,2.15,mm/s,2026-S1
EQ-FAN-204,2026-05-05T00:00:00Z,vibration_mm_s,2.72,mm/s,2026-S1
EQ-FAN-304,2026-05-05T00:00:00Z,vibration_mm_s,2.41,mm/s,2026-S1
EQ-OVEN-223,2026-05-05T00:00:00Z,current_a,24.00,A,2026-S1
EQ-PUMP-001,2026-05-05T00:00:00Z,temperature_c,59.72,°C,2026-S1
EQ-PUMP-350,2026-05-05T00:00:00Z,temperature_c,67.41,°C,2026-S1
EQ-ROBOT-358,2026-05-05T00:00:00Z,vibration_mm_s,3.11,mm/s,2026-S1
EQ-STEAM-341,2026-05-05T00:00:00Z,temperature_c,51.86,°C,2026-S1
EQ-PUMP-001,2026-05-05T02:00:00Z,vibration_mm_s,2.74,mm/s,2026-S1
EQ-CONV-262,2026-05-05T06:00:00Z,current_a,26.39,A,2026-S1
EQ-CONV-336,2026-05-05T06:00:00Z,current_a,22.00,A,2026-S1
EQ-CONV-376,2026-05-05T06:00:00Z,rpm,1486.98,rpm,2026-S1
EQ-FAN-002,2026-05-05T06:00:00Z,vibration_mm_s,2.31,mm/s,2026-S1
EQ-FAN-003,2026-05-05T06:00:00Z,vibration_mm_s,2.47,mm/s,2026-S1
EQ-FAN-204,2026-05-05T06:00:00Z,vibration_mm_s,3.09,mm/s,2026-S1
EQ-FAN-304,2026-05-05T06:00:00Z,vibration_mm_s,2.58,mm/s,2026-S1
EQ-OVEN-223,2026-05-05T06:00:00Z,current_a,20.74,A,2026-S1
EQ-PUMP-001,2026-05-05T06:00:00Z,temperature_c,62.34,°C,2026-S1
EQ-PUMP-350,2026-05-05T06:00:00Z,temperature_c,66.27,°C,2026-S1
EQ-ROBOT-358,2026-05-05T06:00:00Z,vibration_mm_s,2.99,mm/s,2026-S1
EQ-STEAM-341,2026-05-05T06:00:00Z,temperature_c,59.12,°C,2026-S1
EQ-PUMP-001,2026-05-05T08:00:00Z,vibration_mm_s,3.54,mm/s,2026-S1
EQ-CONV-262,2026-05-05T12:00:00Z,current_a,29.30,A,2026-S1
EQ-CONV-336,2026-05-05T12:00:00Z,current_a,20.64,A,2026-S1
EQ-CONV-376,2026-05-05T12:00:00Z,rpm,1580.37,rpm,2026-S1
EQ-FAN-002,2026-05-05T12:00:00Z,vibration_mm_s,3.25,mm/s,2026-S1
EQ-FAN-003,2026-05-05T12:00:00Z,vibration_mm_s,3.38,mm/s,2026-S1
EQ-FAN-204,2026-05-05T12:00:00Z,vibration_mm_s,3.53,mm/s,2026-S1
EQ-FAN-304,2026-05-05T12:00:00Z,vibration_mm_s,2.68,mm/s,2026-S1
EQ-OVEN-223,2026-05-05T12:00:00Z,current_a,20.31,A,2026-S1
EQ-PUMP-001,2026-05-05T12:00:00Z,temperature_c,57.81,°C,2026-S1
EQ-PUMP-350,2026-05-05T12:00:00Z,temperature_c,56.12,°C,2026-S1
EQ-ROBOT-358,2026-05-05T12:00:00Z,vibration_mm_s,2.83,mm/s,2026-S1
EQ-STEAM-341,2026-05-05T12:00:00Z,temperature_c,57.01,°C,2026-S1
EQ-PUMP-001,2026-05-05T14:00:00Z,vibration_mm_s,2.32,mm/s,2026-S1
EQ-CONV-262,2026-05-05T18:00:00Z,current_a,29.33,A,2026-S1
EQ-CONV-336,2026-05-05T18:00:00Z,current_a,23.14,A,2026-S1
EQ-CONV-376,2026-05-05T18:00:00Z,rpm,1558.79,rpm,2026-S1
EQ-FAN-002,2026-05-05T18:00:00Z,vibration_mm_s,3.64,mm/s,2026-S1
EQ-FAN-003,2026-05-05T18:00:00Z,vibration_mm_s,3.19,mm/s,2026-S1
EQ-FAN-204,2026-05-05T18:00:00Z,vibration_mm_s,3.00,mm/s,2026-S1
EQ-FAN-304,2026-05-05T18:00:00Z,vibration_mm_s,2.41,mm/s,2026-S1
EQ-OVEN-223,2026-05-05T18:00:00Z,current_a,26.20,A,2026-S1
EQ-PUMP-001,2026-05-05T18:00:00Z,temperature_c,54.33,°C,2026-S1
EQ-PUMP-350,2026-05-05T18:00:00Z,temperature_c,60.22,°C,2026-S1
EQ-ROBOT-358,2026-05-05T18:00:00Z,vibration_mm_s,2.43,mm/s,2026-S1
EQ-STEAM-341,2026-05-05T18:00:00Z,temperature_c,52.71,°C,2026-S1
EQ-PUMP-001,2026-05-05T20:00:00Z,vibration_mm_s,2.65,mm/s,2026-S1
EQ-CONV-262,2026-05-06T00:00:00Z,current_a,29.23,A,2026-S1
EQ-CONV-336,2026-05-06T00:00:00Z,current_a,23.91,A,2026-S1
EQ-CONV-376,2026-05-06T00:00:00Z,rpm,1601.27,rpm,2026-S1
EQ-FAN-002,2026-05-06T00:00:00Z,vibration_mm_s,2.74,mm/s,2026-S1
EQ-FAN-003,2026-05-06T00:00:00Z,vibration_mm_s,2.54,mm/s,2026-S1
EQ-FAN-204,2026-05-06T00:00:00Z,vibration_mm_s,2.44,mm/s,2026-S1
EQ-FAN-304,2026-05-06T00:00:00Z,vibration_mm_s,2.40,mm/s,2026-S1
EQ-OVEN-223,2026-05-06T00:00:00Z,current_a,25.18,A,2026-S1
EQ-PUMP-001,2026-05-06T00:00:00Z,temperature_c,59.15,°C,2026-S1
EQ-PUMP-350,2026-05-06T00:00:00Z,temperature_c,64.77,°C,2026-S1
EQ-ROBOT-358,2026-05-06T00:00:00Z,vibration_mm_s,3.22,mm/s,2026-S1
EQ-STEAM-341,2026-05-06T00:00:00Z,temperature_c,52.28,°C,2026-S1
EQ-PUMP-001,2026-05-06T02:00:00Z,vibration_mm_s,2.79,mm/s,2026-S1
EQ-CONV-262,2026-05-06T06:00:00Z,current_a,26.58,A,2026-S1
EQ-CONV-336,2026-05-06T06:00:00Z,current_a,22.58,A,2026-S1
EQ-CONV-376,2026-05-06T06:00:00Z,rpm,1524.97,rpm,2026-S1
EQ-FAN-002,2026-05-06T06:00:00Z,vibration_mm_s,2.63,mm/s,2026-S1
EQ-FAN-003,2026-05-06T06:00:00Z,vibration_mm_s,2.56,mm/s,2026-S1
EQ-FAN-204,2026-05-06T06:00:00Z,vibration_mm_s,3.39,mm/s,2026-S1
EQ-FAN-304,2026-05-06T06:00:00Z,vibration_mm_s,2.52,mm/s,2026-S1
EQ-OVEN-223,2026-05-06T06:00:00Z,current_a,20.91,A,2026-S1
EQ-PUMP-001,2026-05-06T06:00:00Z,temperature_c,62.53,°C,2026-S1
EQ-PUMP-350,2026-05-06T06:00:00Z,temperature_c,60.72,°C,2026-S1
EQ-ROBOT-358,2026-05-06T06:00:00Z,vibration_mm_s,3.32,mm/s,2026-S1
EQ-STEAM-341,2026-05-06T06:00:00Z,temperature_c,59.00,°C,2026-S1
EQ-PUMP-001,2026-05-06T08:00:00Z,vibration_mm_s,2.86,mm/s,2026-S1
EQ-CONV-262,2026-05-06T12:00:00Z,current_a,30.39,A,2026-S1
EQ-CONV-336,2026-05-06T12:00:00Z,current_a,20.28,A,2026-S1
EQ-CONV-376,2026-05-06T12:00:00Z,rpm,1545.48,rpm,2026-S1
EQ-FAN-002,2026-05-06T12:00:00Z,vibration_mm_s,3.21,mm/s,2026-S1
EQ-FAN-003,2026-05-06T12:00:00Z,vibration_mm_s,3.33,mm/s,2026-S1
EQ-FAN-204,2026-05-06T12:00:00Z,vibration_mm_s,2.90,mm/s,2026-S1
EQ-FAN-304,2026-05-06T12:00:00Z,vibration_mm_s,3.28,mm/s,2026-S1
EQ-OVEN-223,2026-05-06T12:00:00Z,current_a,21.63,A,2026-S1
EQ-PUMP-001,2026-05-06T12:00:00Z,temperature_c,58.47,°C,2026-S1
EQ-PUMP-350,2026-05-06T12:00:00Z,temperature_c,54.40,°C,2026-S1
EQ-ROBOT-358,2026-05-06T12:00:00Z,vibration_mm_s,3.22,mm/s,2026-S1
EQ-STEAM-341,2026-05-06T12:00:00Z,temperature_c,59.92,°C,2026-S1
EQ-PUMP-001,2026-05-06T14:00:00Z,vibration_mm_s,3.00,mm/s,2026-S1
EQ-CONV-262,2026-05-06T18:00:00Z,current_a,32.93,A,2026-S1
EQ-CONV-336,2026-05-06T18:00:00Z,current_a,21.85,A,2026-S1
EQ-CONV-376,2026-05-06T18:00:00Z,rpm,1569.60,rpm,2026-S1
EQ-FAN-002,2026-05-06T18:00:00Z,vibration_mm_s,3.17,mm/s,2026-S1
EQ-FAN-003,2026-05-06T18:00:00Z,vibration_mm_s,3.19,mm/s,2026-S1
EQ-FAN-204,2026-05-06T18:00:00Z,vibration_mm_s,3.19,mm/s,2026-S1
EQ-FAN-304,2026-05-06T18:00:00Z,vibration_mm_s,2.62,mm/s,2026-S1
EQ-OVEN-223,2026-05-06T18:00:00Z,current_a,24.98,A,2026-S1
EQ-PUMP-001,2026-05-06T18:00:00Z,temperature_c,55.65,°C,2026-S1
EQ-PUMP-350,2026-05-06T18:00:00Z,temperature_c,54.98,°C,2026-S1
EQ-ROBOT-358,2026-05-06T18:00:00Z,vibration_mm_s,3.01,mm/s,2026-S1
EQ-STEAM-341,2026-05-06T18:00:00Z,temperature_c,51.09,°C,2026-S1
EQ-PUMP-001,2026-05-06T20:00:00Z,vibration_mm_s,2.91,mm/s,2026-S1
EQ-CONV-262,2026-05-07T00:00:00Z,current_a,29.69,A,2026-S1
EQ-CONV-336,2026-05-07T00:00:00Z,current_a,24.64,A,2026-S1
EQ-CONV-376,2026-05-07T00:00:00Z,rpm,1525.61,rpm,2026-S1
EQ-FAN-002,2026-05-07T00:00:00Z,vibration_mm_s,2.75,mm/s,2026-S1
EQ-FAN-003,2026-05-07T00:00:00Z,vibration_mm_s,2.63,mm/s,2026-S1
EQ-FAN-204,2026-05-07T00:00:00Z,vibration_mm_s,2.56,mm/s,2026-S1
EQ-FAN-304,2026-05-07T00:00:00Z,vibration_mm_s,2.53,mm/s,2026-S1
EQ-OVEN-223,2026-05-07T00:00:00Z,current_a,24.70,A,2026-S1
EQ-PUMP-001,2026-05-07T00:00:00Z,temperature_c,59.69,°C,2026-S1
EQ-PUMP-350,2026-05-07T00:00:00Z,temperature_c,61.92,°C,2026-S1
EQ-ROBOT-358,2026-05-07T00:00:00Z,vibration_mm_s,3.44,mm/s,2026-S1
EQ-STEAM-341,2026-05-07T00:00:00Z,temperature_c,53.28,°C,2026-S1
EQ-PUMP-001,2026-05-07T02:00:00Z,vibration_mm_s,3.22,mm/s,2026-S1
EQ-CONV-262,2026-05-07T06:00:00Z,current_a,27.13,A,2026-S1
EQ-CONV-336,2026-05-07T06:00:00Z,current_a,23.57,A,2026-S1
EQ-CONV-376,2026-05-07T06:00:00Z,rpm,1530.58,rpm,2026-S1
EQ-FAN-002,2026-05-07T06:00:00Z,vibration_mm_s,2.39,mm/s,2026-S1
EQ-FAN-003,2026-05-07T06:00:00Z,vibration_mm_s,2.74,mm/s,2026-S1
EQ-FAN-204,2026-05-07T06:00:00Z,vibration_mm_s,2.74,mm/s,2026-S1
EQ-FAN-304,2026-05-07T06:00:00Z,vibration_mm_s,2.61,mm/s,2026-S1
EQ-OVEN-223,2026-05-07T06:00:00Z,current_a,21.84,A,2026-S1
EQ-PUMP-001,2026-05-07T06:00:00Z,temperature_c,62.02,°C,2026-S1
EQ-PUMP-350,2026-05-07T06:00:00Z,temperature_c,63.65,°C,2026-S1
EQ-ROBOT-358,2026-05-07T06:00:00Z,vibration_mm_s,3.64,mm/s,2026-S1
EQ-STEAM-341,2026-05-07T06:00:00Z,temperature_c,60.44,°C,2026-S1
EQ-PUMP-001,2026-05-07T08:00:00Z,vibration_mm_s,2.66,mm/s,2026-S1
EQ-CONV-262,2026-05-07T12:00:00Z,current_a,27.77,A,2026-S1
EQ-CONV-336,2026-05-07T12:00:00Z,current_a,21.17,A,2026-S1
EQ-CONV-376,2026-05-07T12:00:00Z,rpm,1538.66,rpm,2026-S1
EQ-FAN-002,2026-05-07T12:00:00Z,vibration_mm_s,3.11,mm/s,2026-S1
EQ-FAN-003,2026-05-07T12:00:00Z,vibration_mm_s,3.02,mm/s,2026-S1
EQ-FAN-204,2026-05-07T12:00:00Z,vibration_mm_s,2.85,mm/s,2026-S1
EQ-FAN-304,2026-05-07T12:00:00Z,vibration_mm_s,3.07,mm/s,2026-S1
EQ-OVEN-223,2026-05-07T12:00:00Z,current_a,22.08,A,2026-S1
EQ-PUMP-001,2026-05-07T12:00:00Z,temperature_c,55.48,°C,2026-S1
EQ-PUMP-350,2026-05-07T12:00:00Z,temperature_c,55.68,°C,2026-S1
EQ-ROBOT-358,2026-05-07T12:00:00Z,vibration_mm_s,3.83,mm/s,2026-S1
EQ-STEAM-341,2026-05-07T12:00:00Z,temperature_c,55.66,°C,2026-S1
EQ-PUMP-001,2026-05-07T14:00:00Z,vibration_mm_s,2.40,mm/s,2026-S1
EQ-CONV-262,2026-05-07T18:00:00Z,current_a,33.81,A,2026-S1
EQ-CONV-336,2026-05-07T18:00:00Z,current_a,22.22,A,2026-S1
EQ-CONV-376,2026-05-07T18:00:00Z,rpm,1546.63,rpm,2026-S1
EQ-FAN-002,2026-05-07T18:00:00Z,vibration_mm_s,3.26,mm/s,2026-S1
EQ-FAN-003,2026-05-07T18:00:00Z,vibration_mm_s,2.93,mm/s,2026-S1
EQ-FAN-204,2026-05-07T18:00:00Z,vibration_mm_s,2.88,mm/s,2026-S1
EQ-FAN-304,2026-05-07T18:00:00Z,vibration_mm_s,3.01,mm/s,2026-S1
EQ-OVEN-223,2026-05-07T18:00:00Z,current_a,24.61,A,2026-S1
EQ-PUMP-001,2026-05-07T18:00:00Z,temperature_c,57.39,°C,2026-S1
EQ-PUMP-350,2026-05-07T18:00:00Z,temperature_c,59.54,°C,2026-S1
EQ-ROBOT-358,2026-05-07T18:00:00Z,vibration_mm_s,3.49,mm/s,2026-S1
EQ-STEAM-341,2026-05-07T18:00:00Z,temperature_c,51.44,°C,2026-S1
EQ-PUMP-001,2026-05-07T20:00:00Z,vibration_mm_s,2.60,mm/s,2026-S1
EQ-CONV-262,2026-05-08T00:00:00Z,current_a,29.01,A,2026-S1
EQ-CONV-336,2026-05-08T00:00:00Z,current_a,25.73,A,2026-S1
EQ-CONV-376,2026-05-08T00:00:00Z,rpm,1451.45,rpm,2026-S1
EQ-FAN-002,2026-05-08T00:00:00Z,vibration_mm_s,3.02,mm/s,2026-S1
EQ-FAN-003,2026-05-08T00:00:00Z,vibration_mm_s,2.26,mm/s,2026-S1
EQ-FAN-204,2026-05-08T00:00:00Z,vibration_mm_s,2.58,mm/s,2026-S1
EQ-FAN-304,2026-05-08T00:00:00Z,vibration_mm_s,2.19,mm/s,2026-S1
EQ-OVEN-223,2026-05-08T00:00:00Z,current_a,26.02,A,2026-S1
EQ-PUMP-001,2026-05-08T00:00:00Z,temperature_c,59.03,°C,2026-S1
EQ-PUMP-350,2026-05-08T00:00:00Z,temperature_c,65.89,°C,2026-S1
EQ-ROBOT-358,2026-05-08T00:00:00Z,vibration_mm_s,4.30,mm/s,2026-S1
EQ-STEAM-341,2026-05-08T00:00:00Z,temperature_c,55.23,°C,2026-S1
EQ-PUMP-001,2026-05-08T02:00:00Z,vibration_mm_s,3.19,mm/s,2026-S1
EQ-CONV-262,2026-05-08T06:00:00Z,current_a,27.56,A,2026-S1
EQ-CONV-336,2026-05-08T06:00:00Z,current_a,24.71,A,2026-S1
EQ-CONV-376,2026-05-08T06:00:00Z,rpm,1539.60,rpm,2026-S1
EQ-FAN-002,2026-05-08T06:00:00Z,vibration_mm_s,2.51,mm/s,2026-S1
EQ-FAN-003,2026-05-08T06:00:00Z,vibration_mm_s,2.50,mm/s,2026-S1
EQ-FAN-204,2026-05-08T06:00:00Z,vibration_mm_s,2.95,mm/s,2026-S1
EQ-FAN-304,2026-05-08T06:00:00Z,vibration_mm_s,2.42,mm/s,2026-S1
EQ-OVEN-223,2026-05-08T06:00:00Z,current_a,21.23,A,2026-S1
EQ-PUMP-001,2026-05-08T06:00:00Z,temperature_c,62.55,°C,2026-S1
EQ-PUMP-350,2026-05-08T06:00:00Z,temperature_c,64.37,°C,2026-S1
EQ-ROBOT-358,2026-05-08T06:00:00Z,vibration_mm_s,3.59,mm/s,2026-S1
EQ-STEAM-341,2026-05-08T06:00:00Z,temperature_c,63.29,°C,2026-S1
EQ-PUMP-001,2026-05-08T08:00:00Z,vibration_mm_s,3.02,mm/s,2026-S1
EQ-CONV-262,2026-05-08T12:00:00Z,current_a,27.82,A,2026-S1
EQ-CONV-336,2026-05-08T12:00:00Z,current_a,21.04,A,2026-S1
EQ-CONV-376,2026-05-08T12:00:00Z,rpm,1600.88,rpm,2026-S1
EQ-FAN-002,2026-05-08T12:00:00Z,vibration_mm_s,2.90,mm/s,2026-S1
EQ-FAN-003,2026-05-08T12:00:00Z,vibration_mm_s,3.32,mm/s,2026-S1
EQ-FAN-204,2026-05-08T12:00:00Z,vibration_mm_s,3.05,mm/s,2026-S1
EQ-FAN-304,2026-05-08T12:00:00Z,vibration_mm_s,3.01,mm/s,2026-S1
EQ-OVEN-223,2026-05-08T12:00:00Z,current_a,23.25,A,2026-S1
EQ-PUMP-001,2026-05-08T12:00:00Z,temperature_c,56.14,°C,2026-S1
EQ-PUMP-350,2026-05-08T12:00:00Z,temperature_c,56.42,°C,2026-S1
EQ-ROBOT-358,2026-05-08T12:00:00Z,vibration_mm_s,3.11,mm/s,2026-S1
EQ-STEAM-341,2026-05-08T12:00:00Z,temperature_c,54.65,°C,2026-S1
EQ-PUMP-001,2026-05-08T14:00:00Z,vibration_mm_s,2.86,mm/s,2026-S1
EQ-CONV-262,2026-05-08T18:00:00Z,current_a,30.57,A,2026-S1
EQ-CONV-336,2026-05-08T18:00:00Z,current_a,22.09,A,2026-S1
EQ-CONV-376,2026-05-08T18:00:00Z,rpm,1486.98,rpm,2026-S1
EQ-FAN-002,2026-05-08T18:00:00Z,vibration_mm_s,3.32,mm/s,2026-S1
EQ-FAN-003,2026-05-08T18:00:00Z,vibration_mm_s,2.72,mm/s,2026-S1
EQ-FAN-204,2026-05-08T18:00:00Z,vibration_mm_s,2.51,mm/s,2026-S1
EQ-FAN-304,2026-05-08T18:00:00Z,vibration_mm_s,2.87,mm/s,2026-S1
EQ-OVEN-223,2026-05-08T18:00:00Z,current_a,24.86,A,2026-S1
EQ-PUMP-001,2026-05-08T18:00:00Z,temperature_c,54.30,°C,2026-S1
EQ-PUMP-350,2026-05-08T18:00:00Z,temperature_c,58.60,°C,2026-S1
EQ-ROBOT-358,2026-05-08T18:00:00Z,vibration_mm_s,2.60,mm/s,2026-S1
EQ-STEAM-341,2026-05-08T18:00:00Z,temperature_c,53.59,°C,2026-S1
EQ-PUMP-001,2026-05-08T20:00:00Z,vibration_mm_s,2.39,mm/s,2026-S1
EQ-CONV-262,2026-05-09T00:00:00Z,current_a,27.54,A,2026-S1
EQ-CONV-336,2026-05-09T00:00:00Z,current_a,25.37,A,2026-S1
EQ-CONV-376,2026-05-09T00:00:00Z,rpm,1570.66,rpm,2026-S1
EQ-FAN-002,2026-05-09T00:00:00Z,vibration_mm_s,2.71,mm/s,2026-S1
EQ-FAN-003,2026-05-09T00:00:00Z,vibration_mm_s,2.00,mm/s,2026-S1
EQ-FAN-204,2026-05-09T00:00:00Z,vibration_mm_s,2.77,mm/s,2026-S1
EQ-FAN-304,2026-05-09T00:00:00Z,vibration_mm_s,1.95,mm/s,2026-S1
EQ-OVEN-223,2026-05-09T00:00:00Z,current_a,25.10,A,2026-S1
EQ-PUMP-001,2026-05-09T00:00:00Z,temperature_c,59.61,°C,2026-S1
EQ-PUMP-350,2026-05-09T00:00:00Z,temperature_c,61.42,°C,2026-S1
EQ-ROBOT-358,2026-05-09T00:00:00Z,vibration_mm_s,2.82,mm/s,2026-S1
EQ-STEAM-341,2026-05-09T00:00:00Z,temperature_c,51.27,°C,2026-S1
EQ-PUMP-001,2026-05-09T02:00:00Z,vibration_mm_s,2.61,mm/s,2026-S1
EQ-CHILL-168,2026-05-09T06:00:00Z,pressure_bar,6.96,bar,2026-S1
EQ-CONV-336,2026-05-09T06:00:00Z,current_a,21.89,A,2026-S1
EQ-CONV-376,2026-05-09T06:00:00Z,rpm,1548.47,rpm,2026-S1
EQ-FAN-002,2026-05-09T06:00:00Z,vibration_mm_s,2.71,mm/s,2026-S1
EQ-FAN-003,2026-05-09T06:00:00Z,vibration_mm_s,2.97,mm/s,2026-S1
EQ-FAN-204,2026-05-09T06:00:00Z,vibration_mm_s,2.58,mm/s,2026-S1
EQ-FAN-304,2026-05-09T06:00:00Z,vibration_mm_s,2.29,mm/s,2026-S1
EQ-OVEN-223,2026-05-09T06:00:00Z,current_a,20.95,A,2026-S1
EQ-PUMP-001,2026-05-09T06:00:00Z,temperature_c,63.09,°C,2026-S1
EQ-PUMP-350,2026-05-09T06:00:00Z,temperature_c,61.45,°C,2026-S1
EQ-ROBOT-358,2026-05-09T06:00:00Z,vibration_mm_s,2.90,mm/s,2026-S1
EQ-STEAM-341,2026-05-09T06:00:00Z,temperature_c,60.28,°C,2026-S1
EQ-CAB-134,2026-05-09T12:00:00Z,temperature_c,57.15,°C,2026-S1
EQ-CHILL-168,2026-05-09T12:00:00Z,pressure_bar,6.67,bar,2026-S1
EQ-COMP-002,2026-05-09T12:00:00Z,pressure_bar,6.45,bar,2026-S1
EQ-COMP-002,2026-05-09T12:00:00Z,temperature_c,65.45,°C,2026-S1
EQ-MIX-379,2026-05-09T12:00:00Z,vibration_mm_s,2.96,mm/s,2026-S1
EQ-STEAM-341,2026-05-09T12:00:00Z,pressure_bar,47.79,bar,2026-S1
EQ-PUMP-350,2026-05-09T12:23:00Z,temperature_c,60.17,°C,2026-S1
EQ-CHILL-248,2026-05-09T12:41:00Z,pressure_bar,6.55,bar,2026-S1
EQ-CHILL-248,2026-05-09T17:07:00Z,pressure_bar,6.55,bar,2026-S1
EQ-PUMP-350,2026-05-09T17:23:00Z,temperature_c,55.21,°C,2026-S1
EQ-CAB-134,2026-05-09T18:00:00Z,temperature_c,48.06,°C,2026-S1
EQ-CHILL-168,2026-05-09T18:00:00Z,pressure_bar,7.26,bar,2026-S1
EQ-COMP-002,2026-05-09T18:00:00Z,pressure_bar,6.89,bar,2026-S1
EQ-COMP-002,2026-05-09T18:00:00Z,temperature_c,62.74,°C,2026-S1
EQ-MIX-379,2026-05-09T18:00:00Z,vibration_mm_s,2.64,mm/s,2026-S1
EQ-STEAM-341,2026-05-09T18:00:00Z,pressure_bar,37.65,bar,2026-S1
EQ-CHILL-248,2026-05-09T23:23:00Z,pressure_bar,6.95,bar,2026-S1
EQ-CAB-134,2026-05-10T00:00:00Z,temperature_c,60.41,°C,2026-S1
EQ-CHILL-168,2026-05-10T00:00:00Z,pressure_bar,7.23,bar,2026-S1
EQ-COMP-002,2026-05-10T00:00:00Z,pressure_bar,6.72,bar,2026-S1
EQ-COMP-002,2026-05-10T00:00:00Z,temperature_c,54.71,°C,2026-S1
EQ-MIX-379,2026-05-10T00:00:00Z,vibration_mm_s,3.38,mm/s,2026-S1
EQ-STEAM-341,2026-05-10T00:00:00Z,pressure_bar,43.80,bar,2026-S1
EQ-PUMP-350,2026-05-10T00:11:00Z,temperature_c,57.58,°C,2026-S1
EQ-CAB-134,2026-05-10T06:00:00Z,temperature_c,50.17,°C,2026-S1
EQ-CHILL-168,2026-05-10T06:00:00Z,pressure_bar,6.76,bar,2026-S1
EQ-COMP-002,2026-05-10T06:00:00Z,pressure_bar,6.24,bar,2026-S1
EQ-COMP-002,2026-05-10T06:00:00Z,temperature_c,56.86,°C,2026-S1
EQ-MIX-379,2026-05-10T06:00:00Z,vibration_mm_s,3.04,mm/s,2026-S1
EQ-STEAM-341,2026-05-10T06:00:00Z,pressure_bar,36.36,bar,2026-S1
EQ-CHILL-248,2026-05-10T06:11:00Z,pressure_bar,7.11,bar,2026-S1
EQ-PUMP-350,2026-05-10T06:23:00Z,temperature_c,64.63,°C,2026-S1
EQ-PUMP-350,2026-05-10T11:41:00Z,temperature_c,62.54,°C,2026-S1
EQ-CAB-134,2026-05-10T12:00:00Z,temperature_c,56.09,°C,2026-S1
EQ-CHILL-168,2026-05-10T12:00:00Z,pressure_bar,6.82,bar,2026-S1
EQ-COMP-002,2026-05-10T12:00:00Z,pressure_bar,6.61,bar,2026-S1
EQ-COMP-002,2026-05-10T12:00:00Z,temperature_c,61.73,°C,2026-S1
EQ-MIX-379,2026-05-10T12:00:00Z,vibration_mm_s,2.79,mm/s,2026-S1
EQ-STEAM-341,2026-05-10T12:00:00Z,pressure_bar,57.08,bar,2026-S1
EQ-CHILL-248,2026-05-10T12:11:00Z,pressure_bar,6.75,bar,2026-S1
EQ-PUMP-350,2026-05-10T17:41:00Z,temperature_c,55.50,°C,2026-S1
EQ-CAB-134,2026-05-10T18:00:00Z,temperature_c,48.85,°C,2026-S1
EQ-CHILL-168,2026-05-10T18:00:00Z,pressure_bar,7.14,bar,2026-S1
EQ-COMP-002,2026-05-10T18:00:00Z,pressure_bar,7.20,bar,2026-S1
EQ-COMP-002,2026-05-10T18:00:00Z,temperature_c,63.56,°C,2026-S1
EQ-MIX-379,2026-05-10T18:00:00Z,vibration_mm_s,2.55,mm/s,2026-S1
EQ-STEAM-341,2026-05-10T18:00:00Z,pressure_bar,46.60,bar,2026-S1
EQ-CHILL-248,2026-05-10T18:23:00Z,pressure_bar,6.46,bar,2026-S1
EQ-CAB-134,2026-05-11T00:00:00Z,temperature_c,51.56,°C,2026-S1
EQ-CHILL-168,2026-05-11T00:00:00Z,pressure_bar,7.26,bar,2026-S1
EQ-COMP-002,2026-05-11T00:00:00Z,pressure_bar,6.56,bar,2026-S1
EQ-COMP-002,2026-05-11T00:00:00Z,temperature_c,55.14,°C,2026-S1
EQ-MIX-379,2026-05-11T00:00:00Z,vibration_mm_s,3.34,mm/s,2026-S1
EQ-STEAM-341,2026-05-11T00:00:00Z,pressure_bar,40.71,bar,2026-S1
EQ-CHILL-248,2026-05-11T00:11:00Z,pressure_bar,6.86,bar,2026-S1
EQ-PUMP-350,2026-05-11T00:41:00Z,temperature_c,61.18,°C,2026-S1
EQ-CAB-134,2026-05-11T06:00:00Z,temperature_c,55.96,°C,2026-S1
EQ-CHILL-168,2026-05-11T06:00:00Z,pressure_bar,7.12,bar,2026-S1
EQ-COMP-002,2026-05-11T06:00:00Z,pressure_bar,6.37,bar,2026-S1
EQ-COMP-002,2026-05-11T06:00:00Z,temperature_c,58.67,°C,2026-S1
EQ-MIX-379,2026-05-11T06:00:00Z,vibration_mm_s,2.87,mm/s,2026-S1
EQ-STEAM-341,2026-05-11T06:00:00Z,pressure_bar,53.25,bar,2026-S1
EQ-PUMP-350,2026-05-11T06:23:00Z,temperature_c,62.79,°C,2026-S1
EQ-CHILL-248,2026-05-11T06:41:00Z,pressure_bar,7.44,bar,2026-S1
EQ-PUMP-350,2026-05-11T11:07:00Z,temperature_c,61.18,°C,2026-S1
EQ-CHILL-248,2026-05-11T11:41:00Z,pressure_bar,6.93,bar,2026-S1
EQ-CAB-134,2026-05-11T12:00:00Z,temperature_c,51.95,°C,2026-S1
EQ-CHILL-168,2026-05-11T12:00:00Z,pressure_bar,7.11,bar,2026-S1
EQ-COMP-002,2026-05-11T12:00:00Z,pressure_bar,6.60,bar,2026-S1
EQ-COMP-002,2026-05-11T12:00:00Z,temperature_c,65.16,°C,2026-S1
EQ-MIX-379,2026-05-11T12:00:00Z,vibration_mm_s,3.12,mm/s,2026-S1
EQ-STEAM-341,2026-05-11T12:00:00Z,pressure_bar,36.45,bar,2026-S1
EQ-CHILL-248,2026-05-11T17:23:00Z,pressure_bar,6.53,bar,2026-S1
EQ-CAB-134,2026-05-11T18:00:00Z,temperature_c,60.74,°C,2026-S1
EQ-CHILL-168,2026-05-11T18:00:00Z,pressure_bar,7.64,bar,2026-S1
EQ-COMP-002,2026-05-11T18:00:00Z,pressure_bar,6.78,bar,2026-S1
EQ-COMP-002,2026-05-11T18:00:00Z,temperature_c,61.37,°C,2026-S1
EQ-MIX-379,2026-05-11T18:00:00Z,vibration_mm_s,3.03,mm/s,2026-S1
EQ-STEAM-341,2026-05-11T18:00:00Z,pressure_bar,52.13,bar,2026-S1
EQ-PUMP-350,2026-05-11T18:11:00Z,temperature_c,58.67,°C,2026-S1
EQ-CAB-134,2026-05-12T00:00:00Z,temperature_c,57.33,°C,2026-S1
EQ-CHILL-168,2026-05-12T00:00:00Z,pressure_bar,7.51,bar,2026-S1
EQ-COMP-002,2026-05-12T00:00:00Z,pressure_bar,6.60,bar,2026-S1
EQ-COMP-002,2026-05-12T00:00:00Z,temperature_c,55.52,°C,2026-S1
EQ-MIX-379,2026-05-12T00:00:00Z,vibration_mm_s,2.71,mm/s,2026-S1
EQ-STEAM-341,2026-05-12T00:00:00Z,pressure_bar,44.97,bar,2026-S1
EQ-PUMP-350,2026-05-12T00:11:00Z,temperature_c,59.47,°C,2026-S1
EQ-CHILL-248,2026-05-12T00:23:00Z,pressure_bar,6.90,bar,2026-S1
EQ-PUMP-350,2026-05-12T05:23:00Z,temperature_c,65.45,°C,2026-S1
EQ-CAB-134,2026-05-12T06:00:00Z,temperature_c,53.26,°C,2026-S1
EQ-CHILL-168,2026-05-12T06:00:00Z,pressure_bar,6.82,bar,2026-S1
EQ-COMP-002,2026-05-12T06:00:00Z,pressure_bar,6.62,bar,2026-S1
EQ-COMP-002,2026-05-12T06:00:00Z,temperature_c,57.56,°C,2026-S1
EQ-MIX-379,2026-05-12T06:00:00Z,vibration_mm_s,3.05,mm/s,2026-S1
EQ-STEAM-341,2026-05-12T06:00:00Z,pressure_bar,49.36,bar,2026-S1
EQ-CHILL-248,2026-05-12T06:23:00Z,pressure_bar,7.10,bar,2026-S1
EQ-CHILL-248,2026-05-12T11:23:00Z,pressure_bar,6.81,bar,2026-S1
EQ-CAB-134,2026-05-12T12:00:00Z,temperature_c,51.41,°C,2026-S1
EQ-CHILL-168,2026-05-12T12:00:00Z,pressure_bar,6.95,bar,2026-S1
EQ-COMP-002,2026-05-12T12:00:00Z,pressure_bar,6.83,bar,2026-S1
EQ-COMP-002,2026-05-12T12:00:00Z,temperature_c,65.18,°C,2026-S1
EQ-MIX-379,2026-05-12T12:00:00Z,vibration_mm_s,3.33,mm/s,2026-S1
EQ-STEAM-341,2026-05-12T12:00:00Z,pressure_bar,44.88,bar,2026-S1
EQ-PUMP-350,2026-05-12T12:41:00Z,temperature_c,61.65,°C,2026-S1
EQ-CHILL-248,2026-05-12T17:23:00Z,pressure_bar,6.49,bar,2026-S1
EQ-CAB-134,2026-05-12T18:00:00Z,temperature_c,51.58,°C,2026-S1
EQ-CHILL-168,2026-05-12T18:00:00Z,pressure_bar,7.47,bar,2026-S1
EQ-COMP-002,2026-05-12T18:00:00Z,pressure_bar,6.89,bar,2026-S1
EQ-COMP-002,2026-05-12T18:00:00Z,temperature_c,59.67,°C,2026-S1
EQ-MIX-379,2026-05-12T18:00:00Z,vibration_mm_s,2.87,mm/s,2026-S1
EQ-STEAM-341,2026-05-12T18:00:00Z,pressure_bar,46.33,bar,2026-S1
EQ-PUMP-350,2026-05-12T18:23:00Z,temperature_c,56.64,°C,2026-S1
EQ-PUMP-350,2026-05-12T23:23:00Z,temperature_c,61.40,°C,2026-S1
EQ-CHILL-248,2026-05-12T23:41:00Z,pressure_bar,7.17,bar,2026-S1
EQ-CAB-134,2026-05-13T00:00:00Z,temperature_c,49.50,°C,2026-S1
EQ-CHILL-168,2026-05-13T00:00:00Z,pressure_bar,7.79,bar,2026-S1
EQ-COMP-002,2026-05-13T00:00:00Z,pressure_bar,6.23,bar,2026-S1
EQ-COMP-002,2026-05-13T00:00:00Z,temperature_c,56.04,°C,2026-S1
EQ-MIX-379,2026-05-13T00:00:00Z,vibration_mm_s,2.42,mm/s,2026-S1
EQ-STEAM-341,2026-05-13T00:00:00Z,pressure_bar,49.02,bar,2026-S1
EQ-CHILL-248,2026-05-13T05:41:00Z,pressure_bar,7.41,bar,2026-S1
EQ-PUMP-350,2026-05-13T05:41:00Z,temperature_c,66.27,°C,2026-S1
EQ-CAB-134,2026-05-13T06:00:00Z,temperature_c,58.96,°C,2026-S1
EQ-CHILL-168,2026-05-13T06:00:00Z,pressure_bar,7.11,bar,2026-S1
EQ-COMP-002,2026-05-13T06:00:00Z,pressure_bar,6.16,bar,2026-S1
EQ-COMP-002,2026-05-13T06:00:00Z,temperature_c,56.60,°C,2026-S1
EQ-MIX-379,2026-05-13T06:00:00Z,vibration_mm_s,2.87,mm/s,2026-S1
EQ-STEAM-341,2026-05-13T06:00:00Z,pressure_bar,50.45,bar,2026-S1
EQ-PUMP-350,2026-05-13T11:23:00Z,temperature_c,59.27,°C,2026-S1
EQ-CAB-134,2026-05-13T12:00:00Z,temperature_c,53.24,°C,2026-S1
EQ-CHILL-168,2026-05-13T12:00:00Z,pressure_bar,7.18,bar,2026-S1
EQ-COMP-002,2026-05-13T12:00:00Z,pressure_bar,6.55,bar,2026-S1
EQ-COMP-002,2026-05-13T12:00:00Z,temperature_c,64.45,°C,2026-S1
EQ-MIX-379,2026-05-13T12:00:00Z,vibration_mm_s,2.69,mm/s,2026-S1
EQ-STEAM-341,2026-05-13T12:00:00Z,pressure_bar,53.79,bar,2026-S1
EQ-CHILL-248,2026-05-13T12:11:00Z,pressure_bar,6.78,bar,2026-S1
EQ-CAB-134,2026-05-13T18:00:00Z,temperature_c,59.83,°C,2026-S1
EQ-CHILL-168,2026-05-13T18:00:00Z,pressure_bar,7.56,bar,2026-S1
EQ-COMP-002,2026-05-13T18:00:00Z,pressure_bar,6.84,bar,2026-S1
EQ-COMP-002,2026-05-13T18:00:00Z,temperature_c,60.60,°C,2026-S1
EQ-MIX-379,2026-05-13T18:00:00Z,vibration_mm_s,3.10,mm/s,2026-S1
EQ-STEAM-341,2026-05-13T18:00:00Z,pressure_bar,42.04,bar,2026-S1
EQ-CHILL-248,2026-05-13T18:41:00Z,pressure_bar,6.38,bar,2026-S1
EQ-PUMP-350,2026-05-13T18:41:00Z,temperature_c,55.68,°C,2026-S1
EQ-CHILL-248,2026-05-13T23:23:00Z,pressure_bar,6.87,bar,2026-S1
EQ-PUMP-350,2026-05-13T23:41:00Z,temperature_c,58.94,°C,2026-S1
EQ-CAB-134,2026-05-14T00:00:00Z,temperature_c,58.40,°C,2026-S1
EQ-CHILL-168,2026-05-14T00:00:00Z,pressure_bar,7.30,bar,2026-S1
EQ-COMP-002,2026-05-14T00:00:00Z,pressure_bar,6.25,bar,2026-S1
EQ-COMP-002,2026-05-14T00:00:00Z,temperature_c,54.60,°C,2026-S1
EQ-MIX-379,2026-05-14T00:00:00Z,vibration_mm_s,2.55,mm/s,2026-S1
EQ-STEAM-341,2026-05-14T00:00:00Z,pressure_bar,52.15,bar,2026-S1
EQ-PUMP-350,2026-05-14T05:07:00Z,temperature_c,65.36,°C,2026-S1
EQ-CAB-134,2026-05-14T06:00:00Z,temperature_c,56.73,°C,2026-S1
EQ-CHILL-168,2026-05-14T06:00:00Z,pressure_bar,7.15,bar,2026-S1
EQ-COMP-002,2026-05-14T06:00:00Z,pressure_bar,6.32,bar,2026-S1
EQ-COMP-002,2026-05-14T06:00:00Z,temperature_c,56.86,°C,2026-S1
EQ-MIX-379,2026-05-14T06:00:00Z,vibration_mm_s,2.94,mm/s,2026-S1
EQ-STEAM-341,2026-05-14T06:00:00Z,pressure_bar,54.04,bar,2026-S1
EQ-CHILL-248,2026-05-14T06:23:00Z,pressure_bar,7.33,bar,2026-S1
EQ-CAB-134,2026-05-14T12:00:00Z,temperature_c,59.90,°C,2026-S1
EQ-CHILL-168,2026-05-14T12:00:00Z,pressure_bar,7.19,bar,2026-S1
EQ-COMP-002,2026-05-14T12:00:00Z,pressure_bar,6.39,bar,2026-S1
EQ-COMP-002,2026-05-14T12:00:00Z,temperature_c,61.29,°C,2026-S1
EQ-MIX-379,2026-05-14T12:00:00Z,vibration_mm_s,3.43,mm/s,2026-S1
EQ-STEAM-341,2026-05-14T12:00:00Z,pressure_bar,53.03,bar,2026-S1
EQ-CHILL-248,2026-05-14T12:23:00Z,pressure_bar,6.61,bar,2026-S1
EQ-PUMP-350,2026-05-14T12:23:00Z,temperature_c,60.52,°C,2026-S1
EQ-CHILL-248,2026-05-14T17:41:00Z,pressure_bar,6.70,bar,2026-S1
EQ-CAB-134,2026-05-14T18:00:00Z,temperature_c,55.05,°C,2026-S1
EQ-CHILL-168,2026-05-14T18:00:00Z,pressure_bar,7.24,bar,2026-S1
EQ-COMP-002,2026-05-14T18:00:00Z,pressure_bar,6.70,bar,2026-S1
EQ-COMP-002,2026-05-14T18:00:00Z,temperature_c,60.34,°C,2026-S1
EQ-MIX-379,2026-05-14T18:00:00Z,vibration_mm_s,3.67,mm/s,2026-S1
EQ-STEAM-341,2026-05-14T18:00:00Z,pressure_bar,39.41,bar,2026-S1
EQ-PUMP-350,2026-05-14T18:41:00Z,temperature_c,56.44,°C,2026-S1
EQ-PUMP-350,2026-05-14T23:23:00Z,temperature_c,60.93,°C,2026-S1
EQ-CAB-134,2026-05-15T00:00:00Z,temperature_c,52.12,°C,2026-S1
EQ-CHILL-168,2026-05-15T00:00:00Z,pressure_bar,7.26,bar,2026-S1
EQ-COMP-002,2026-05-15T00:00:00Z,pressure_bar,6.78,bar,2026-S1
EQ-COMP-002,2026-05-15T00:00:00Z,temperature_c,54.24,°C,2026-S1
EQ-MIX-379,2026-05-15T00:00:00Z,vibration_mm_s,2.44,mm/s,2026-S1
EQ-STEAM-341,2026-05-15T00:00:00Z,pressure_bar,44.16,bar,2026-S1
EQ-CHILL-248,2026-05-15T00:41:00Z,pressure_bar,7.31,bar,2026-S1
EQ-PUMP-350,2026-05-15T05:07:00Z,temperature_c,65.62,°C,2026-S1
EQ-CHILL-248,2026-05-15T05:41:00Z,pressure_bar,7.23,bar,2026-S1
EQ-CAB-134,2026-05-15T06:00:00Z,temperature_c,61.02,°C,2026-S1
EQ-CHILL-168,2026-05-15T06:00:00Z,pressure_bar,7.36,bar,2026-S1
EQ-COMP-002,2026-05-15T06:00:00Z,pressure_bar,6.16,bar,2026-S1
EQ-COMP-002,2026-05-15T06:00:00Z,temperature_c,54.58,°C,2026-S1
EQ-MIX-379,2026-05-15T06:00:00Z,vibration_mm_s,2.77,mm/s,2026-S1
EQ-STEAM-341,2026-05-15T06:00:00Z,pressure_bar,53.31,bar,2026-S1
EQ-CAB-134,2026-05-15T12:00:00Z,temperature_c,60.96,°C,2026-S1
EQ-CHILL-168,2026-05-15T12:00:00Z,pressure_bar,7.34,bar,2026-S1
EQ-COMP-002,2026-05-15T12:00:00Z,pressure_bar,6.81,bar,2026-S1
EQ-COMP-002,2026-05-15T12:00:00Z,temperature_c,62.16,°C,2026-S1
EQ-MIX-379,2026-05-15T12:00:00Z,vibration_mm_s,3.39,mm/s,2026-S1
EQ-STEAM-341,2026-05-15T12:00:00Z,pressure_bar,47.30,bar,2026-S1
EQ-PUMP-350,2026-05-15T12:23:00Z,temperature_c,60.20,°C,2026-S1
EQ-CHILL-248,2026-05-15T12:41:00Z,pressure_bar,6.89,bar,2026-S1
EQ-CHILL-248,2026-05-15T17:41:00Z,pressure_bar,6.35,bar,2026-S1
EQ-PUMP-350,2026-05-15T17:41:00Z,temperature_c,57.27,°C,2026-S1
EQ-CAB-134,2026-05-15T18:00:00Z,temperature_c,51.52,°C,2026-S1
EQ-CHILL-168,2026-05-15T18:00:00Z,pressure_bar,7.31,bar,2026-S1
EQ-COMP-002,2026-05-15T18:00:00Z,pressure_bar,7.11,bar,2026-S1
EQ-COMP-002,2026-05-15T18:00:00Z,temperature_c,62.06,°C,2026-S1
EQ-MIX-379,2026-05-15T18:00:00Z,vibration_mm_s,3.33,mm/s,2026-S1
EQ-STEAM-341,2026-05-15T18:00:00Z,pressure_bar,47.39,bar,2026-S1
EQ-PUMP-350,2026-05-15T23:41:00Z,temperature_c,59.02,°C,2026-S1
EQ-CAB-134,2026-05-16T00:00:00Z,temperature_c,52.42,°C,2026-S1
EQ-CHILL-168,2026-05-16T00:00:00Z,pressure_bar,7.25,bar,2026-S1
EQ-COMP-002,2026-05-16T00:00:00Z,pressure_bar,6.22,bar,2026-S1
EQ-COMP-002,2026-05-16T00:00:00Z,temperature_c,55.03,°C,2026-S1
EQ-MIX-379,2026-05-16T00:00:00Z,vibration_mm_s,2.85,mm/s,2026-S1
EQ-STEAM-341,2026-05-16T00:00:00Z,pressure_bar,54.11,bar,2026-S1
EQ-CHILL-248,2026-05-16T00:11:00Z,pressure_bar,6.64,bar,2026-S1
EQ-PUMP-350,2026-05-16T05:41:00Z,temperature_c,64.81,°C,2026-S1
EQ-CAB-134,2026-05-16T06:00:00Z,temperature_c,55.66,°C,2026-S1
EQ-CHILL-168,2026-05-16T06:00:00Z,pressure_bar,6.67,bar,2026-S1
EQ-COMP-002,2026-05-16T06:00:00Z,pressure_bar,6.38,bar,2026-S1
EQ-COMP-002,2026-05-16T06:00:00Z,temperature_c,58.55,°C,2026-S1
EQ-MIX-379,2026-05-16T06:00:00Z,vibration_mm_s,2.72,mm/s,2026-S1
EQ-STEAM-341,2026-05-16T06:00:00Z,pressure_bar,35.43,bar,2026-S1
EQ-CHILL-248,2026-05-16T06:11:00Z,pressure_bar,7.11,bar,2026-S1
EQ-PUMP-350,2026-05-16T11:07:00Z,temperature_c,61.75,°C,2026-S1
EQ-CAB-134,2026-05-16T12:00:00Z,current_a,19.56,mA,2026-S1
EQ-CAB-134,2026-05-16T12:00:00Z,temperature_c,61.24,°C,2026-S1
EQ-CHILL-168,2026-05-16T12:00:00Z,pressure_bar,7.11,bar,2026-S1
EQ-COMP-002,2026-05-16T12:00:00Z,pressure_bar,6.78,bar,2026-S1
EQ-COMP-002,2026-05-16T12:00:00Z,temperature_c,61.17,°C,2026-S1
EQ-MIX-379,2026-05-16T12:00:00Z,vibration_mm_s,2.67,mm/s,2026-S1
EQ-STEAM-341,2026-05-16T12:00:00Z,pressure_bar,36.71,bar,2026-S1
EQ-CHILL-248,2026-05-16T12:11:00Z,pressure_bar,6.64,bar,2026-S1
EQ-CAB-134,2026-05-16T18:00:00Z,current_a,19.10,mA,2026-S1
EQ-CAB-134,2026-05-16T18:00:00Z,temperature_c,60.15,°C,2026-S1
EQ-COMP-002,2026-05-16T18:00:00Z,pressure_bar,6.87,bar,2026-S1
EQ-COMP-002,2026-05-16T18:00:00Z,temperature_c,62.85,°C,2026-S1
EQ-CONV-262,2026-05-16T18:00:00Z,current_a,29.76,A,2026-S1
EQ-MIX-379,2026-05-16T18:00:00Z,vibration_mm_s,3.30,mm/s,2026-S1
EQ-STEAM-341,2026-05-16T18:00:00Z,pressure_bar,51.51,bar,2026-S1
EQ-CHILL-248,2026-05-16T18:23:00Z,pressure_bar,6.24,bar,2026-S1
EQ-PUMP-350,2026-05-16T18:23:00Z,temperature_c,52.67,°C,2026-S1
EQ-CAB-134,2026-05-17T00:00:00Z,current_a,20.95,mA,2026-S1
EQ-COMP-002,2026-05-17T00:00:00Z,temperature_c,64.00,°C,2026-S1
EQ-CONV-262,2026-05-17T00:00:00Z,current_a,32.20,A,2026-S1
EQ-MIX-259,2026-05-17T00:00:00Z,current_a,264.33,A,2026-S1
EQ-OVEN-123,2026-05-17T00:00:00Z,current_a,26.15,A,2026-S1
EQ-ROBOT-358,2026-05-17T00:00:00Z,vibration_mm_s,3.24,mm/s,2026-S1
EQ-CAB-134,2026-05-17T06:00:00Z,current_a,23.15,mA,2026-S1
EQ-COMP-002,2026-05-17T06:00:00Z,temperature_c,62.52,°C,2026-S1
EQ-CONV-262,2026-05-17T06:00:00Z,current_a,30.58,A,2026-S1
EQ-MIX-259,2026-05-17T06:00:00Z,current_a,204.74,A,2026-S1
EQ-OVEN-123,2026-05-17T06:00:00Z,current_a,22.10,A,2026-S1
EQ-ROBOT-358,2026-05-17T06:00:00Z,vibration_mm_s,2.75,mm/s,2026-S1
EQ-CAB-134,2026-05-17T12:00:00Z,current_a,21.51,mA,2026-S1
EQ-COMP-002,2026-05-17T12:00:00Z,temperature_c,56.18,°C,2026-S1
EQ-CONV-262,2026-05-17T12:00:00Z,current_a,28.62,A,2026-S1
EQ-MIX-259,2026-05-17T12:00:00Z,current_a,247.79,A,2026-S1
EQ-OVEN-123,2026-05-17T12:00:00Z,current_a,20.07,A,2026-S1
EQ-ROBOT-358,2026-05-17T12:00:00Z,vibration_mm_s,2.53,mm/s,2026-S1
EQ-CAB-134,2026-05-17T18:00:00Z,current_a,18.87,mA,2026-S1
EQ-COMP-002,2026-05-17T18:00:00Z,temperature_c,60.27,°C,2026-S1
EQ-CONV-262,2026-05-17T18:00:00Z,current_a,26.35,A,2026-S1
EQ-MIX-259,2026-05-17T18:00:00Z,current_a,271.32,A,2026-S1
EQ-OVEN-123,2026-05-17T18:00:00Z,current_a,26.10,A,2026-S1
EQ-ROBOT-358,2026-05-17T18:00:00Z,vibration_mm_s,2.17,mm/s,2026-S1
EQ-CAB-134,2026-05-18T00:00:00Z,current_a,23.14,mA,2026-S1
EQ-COMP-002,2026-05-18T00:00:00Z,temperature_c,69.26,°C,2026-S1
EQ-CONV-262,2026-05-18T00:00:00Z,current_a,29.10,A,2026-S1
EQ-MIX-259,2026-05-18T00:00:00Z,current_a,264.72,A,2026-S1
EQ-OVEN-123,2026-05-18T00:00:00Z,current_a,23.03,A,2026-S1
EQ-ROBOT-358,2026-05-18T00:00:00Z,vibration_mm_s,3.22,mm/s,2026-S1
EQ-CAB-134,2026-05-18T06:00:00Z,current_a,24.86,mA,2026-S1
EQ-COMP-002,2026-05-18T06:00:00Z,temperature_c,69.00,°C,2026-S1
EQ-CONV-262,2026-05-18T06:00:00Z,current_a,30.51,A,2026-S1
EQ-MIX-259,2026-05-18T06:00:00Z,current_a,215.70,A,2026-S1
EQ-OVEN-123,2026-05-18T06:00:00Z,current_a,20.62,A,2026-S1
EQ-ROBOT-358,2026-05-18T06:00:00Z,vibration_mm_s,3.01,mm/s,2026-S1
EQ-CAB-134,2026-05-18T12:00:00Z,current_a,20.60,mA,2026-S1
EQ-COMP-002,2026-05-18T12:00:00Z,temperature_c,61.21,°C,2026-S1
EQ-CONV-262,2026-05-18T12:00:00Z,current_a,30.90,A,2026-S1
EQ-MIX-259,2026-05-18T12:00:00Z,current_a,230.69,A,2026-S1
EQ-OVEN-123,2026-05-18T12:00:00Z,current_a,21.64,A,2026-S1
EQ-ROBOT-358,2026-05-18T12:00:00Z,vibration_mm_s,2.95,mm/s,2026-S1
EQ-CAB-134,2026-05-18T18:00:00Z,current_a,20.85,mA,2026-S1
EQ-COMP-002,2026-05-18T18:00:00Z,temperature_c,62.16,°C,2026-S1
EQ-CONV-262,2026-05-18T18:00:00Z,current_a,27.38,A,2026-S1
EQ-MIX-259,2026-05-18T18:00:00Z,current_a,235.93,A,2026-S1
EQ-OVEN-123,2026-05-18T18:00:00Z,current_a,25.13,A,2026-S1
EQ-ROBOT-358,2026-05-18T18:00:00Z,vibration_mm_s,2.58,mm/s,2026-S1
EQ-CAB-134,2026-05-19T00:00:00Z,current_a,21.83,mA,2026-S1
EQ-COMP-002,2026-05-19T00:00:00Z,temperature_c,69.49,°C,2026-S1
EQ-CONV-262,2026-05-19T00:00:00Z,current_a,28.03,A,2026-S1
EQ-MIX-259,2026-05-19T00:00:00Z,current_a,201.98,A,2026-S1
EQ-OVEN-123,2026-05-19T00:00:00Z,current_a,26.87,A,2026-S1
EQ-ROBOT-358,2026-05-19T00:00:00Z,vibration_mm_s,2.87,mm/s,2026-S1
EQ-CAB-134,2026-05-19T06:00:00Z,current_a,22.05,mA,2026-S1
EQ-COMP-002,2026-05-19T06:00:00Z,temperature_c,67.48,°C,2026-S1
EQ-CONV-262,2026-05-19T06:00:00Z,current_a,32.56,A,2026-S1
EQ-MIX-259,2026-05-19T06:00:00Z,current_a,185.28,A,2026-S1
EQ-OVEN-123,2026-05-19T06:00:00Z,current_a,22.80,A,2026-S1
EQ-ROBOT-358,2026-05-19T06:00:00Z,vibration_mm_s,3.14,mm/s,2026-S1
EQ-CAB-134,2026-05-19T12:00:00Z,current_a,21.09,mA,2026-S1
EQ-COMP-002,2026-05-19T12:00:00Z,temperature_c,59.42,°C,2026-S1
EQ-CONV-262,2026-05-19T12:00:00Z,current_a,27.13,A,2026-S1
EQ-MIX-259,2026-05-19T12:00:00Z,current_a,232.31,A,2026-S1
EQ-OVEN-123,2026-05-19T12:00:00Z,current_a,23.19,A,2026-S1
EQ-ROBOT-358,2026-05-19T12:00:00Z,vibration_mm_s,2.80,mm/s,2026-S1
EQ-CAB-134,2026-05-19T18:00:00Z,current_a,20.63,mA,2026-S1
EQ-COMP-002,2026-05-19T18:00:00Z,temperature_c,58.11,°C,2026-S1
EQ-CONV-262,2026-05-19T18:00:00Z,current_a,28.27,A,2026-S1
EQ-MIX-259,2026-05-19T18:00:00Z,current_a,213.99,A,2026-S1
EQ-OVEN-123,2026-05-19T18:00:00Z,current_a,24.87,A,2026-S1
EQ-ROBOT-358,2026-05-19T18:00:00Z,vibration_mm_s,2.61,mm/s,2026-S1
EQ-CAB-134,2026-05-20T00:00:00Z,current_a,22.38,mA,2026-S1
EQ-COMP-002,2026-05-20T00:00:00Z,temperature_c,64.29,°C,2026-S1
EQ-CONV-262,2026-05-20T00:00:00Z,current_a,27.13,A,2026-S1
EQ-MIX-259,2026-05-20T00:00:00Z,current_a,261.17,A,2026-S1
EQ-OVEN-123,2026-05-20T00:00:00Z,current_a,28.44,A,2026-S1
EQ-ROBOT-358,2026-05-20T00:00:00Z,vibration_mm_s,2.82,mm/s,2026-S1
EQ-CAB-134,2026-05-20T06:00:00Z,current_a,23.93,mA,2026-S1
EQ-COMP-002,2026-05-20T06:00:00Z,temperature_c,62.41,°C,2026-S1
EQ-CONV-262,2026-05-20T06:00:00Z,current_a,26.32,A,2026-S1
EQ-MIX-259,2026-05-20T06:00:00Z,current_a,177.63,A,2026-S1
EQ-OVEN-123,2026-05-20T06:00:00Z,current_a,21.25,A,2026-S1
EQ-ROBOT-358,2026-05-20T06:00:00Z,vibration_mm_s,2.88,mm/s,2026-S1
EQ-CAB-134,2026-05-20T12:00:00Z,current_a,20.01,mA,2026-S1
EQ-COMP-002,2026-05-20T12:00:00Z,temperature_c,56.45,°C,2026-S1
EQ-CONV-262,2026-05-20T12:00:00Z,current_a,26.46,A,2026-S1
EQ-MIX-159,2026-05-20T12:00:00Z,current_a,26.84,A,2026-S1
EQ-MIX-259,2026-05-20T12:00:00Z,current_a,253.37,A,2026-S1
EQ-OVEN-123,2026-05-20T12:00:00Z,current_a,21.47,A,2026-S1
EQ-ROBOT-358,2026-05-20T12:00:00Z,vibration_mm_s,2.77,mm/s,2026-S1
EQ-CAB-134,2026-05-20T18:00:00Z,current_a,18.97,mA,2026-S1
EQ-COMP-002,2026-05-20T18:00:00Z,temperature_c,58.77,°C,2026-S1
EQ-CONV-262,2026-05-20T18:00:00Z,current_a,27.56,A,2026-S1
EQ-MIX-159,2026-05-20T18:00:00Z,current_a,27.98,A,2026-S1
EQ-MIX-259,2026-05-20T18:00:00Z,current_a,168.16,A,2026-S1
EQ-OVEN-123,2026-05-20T18:00:00Z,current_a,27.97,A,2026-S1
EQ-ROBOT-358,2026-05-20T18:00:00Z,vibration_mm_s,2.36,mm/s,2026-S1
EQ-CAB-134,2026-05-21T00:00:00Z,current_a,23.59,mA,2026-S1
EQ-COMP-002,2026-05-21T00:00:00Z,temperature_c,62.20,°C,2026-S1
EQ-CONV-262,2026-05-21T00:00:00Z,current_a,29.91,A,2026-S1
EQ-MIX-159,2026-05-21T00:00:00Z,current_a,23.91,A,2026-S1
EQ-MIX-259,2026-05-21T00:00:00Z,current_a,214.78,A,2026-S1
EQ-OVEN-123,2026-05-21T00:00:00Z,current_a,25.76,A,2026-S1
EQ-ROBOT-358,2026-05-21T00:00:00Z,vibration_mm_s,3.13,mm/s,2026-S1
EQ-CAB-134,2026-05-21T06:00:00Z,current_a,22.11,mA,2026-S1
EQ-COMP-002,2026-05-21T06:00:00Z,temperature_c,64.47,°C,2026-S1
EQ-CONV-262,2026-05-21T06:00:00Z,current_a,30.38,A,2026-S1
EQ-MIX-159,2026-05-21T06:00:00Z,current_a,25.73,A,2026-S1
EQ-MIX-259,2026-05-21T06:00:00Z,current_a,183.45,A,2026-S1
EQ-OVEN-123,2026-05-21T06:00:00Z,current_a,23.78,A,2026-S1
EQ-ROBOT-358,2026-05-21T06:00:00Z,vibration_mm_s,3.22,mm/s,2026-S1
EQ-CAB-134,2026-05-21T12:00:00Z,current_a,20.66,mA,2026-S1
EQ-COMP-002,2026-05-21T12:00:00Z,temperature_c,53.84,°C,2026-S1
EQ-CONV-262,2026-05-21T12:00:00Z,current_a,28.74,A,2026-S1
EQ-MIX-159,2026-05-21T12:00:00Z,current_a,26.56,A,2026-S1
EQ-MIX-259,2026-05-21T12:00:00Z,current_a,219.71,A,2026-S1
EQ-OVEN-123,2026-05-21T12:00:00Z,current_a,21.98,A,2026-S1
EQ-ROBOT-358,2026-05-21T12:00:00Z,vibration_mm_s,2.81,mm/s,2026-S1
EQ-CAB-134,2026-05-21T18:00:00Z,current_a,19.34,mA,2026-S1
EQ-COMP-002,2026-05-21T18:00:00Z,temperature_c,56.45,°C,2026-S1
EQ-CONV-262,2026-05-21T18:00:00Z,current_a,26.10,A,2026-S1
EQ-MIX-159,2026-05-21T18:00:00Z,current_a,28.11,A,2026-S1
EQ-MIX-259,2026-05-21T18:00:00Z,current_a,250.72,A,2026-S1
EQ-OVEN-123,2026-05-21T18:00:00Z,current_a,26.95,A,2026-S1
EQ-ROBOT-358,2026-05-21T18:00:00Z,vibration_mm_s,2.52,mm/s,2026-S1
EQ-CAB-134,2026-05-22T00:00:00Z,current_a,23.30,mA,2026-S1
EQ-COMP-002,2026-05-22T00:00:00Z,temperature_c,63.84,°C,2026-S1
EQ-CONV-262,2026-05-22T00:00:00Z,current_a,30.95,A,2026-S1
EQ-MIX-159,2026-05-22T00:00:00Z,current_a,24.61,A,2026-S1
EQ-MIX-259,2026-05-22T00:00:00Z,current_a,220.31,A,2026-S1
EQ-OVEN-123,2026-05-22T00:00:00Z,current_a,28.23,A,2026-S1
EQ-ROBOT-358,2026-05-22T00:00:00Z,vibration_mm_s,2.87,mm/s,2026-S1
EQ-CAB-134,2026-05-22T06:00:00Z,current_a,24.81,mA,2026-S1
EQ-COMP-002,2026-05-22T06:00:00Z,temperature_c,63.85,°C,2026-S1
EQ-CONV-262,2026-05-22T06:00:00Z,current_a,27.86,A,2026-S1
EQ-MIX-159,2026-05-22T06:00:00Z,current_a,23.21,A,2026-S1
EQ-MIX-259,2026-05-22T06:00:00Z,current_a,264.97,A,2026-S1
EQ-OVEN-123,2026-05-22T06:00:00Z,current_a,24.50,A,2026-S1
EQ-ROBOT-358,2026-05-22T06:00:00Z,vibration_mm_s,3.34,mm/s,2026-S1
EQ-CAB-134,2026-05-22T12:00:00Z,current_a,21.25,mA,2026-S1
EQ-COMP-002,2026-05-22T12:00:00Z,temperature_c,56.07,°C,2026-S1
EQ-CONV-262,2026-05-22T12:00:00Z,current_a,28.06,A,2026-S1
EQ-MIX-159,2026-05-22T12:00:00Z,current_a,28.22,A,2026-S1
EQ-MIX-259,2026-05-22T12:00:00Z,current_a,206.75,A,2026-S1
EQ-OVEN-123,2026-05-22T12:00:00Z,current_a,25.86,A,2026-S1
EQ-ROBOT-358,2026-05-22T12:00:00Z,vibration_mm_s,3.05,mm/s,2026-S1
EQ-CAB-134,2026-05-22T18:00:00Z,current_a,19.57,mA,2026-S1
EQ-COMP-002,2026-05-22T18:00:00Z,temperature_c,54.57,°C,2026-S1
EQ-CONV-262,2026-05-22T18:00:00Z,current_a,26.77,A,2026-S1
EQ-MIX-159,2026-05-22T18:00:00Z,current_a,27.02,A,2026-S1
EQ-MIX-259,2026-05-22T18:00:00Z,current_a,216.67,A,2026-S1
EQ-OVEN-123,2026-05-22T18:00:00Z,current_a,29.48,A,2026-S1
EQ-ROBOT-358,2026-05-22T18:00:00Z,vibration_mm_s,2.76,mm/s,2026-S1
EQ-CAB-134,2026-05-23T00:00:00Z,current_a,21.60,mA,2026-S1
EQ-COMP-002,2026-05-23T00:00:00Z,temperature_c,59.31,°C,2026-S1
EQ-CONV-262,2026-05-23T00:00:00Z,current_a,26.21,A,2026-S1
EQ-MIX-159,2026-05-23T00:00:00Z,current_a,23.64,A,2026-S1
EQ-MIX-259,2026-05-23T00:00:00Z,current_a,265.15,A,2026-S1
EQ-OVEN-123,2026-05-23T00:00:00Z,current_a,30.19,A,2026-S1
EQ-ROBOT-358,2026-05-23T00:00:00Z,vibration_mm_s,3.17,mm/s,2026-S1
EQ-CAB-134,2026-05-23T06:00:00Z,current_a,22.33,mA,2026-S1
EQ-COMP-002,2026-05-23T06:00:00Z,temperature_c,61.74,°C,2026-S1
EQ-CONV-262,2026-05-23T06:00:00Z,current_a,30.07,A,2026-S1
EQ-MIX-159,2026-05-23T06:00:00Z,current_a,22.07,A,2026-S1
EQ-MIX-259,2026-05-23T06:00:00Z,current_a,252.04,A,2026-S1
EQ-OVEN-123,2026-05-23T06:00:00Z,current_a,23.09,A,2026-S1
EQ-ROBOT-358,2026-05-23T06:00:00Z,vibration_mm_s,2.87,mm/s,2026-S1
EQ-CAB-134,2026-05-23T12:00:00Z,current_a,20.76,mA,2026-S1
EQ-COMP-002,2026-05-23T12:00:00Z,temperature_c,53.12,°C,2026-S1
EQ-CONV-262,2026-05-23T12:00:00Z,current_a,27.94,A,2026-S1
EQ-MIX-159,2026-05-23T12:00:00Z,current_a,26.07,A,2026-S1
EQ-MIX-259,2026-05-23T12:00:00Z,current_a,247.52,A,2026-S1
EQ-OVEN-123,2026-05-23T12:00:00Z,current_a,21.02,A,2026-S1
EQ-ROBOT-358,2026-05-23T12:00:00Z,vibration_mm_s,2.59,mm/s,2026-S1
EQ-CAB-134,2026-05-23T18:00:00Z,current_a,19.34,mA,2026-S1
EQ-COMP-002,2026-05-23T18:00:00Z,temperature_c,54.88,°C,2026-S1
EQ-CONV-262,2026-05-23T18:00:00Z,current_a,32.93,A,2026-S1
EQ-MIX-159,2026-05-23T18:00:00Z,current_a,25.49,A,2026-S1
EQ-MIX-259,2026-05-23T18:00:00Z,current_a,249.78,A,2026-S1
EQ-OVEN-123,2026-05-23T18:00:00Z,current_a,26.40,A,2026-S1
EQ-ROBOT-358,2026-05-23T18:00:00Z,vibration_mm_s,2.64,mm/s,2026-S1
EQ-COMP-002,2026-05-24T00:00:00Z,temperature_c,63.26,°C,2026-S1
EQ-CONV-262,2026-05-24T00:00:00Z,current_a,26.95,A,2026-S1
EQ-MIX-159,2026-05-24T00:00:00Z,current_a,22.45,A,2026-S1
EQ-MIX-259,2026-05-24T00:00:00Z,current_a,199.46,A,2026-S1
EQ-OVEN-123,2026-05-24T00:00:00Z,current_a,25.56,A,2026-S1
EQ-ROBOT-358,2026-05-24T00:00:00Z,vibration_mm_s,2.44,mm/s,2026-S1
EQ-COMP-002,2026-05-24T06:00:00Z,temperature_c,61.56,°C,2026-S1
EQ-MIX-159,2026-05-24T06:00:00Z,current_a,22.89,A,2026-S1
EQ-MIX-259,2026-05-24T06:00:00Z,current_a,240.05,A,2026-S1
EQ-MIX-379,2026-05-24T06:00:00Z,current_a,16.85,A,2026-S1
EQ-OVEN-123,2026-05-24T06:00:00Z,current_a,21.21,A,2026-S1
EQ-ROBOT-358,2026-05-24T06:00:00Z,vibration_mm_s,3.20,mm/s,2026-S1
EQ-MIX-159,2026-05-24T12:00:00Z,current_a,28.21,A,2026-S1
EQ-MIX-259,2026-05-24T12:00:00Z,vibration_mm_s,2.91,mm/s,2026-S1
EQ-MIX-379,2026-05-24T12:00:00Z,current_a,20.02,A,2026-S1
EQ-PUMP-006,2026-05-24T12:00:00Z,temperature_c,58.30,°C,2026-S1
EQ-PUMP-006,2026-05-24T12:00:00Z,vibration_mm_s,2.99,mm/s,2026-S1
EQ-MIX-159,2026-05-24T18:00:00Z,current_a,27.44,A,2026-S1
EQ-MIX-259,2026-05-24T18:00:00Z,vibration_mm_s,2.61,mm/s,2026-S1
EQ-MIX-379,2026-05-24T18:00:00Z,current_a,24.99,A,2026-S1
EQ-PUMP-006,2026-05-24T18:00:00Z,temperature_c,51.27,°C,2026-S1
EQ-PUMP-006,2026-05-24T18:00:00Z,vibration_mm_s,3.08,mm/s,2026-S1
EQ-MIX-159,2026-05-25T00:00:00Z,current_a,24.97,A,2026-S1
EQ-MIX-259,2026-05-25T00:00:00Z,vibration_mm_s,2.51,mm/s,2026-S1
EQ-MIX-379,2026-05-25T00:00:00Z,current_a,22.08,A,2026-S1
EQ-PUMP-006,2026-05-25T00:00:00Z,temperature_c,52.33,°C,2026-S1
EQ-PUMP-006,2026-05-25T00:00:00Z,vibration_mm_s,3.25,mm/s,2026-S1
EQ-MIX-159,2026-05-25T06:00:00Z,current_a,25.05,A,2026-S1
EQ-MIX-259,2026-05-25T06:00:00Z,vibration_mm_s,2.37,mm/s,2026-S1
EQ-MIX-379,2026-05-25T06:00:00Z,current_a,19.61,A,2026-S1
EQ-PUMP-006,2026-05-25T06:00:00Z,temperature_c,59.30,°C,2026-S1
EQ-PUMP-006,2026-05-25T06:00:00Z,vibration_mm_s,3.12,mm/s,2026-S1
EQ-MIX-159,2026-05-25T12:00:00Z,current_a,27.24,A,2026-S1
EQ-MIX-259,2026-05-25T12:00:00Z,vibration_mm_s,3.02,mm/s,2026-S1
EQ-MIX-379,2026-05-25T12:00:00Z,current_a,22.00,A,2026-S1
EQ-PUMP-006,2026-05-25T12:00:00Z,temperature_c,58.49,°C,2026-S1
EQ-PUMP-006,2026-05-25T12:00:00Z,vibration_mm_s,2.95,mm/s,2026-S1
EQ-MIX-159,2026-05-25T18:00:00Z,current_a,26.61,A,2026-S1
EQ-MIX-259,2026-05-25T18:00:00Z,vibration_mm_s,2.63,mm/s,2026-S1
EQ-MIX-379,2026-05-25T18:00:00Z,current_a,24.85,A,2026-S1
EQ-PUMP-006,2026-05-25T18:00:00Z,temperature_c,54.17,°C,2026-S1
EQ-PUMP-006,2026-05-25T18:00:00Z,vibration_mm_s,3.49,mm/s,2026-S1
EQ-MIX-159,2026-05-26T00:00:00Z,current_a,23.24,A,2026-S1
EQ-MIX-259,2026-05-26T00:00:00Z,vibration_mm_s,2.43,mm/s,2026-S1
EQ-MIX-379,2026-05-26T00:00:00Z,current_a,21.17,A,2026-S1
EQ-PUMP-006,2026-05-26T00:00:00Z,temperature_c,53.09,°C,2026-S1
EQ-PUMP-006,2026-05-26T00:00:00Z,vibration_mm_s,3.49,mm/s,2026-S1
EQ-MIX-159,2026-05-26T06:00:00Z,current_a,25.97,A,2026-S1
EQ-MIX-259,2026-05-26T06:00:00Z,vibration_mm_s,2.65,mm/s,2026-S1
EQ-MIX-379,2026-05-26T06:00:00Z,current_a,21.27,A,2026-S1
EQ-PUMP-006,2026-05-26T06:00:00Z,temperature_c,60.96,°C,2026-S1
EQ-PUMP-006,2026-05-26T06:00:00Z,vibration_mm_s,2.57,mm/s,2026-S1
EQ-MIX-159,2026-05-26T12:00:00Z,current_a,28.08,A,2026-S1
EQ-MIX-259,2026-05-26T12:00:00Z,vibration_mm_s,3.09,mm/s,2026-S1
EQ-MIX-379,2026-05-26T12:00:00Z,current_a,20.81,A,2026-S1
EQ-PUMP-006,2026-05-26T12:00:00Z,temperature_c,60.01,°C,2026-S1
EQ-PUMP-006,2026-05-26T12:00:00Z,vibration_mm_s,2.96,mm/s,2026-S1
EQ-MIX-159,2026-05-26T18:00:00Z,current_a,27.20,A,2026-S1
EQ-MIX-259,2026-05-26T18:00:00Z,vibration_mm_s,2.94,mm/s,2026-S1
EQ-MIX-379,2026-05-26T18:00:00Z,current_a,23.94,A,2026-S1
EQ-PUMP-006,2026-05-26T18:00:00Z,temperature_c,52.69,°C,2026-S1
EQ-PUMP-006,2026-05-26T18:00:00Z,vibration_mm_s,3.37,mm/s,2026-S1
EQ-MIX-159,2026-05-27T00:00:00Z,current_a,24.54,A,2026-S1
EQ-MIX-259,2026-05-27T00:00:00Z,vibration_mm_s,2.72,mm/s,2026-S1
EQ-MIX-379,2026-05-27T00:00:00Z,current_a,21.26,A,2026-S1
EQ-PUMP-006,2026-05-27T00:00:00Z,temperature_c,55.78,°C,2026-S1
EQ-PUMP-006,2026-05-27T00:00:00Z,vibration_mm_s,3.79,mm/s,2026-S1
EQ-MIX-159,2026-05-27T06:00:00Z,current_a,24.74,A,2026-S1
EQ-MIX-259,2026-05-27T06:00:00Z,vibration_mm_s,2.95,mm/s,2026-S1
EQ-MIX-379,2026-05-27T06:00:00Z,current_a,20.70,A,2026-S1
EQ-PUMP-006,2026-05-27T06:00:00Z,temperature_c,56.52,°C,2026-S1
EQ-PUMP-006,2026-05-27T06:00:00Z,vibration_mm_s,3.12,mm/s,2026-S1
EQ-MIX-159,2026-05-27T12:00:00Z,current_a,28.34,A,2026-S1
EQ-MIX-259,2026-05-27T12:00:00Z,vibration_mm_s,3.07,mm/s,2026-S1
EQ-MIX-379,2026-05-27T12:00:00Z,current_a,21.51,A,2026-S1
EQ-PUMP-006,2026-05-27T12:00:00Z,temperature_c,59.99,°C,2026-S1
EQ-PUMP-006,2026-05-27T12:00:00Z,vibration_mm_s,3.90,mm/s,2026-S1
EQ-MIX-159,2026-05-27T18:00:00Z,current_a,27.06,A,2026-S1
EQ-MIX-259,2026-05-27T18:00:00Z,vibration_mm_s,2.86,mm/s,2026-S1
EQ-MIX-379,2026-05-27T18:00:00Z,current_a,25.29,A,2026-S1
EQ-PUMP-006,2026-05-27T18:00:00Z,temperature_c,52.89,°C,2026-S1
EQ-PUMP-006,2026-05-27T18:00:00Z,vibration_mm_s,4.06,mm/s,2026-S1
EQ-MIX-159,2026-05-28T00:00:00Z,current_a,24.14,A,2026-S1
EQ-MIX-259,2026-05-28T00:00:00Z,vibration_mm_s,2.45,mm/s,2026-S1
EQ-MIX-379,2026-05-28T00:00:00Z,current_a,21.56,A,2026-S1
EQ-PUMP-006,2026-05-28T00:00:00Z,temperature_c,56.21,°C,2026-S1
EQ-PUMP-006,2026-05-28T00:00:00Z,vibration_mm_s,3.97,mm/s,2026-S1
EQ-MIX-159,2026-05-28T06:00:00Z,current_a,25.11,A,2026-S1
EQ-MIX-259,2026-05-28T06:00:00Z,vibration_mm_s,2.32,mm/s,2026-S1
EQ-MIX-379,2026-05-28T06:00:00Z,current_a,21.24,A,2026-S1
EQ-PUMP-006,2026-05-28T06:00:00Z,temperature_c,62.52,°C,2026-S1
EQ-PUMP-006,2026-05-28T06:00:00Z,vibration_mm_s,3.74,mm/s,2026-S1
EQ-MIX-159,2026-05-28T12:00:00Z,current_a,28.44,A,2026-S1
EQ-MIX-259,2026-05-28T12:00:00Z,vibration_mm_s,2.69,mm/s,2026-S1
EQ-MIX-379,2026-05-28T12:00:00Z,current_a,22.98,A,2026-S1
EQ-PUMP-006,2026-05-28T12:00:00Z,temperature_c,65.04,°C,2026-S1
EQ-PUMP-006,2026-05-28T12:00:00Z,vibration_mm_s,4.14,mm/s,2026-S1
EQ-MIX-159,2026-05-28T18:00:00Z,current_a,26.05,A,2026-S1
EQ-MIX-259,2026-05-28T18:00:00Z,vibration_mm_s,3.02,mm/s,2026-S1
EQ-MIX-379,2026-05-28T18:00:00Z,current_a,23.68,A,2026-S1
EQ-PUMP-006,2026-05-28T18:00:00Z,temperature_c,57.20,°C,2026-S1
EQ-PUMP-006,2026-05-28T18:00:00Z,vibration_mm_s,4.40,mm/s,2026-S1
EQ-MIX-159,2026-05-29T00:00:00Z,current_a,24.58,A,2026-S1
EQ-MIX-259,2026-05-29T00:00:00Z,vibration_mm_s,2.56,mm/s,2026-S1
EQ-MIX-379,2026-05-29T00:00:00Z,current_a,23.00,A,2026-S1
EQ-PUMP-006,2026-05-29T00:00:00Z,temperature_c,59.61,°C,2026-S1
EQ-PUMP-006,2026-05-29T00:00:00Z,vibration_mm_s,4.42,mm/s,2026-S1
EQ-MIX-159,2026-05-29T06:00:00Z,current_a,24.53,A,2026-S1
EQ-MIX-259,2026-05-29T06:00:00Z,vibration_mm_s,2.19,mm/s,2026-S1
EQ-MIX-379,2026-05-29T06:00:00Z,current_a,18.08,A,2026-S1
EQ-PUMP-006,2026-05-29T06:00:00Z,temperature_c,66.24,°C,2026-S1
EQ-PUMP-006,2026-05-29T06:00:00Z,vibration_mm_s,3.74,mm/s,2026-S1
EQ-MIX-159,2026-05-29T12:00:00Z,current_a,28.01,A,2026-S1
EQ-MIX-259,2026-05-29T12:00:00Z,vibration_mm_s,2.95,mm/s,2026-S1
EQ-MIX-379,2026-05-29T12:00:00Z,current_a,21.70,A,2026-S1
EQ-PUMP-006,2026-05-29T12:00:00Z,temperature_c,63.84,°C,2026-S1
EQ-PUMP-006,2026-05-29T12:00:00Z,vibration_mm_s,4.08,mm/s,2026-S1
EQ-MIX-159,2026-05-29T18:00:00Z,current_a,26.57,A,2026-S1
EQ-MIX-259,2026-05-29T18:00:00Z,vibration_mm_s,2.85,mm/s,2026-S1
EQ-MIX-379,2026-05-29T18:00:00Z,current_a,25.02,A,2026-S1
EQ-PUMP-006,2026-05-29T18:00:00Z,temperature_c,58.71,°C,2026-S1
EQ-PUMP-006,2026-05-29T18:00:00Z,vibration_mm_s,4.29,mm/s,2026-S1
EQ-MIX-159,2026-05-30T00:00:00Z,current_a,23.34,A,2026-S1
EQ-MIX-259,2026-05-30T00:00:00Z,vibration_mm_s,2.46,mm/s,2026-S1
EQ-MIX-379,2026-05-30T00:00:00Z,current_a,21.21,A,2026-S1
EQ-PUMP-006,2026-05-30T00:00:00Z,temperature_c,60.42,°C,2026-S1
EQ-PUMP-006,2026-05-30T00:00:00Z,vibration_mm_s,4.20,mm/s,2026-S1
EQ-MIX-159,2026-05-30T06:00:00Z,current_a,23.09,A,2026-S1
EQ-MIX-259,2026-05-30T06:00:00Z,vibration_mm_s,2.36,mm/s,2026-S1
EQ-MIX-379,2026-05-30T06:00:00Z,current_a,19.15,A,2026-S1
EQ-PUMP-006,2026-05-30T06:00:00Z,temperature_c,60.05,°C,2026-S1
EQ-PUMP-006,2026-05-30T06:00:00Z,vibration_mm_s,2.94,mm/s,2026-S1
EQ-MIX-159,2026-05-30T12:00:00Z,current_a,26.23,A,2026-S1
EQ-MIX-259,2026-05-30T12:00:00Z,vibration_mm_s,2.92,mm/s,2026-S1
EQ-MIX-379,2026-05-30T12:00:00Z,current_a,21.27,A,2026-S1
EQ-PUMP-006,2026-05-30T12:00:00Z,temperature_c,59.34,°C,2026-S1
EQ-PUMP-006,2026-05-30T12:00:00Z,vibration_mm_s,2.93,mm/s,2026-S1
EQ-MIX-159,2026-05-30T18:00:00Z,current_a,27.15,A,2026-S1
EQ-MIX-259,2026-05-30T18:00:00Z,vibration_mm_s,2.95,mm/s,2026-S1
EQ-MIX-379,2026-05-30T18:00:00Z,current_a,22.20,A,2026-S1
EQ-PUMP-006,2026-05-30T18:00:00Z,temperature_c,52.12,°C,2026-S1
EQ-PUMP-006,2026-05-30T18:00:00Z,vibration_mm_s,3.43,mm/s,2026-S1
EQ-MIX-159,2026-05-31T00:00:00Z,current_a,22.91,A,2026-S1
EQ-MIX-259,2026-05-31T00:00:00Z,vibration_mm_s,2.20,mm/s,2026-S1
EQ-MIX-379,2026-05-31T00:00:00Z,current_a,21.35,A,2026-S1
EQ-PUMP-006,2026-05-31T00:00:00Z,temperature_c,50.78,°C,2026-S1
EQ-PUMP-006,2026-05-31T00:00:00Z,vibration_mm_s,3.48,mm/s,2026-S1
EQ-MIX-159,2026-05-31T06:00:00Z,current_a,23.64,A,2026-S1
EQ-MIX-259,2026-05-31T06:00:00Z,vibration_mm_s,2.47,mm/s,2026-S1
EQ-MIX-379,2026-05-31T06:00:00Z,current_a,18.85,A,2026-S1
EQ-PUMP-006,2026-05-31T06:00:00Z,temperature_c,55.85,°C,2026-S1
EQ-PUMP-006,2026-05-31T06:00:00Z,vibration_mm_s,2.96,mm/s,2026-S1
EQ-MIX-159,2026-05-31T12:00:00Z,current_a,26.32,A,2026-S1
EQ-MIX-259,2026-05-31T12:00:00Z,vibration_mm_s,2.95,mm/s,2026-S1
EQ-MIX-379,2026-05-31T12:00:00Z,current_a,21.26,A,2026-S1
EQ-PUMP-006,2026-05-31T12:00:00Z,temperature_c,59.04,°C,2026-S1
EQ-PUMP-006,2026-05-31T12:00:00Z,vibration_mm_s,2.77,mm/s,2026-S1
EQ-COMP-233,2026-05-31T18:00:00Z,pressure_bar,6.38,bar,2026-S1
EQ-CONV-262,2026-05-31T18:00:00Z,current_a,30.99,A,2026-S1
EQ-MIX-159,2026-05-31T18:00:00Z,current_a,26.77,A,2026-S1
EQ-MIX-259,2026-05-31T18:00:00Z,vibration_mm_s,2.84,mm/s,2026-S1
EQ-OVEN-366,2026-05-31T18:00:00Z,temperature_c,56.37,°C,2026-S1
EQ-PUMP-006,2026-05-31T18:00:00Z,temperature_c,51.45,°C,2026-S1
EQ-PUMP-006,2026-05-31T18:00:00Z,vibration_mm_s,3.46,mm/s,2026-S1
EQ-CHILL-188,2026-06-01T00:00:00Z,pressure_bar,6.95,bar,2026-S1
EQ-CHILL-188,2026-06-01T00:00:00Z,temperature_c,59.31,°C,2026-S1
EQ-COMP-002,2026-06-01T00:00:00Z,temperature_c,293.01,°C,2026-S1
EQ-COMP-233,2026-06-01T00:00:00Z,pressure_bar,6.14,bar,2026-S1
EQ-CONV-262,2026-06-01T00:00:00Z,current_a,30.35,A,2026-S1
EQ-FAN-284,2026-06-01T00:00:00Z,rpm,1626.12,rpm,2026-S1
EQ-MIX-159,2026-06-01T00:00:00Z,current_a,23.39,A,2026-S1
EQ-OVEN-123,2026-06-01T00:00:00Z,current_a,25.42,A,2026-S2
EQ-OVEN-366,2026-06-01T00:00:00Z,temperature_c,50.19,°C,2026-S1
EQ-PUMP-001,2026-06-01T00:00:00Z,temperature_c,62.33,°C,2026-S1
EQ-CHILL-188,2026-06-01T06:00:00Z,pressure_bar,6.64,bar,2026-S1
EQ-CHILL-188,2026-06-01T06:00:00Z,temperature_c,55.57,°C,2026-S1
EQ-COMP-002,2026-06-01T06:00:00Z,temperature_c,223.18,°C,2026-S1
EQ-COMP-233,2026-06-01T06:00:00Z,pressure_bar,7.02,bar,2026-S1
EQ-CONV-262,2026-06-01T06:00:00Z,current_a,26.51,A,2026-S1
EQ-FAN-284,2026-06-01T06:00:00Z,rpm,1640.29,rpm,2026-S1
EQ-MIX-159,2026-06-01T06:00:00Z,current_a,25.64,A,2026-S1
EQ-OVEN-123,2026-06-01T06:00:00Z,current_a,25.82,A,2026-S2
EQ-OVEN-366,2026-06-01T06:00:00Z,temperature_c,53.06,°C,2026-S1
EQ-PUMP-001,2026-06-01T06:00:00Z,temperature_c,64.23,°C,2026-S1
EQ-CHILL-188,2026-06-01T12:00:00Z,pressure_bar,6.14,bar,2026-S1
EQ-CHILL-188,2026-06-01T12:00:00Z,temperature_c,54.14,°C,2026-S1
EQ-COMP-002,2026-06-01T12:00:00Z,temperature_c,198.61,°C,2026-S1
EQ-COMP-233,2026-06-01T12:00:00Z,pressure_bar,7.18,bar,2026-S1
EQ-CONV-262,2026-06-01T12:00:00Z,current_a,28.90,A,2026-S1
EQ-FAN-284,2026-06-01T12:00:00Z,rpm,1673.97,rpm,2026-S1
EQ-MIX-159,2026-06-01T12:00:00Z,current_a,28.52,A,2026-S1
EQ-OVEN-123,2026-06-01T12:00:00Z,current_a,22.98,A,2026-S2
EQ-OVEN-366,2026-06-01T12:00:00Z,temperature_c,54.45,°C,2026-S1
EQ-PUMP-001,2026-06-01T12:00:00Z,temperature_c,55.74,°C,2026-S1
EQ-CHILL-188,2026-06-01T18:00:00Z,pressure_bar,6.53,bar,2026-S1
EQ-CHILL-188,2026-06-01T18:00:00Z,temperature_c,59.37,°C,2026-S1
EQ-COMP-002,2026-06-01T18:00:00Z,temperature_c,289.46,°C,2026-S1
EQ-COMP-233,2026-06-01T18:00:00Z,pressure_bar,6.83,bar,2026-S1
EQ-CONV-262,2026-06-01T18:00:00Z,current_a,30.81,A,2026-S1
EQ-FAN-284,2026-06-01T18:00:00Z,rpm,1631.31,rpm,2026-S1
EQ-MIX-159,2026-06-01T18:00:00Z,current_a,26.90,A,2026-S1
EQ-OVEN-123,2026-06-01T18:00:00Z,current_a,23.65,A,2026-S2
EQ-OVEN-366,2026-06-01T18:00:00Z,temperature_c,47.10,°C,2026-S1
EQ-PUMP-001,2026-06-01T18:00:00Z,temperature_c,55.71,°C,2026-S1
EQ-CHILL-188,2026-06-02T00:00:00Z,pressure_bar,6.64,bar,2026-S1
EQ-CHILL-188,2026-06-02T00:00:00Z,temperature_c,62.50,°C,2026-S1
EQ-COMP-002,2026-06-02T00:00:00Z,temperature_c,315.53,°C,2026-S1
EQ-COMP-233,2026-06-02T00:00:00Z,pressure_bar,6.42,bar,2026-S1
EQ-CONV-262,2026-06-02T00:00:00Z,current_a,29.74,A,2026-S1
EQ-FAN-284,2026-06-02T00:00:00Z,rpm,1604.92,rpm,2026-S1
EQ-MIX-159,2026-06-02T00:00:00Z,current_a,22.42,A,2026-S1
EQ-OVEN-123,2026-06-02T00:00:00Z,current_a,23.79,A,2026-S2
EQ-OVEN-366,2026-06-02T00:00:00Z,temperature_c,52.48,°C,2026-S1
EQ-PUMP-001,2026-06-02T00:00:00Z,temperature_c,62.56,°C,2026-S1
EQ-CHILL-188,2026-06-02T06:00:00Z,pressure_bar,6.68,bar,2026-S1
EQ-CHILL-188,2026-06-02T06:00:00Z,temperature_c,58.35,°C,2026-S1
EQ-COMP-002,2026-06-02T06:00:00Z,temperature_c,221.80,°C,2026-S1
EQ-COMP-233,2026-06-02T06:00:00Z,pressure_bar,6.66,bar,2026-S1
EQ-CONV-262,2026-06-02T06:00:00Z,current_a,26.32,A,2026-S1
EQ-FAN-284,2026-06-02T06:00:00Z,rpm,1658.89,rpm,2026-S1
EQ-MIX-159,2026-06-02T06:00:00Z,current_a,24.75,A,2026-S1
EQ-OVEN-123,2026-06-02T06:00:00Z,current_a,26.96,A,2026-S2
EQ-OVEN-366,2026-06-02T06:00:00Z,temperature_c,44.96,°C,2026-S1
EQ-PUMP-001,2026-06-02T06:00:00Z,temperature_c,63.52,°C,2026-S1
EQ-CHILL-188,2026-06-02T12:00:00Z,pressure_bar,6.34,bar,2026-S1
EQ-CHILL-188,2026-06-02T12:00:00Z,temperature_c,53.27,°C,2026-S1
EQ-COMP-002,2026-06-02T12:00:00Z,temperature_c,236.90,°C,2026-S1
EQ-COMP-233,2026-06-02T12:00:00Z,pressure_bar,6.68,bar,2026-S1
EQ-CONV-262,2026-06-02T12:00:00Z,current_a,29.87,A,2026-S1
EQ-FAN-284,2026-06-02T12:00:00Z,rpm,1706.41,rpm,2026-S1
EQ-MIX-159,2026-06-02T12:00:00Z,current_a,26.94,A,2026-S1
EQ-OVEN-123,2026-06-02T12:00:00Z,current_a,22.69,A,2026-S2
EQ-OVEN-366,2026-06-02T12:00:00Z,temperature_c,45.71,°C,2026-S1
EQ-PUMP-001,2026-06-02T12:00:00Z,temperature_c,56.36,°C,2026-S1
EQ-CHILL-188,2026-06-02T18:00:00Z,pressure_bar,6.09,bar,2026-S1
EQ-CHILL-188,2026-06-02T18:00:00Z,temperature_c,63.19,°C,2026-S1
EQ-COMP-002,2026-06-02T18:00:00Z,temperature_c,263.62,°C,2026-S1
EQ-COMP-233,2026-06-02T18:00:00Z,pressure_bar,6.32,bar,2026-S1
EQ-CONV-262,2026-06-02T18:00:00Z,current_a,30.75,A,2026-S1
EQ-FAN-284,2026-06-02T18:00:00Z,rpm,1639.83,rpm,2026-S1
EQ-MIX-159,2026-06-02T18:00:00Z,current_a,29.06,A,2026-S1
EQ-OVEN-123,2026-06-02T18:00:00Z,current_a,23.61,A,2026-S2
EQ-OVEN-366,2026-06-02T18:00:00Z,temperature_c,51.31,°C,2026-S1
EQ-PUMP-001,2026-06-02T18:00:00Z,temperature_c,58.43,°C,2026-S1
EQ-CHILL-188,2026-06-03T00:00:00Z,pressure_bar,6.68,bar,2026-S1
EQ-CHILL-188,2026-06-03T00:00:00Z,temperature_c,61.75,°C,2026-S1
EQ-COMP-002,2026-06-03T00:00:00Z,temperature_c,312.89,°C,2026-S1
EQ-COMP-233,2026-06-03T00:00:00Z,pressure_bar,6.51,bar,2026-S1
EQ-CONV-262,2026-06-03T00:00:00Z,current_a,29.66,A,2026-S1
EQ-FAN-284,2026-06-03T00:00:00Z,rpm,1600.64,rpm,2026-S1
EQ-MIX-159,2026-06-03T00:00:00Z,current_a,23.98,A,2026-S1
EQ-OVEN-123,2026-06-03T00:00:00Z,current_a,25.50,A,2026-S2
EQ-OVEN-366,2026-06-03T00:00:00Z,temperature_c,50.73,°C,2026-S1
EQ-PUMP-001,2026-06-03T00:00:00Z,temperature_c,61.80,°C,2026-S1
EQ-CHILL-188,2026-06-03T06:00:00Z,pressure_bar,6.28,bar,2026-S1
EQ-CHILL-188,2026-06-03T06:00:00Z,temperature_c,57.62,°C,2026-S1
EQ-COMP-002,2026-06-03T06:00:00Z,temperature_c,226.03,°C,2026-S1
EQ-COMP-233,2026-06-03T06:00:00Z,pressure_bar,6.74,bar,2026-S1
EQ-CONV-262,2026-06-03T06:00:00Z,current_a,27.37,A,2026-S1
EQ-FAN-284,2026-06-03T06:00:00Z,rpm,1650.86,rpm,2026-S1
EQ-MIX-159,2026-06-03T06:00:00Z,current_a,26.24,A,2026-S1
EQ-OVEN-123,2026-06-03T06:00:00Z,current_a,25.82,A,2026-S2
EQ-OVEN-366,2026-06-03T06:00:00Z,temperature_c,45.49,°C,2026-S1
EQ-PUMP-001,2026-06-03T06:00:00Z,temperature_c,61.39,°C,2026-S1
EQ-CHILL-188,2026-06-03T12:00:00Z,pressure_bar,6.29,bar,2026-S1
EQ-CHILL-188,2026-06-03T12:00:00Z,temperature_c,54.49,°C,2026-S1
EQ-COMP-002,2026-06-03T12:00:00Z,temperature_c,201.06,°C,2026-S1
EQ-COMP-233,2026-06-03T12:00:00Z,pressure_bar,6.78,bar,2026-S1
EQ-CONV-262,2026-06-03T12:00:00Z,current_a,29.29,A,2026-S1
EQ-FAN-284,2026-06-03T12:00:00Z,rpm,1653.98,rpm,2026-S1
EQ-MIX-159,2026-06-03T12:00:00Z,current_a,26.24,A,2026-S1
EQ-OVEN-123,2026-06-03T12:00:00Z,current_a,23.84,A,2026-S2
EQ-OVEN-366,2026-06-03T12:00:00Z,temperature_c,50.66,°C,2026-S1
EQ-PUMP-001,2026-06-03T12:00:00Z,temperature_c,56.31,°C,2026-S1
EQ-CHILL-188,2026-06-03T18:00:00Z,pressure_bar,6.28,bar,2026-S1
EQ-CHILL-188,2026-06-03T18:00:00Z,temperature_c,63.48,°C,2026-S1
EQ-COMP-002,2026-06-03T18:00:00Z,temperature_c,301.00,°C,2026-S1
EQ-COMP-233,2026-06-03T18:00:00Z,pressure_bar,6.50,bar,2026-S1
EQ-CONV-262,2026-06-03T18:00:00Z,current_a,30.51,A,2026-S1
EQ-FAN-284,2026-06-03T18:00:00Z,rpm,1649.15,rpm,2026-S1
EQ-MIX-159,2026-06-03T18:00:00Z,current_a,27.03,A,2026-S1
EQ-OVEN-123,2026-06-03T18:00:00Z,current_a,23.22,A,2026-S2
EQ-OVEN-366,2026-06-03T18:00:00Z,temperature_c,43.63,°C,2026-S1
EQ-PUMP-001,2026-06-03T18:00:00Z,temperature_c,54.14,°C,2026-S1
EQ-CHILL-188,2026-06-04T00:00:00Z,pressure_bar,6.72,bar,2026-S1
EQ-CHILL-188,2026-06-04T00:00:00Z,temperature_c,60.90,°C,2026-S1
EQ-COMP-002,2026-06-04T00:00:00Z,temperature_c,241.05,°C,2026-S1
EQ-COMP-233,2026-06-04T00:00:00Z,pressure_bar,6.39,bar,2026-S1
EQ-CONV-262,2026-06-04T00:00:00Z,current_a,28.73,A,2026-S1
EQ-FAN-284,2026-06-04T00:00:00Z,rpm,1579.13,rpm,2026-S1
EQ-MIX-159,2026-06-04T00:00:00Z,current_a,25.79,A,2026-S1
EQ-OVEN-123,2026-06-04T00:00:00Z,current_a,24.97,A,2026-S2
EQ-OVEN-366,2026-06-04T00:00:00Z,temperature_c,47.76,°C,2026-S1
EQ-PUMP-001,2026-06-04T00:00:00Z,temperature_c,62.94,°C,2026-S1
EQ-CHILL-188,2026-06-04T06:00:00Z,pressure_bar,6.53,bar,2026-S1
EQ-CHILL-188,2026-06-04T06:00:00Z,temperature_c,57.80,°C,2026-S1
EQ-COMP-002,2026-06-04T06:00:00Z,temperature_c,250.80,°C,2026-S1
EQ-COMP-233,2026-06-04T06:00:00Z,pressure_bar,6.83,bar,2026-S1
EQ-CONV-262,2026-06-04T06:00:00Z,current_a,27.87,A,2026-S1
EQ-FAN-284,2026-06-04T06:00:00Z,rpm,1664.63,rpm,2026-S1
EQ-MIX-159,2026-06-04T06:00:00Z,current_a,24.92,A,2026-S1
EQ-OVEN-123,2026-06-04T06:00:00Z,current_a,25.88,A,2026-S2
EQ-OVEN-366,2026-06-04T06:00:00Z,temperature_c,48.96,°C,2026-S1
EQ-PUMP-001,2026-06-04T06:00:00Z,temperature_c,64.52,°C,2026-S1
EQ-CHILL-188,2026-06-04T12:00:00Z,pressure_bar,6.22,bar,2026-S1
EQ-CHILL-188,2026-06-04T12:00:00Z,temperature_c,54.71,°C,2026-S1
EQ-COMP-002,2026-06-04T12:00:00Z,temperature_c,227.09,°C,2026-S1
EQ-COMP-233,2026-06-04T12:00:00Z,pressure_bar,7.10,bar,2026-S1
EQ-CONV-262,2026-06-04T12:00:00Z,current_a,29.38,A,2026-S1
EQ-FAN-284,2026-06-04T12:00:00Z,rpm,1667.08,rpm,2026-S1
EQ-OVEN-123,2026-06-04T12:00:00Z,current_a,23.89,A,2026-S2
EQ-OVEN-366,2026-06-04T12:00:00Z,temperature_c,50.44,°C,2026-S1
EQ-PUMP-001,2026-06-04T12:00:00Z,temperature_c,56.00,°C,2026-S1
EQ-CHILL-188,2026-06-04T18:00:00Z,pressure_bar,6.28,bar,2026-S1
EQ-CHILL-188,2026-06-04T18:00:00Z,temperature_c,64.01,°C,2026-S1
EQ-COMP-002,2026-06-04T18:00:00Z,temperature_c,241.60,°C,2026-S1
EQ-COMP-233,2026-06-04T18:00:00Z,pressure_bar,6.55,bar,2026-S1
EQ-CONV-262,2026-06-04T18:00:00Z,current_a,32.08,A,2026-S1
EQ-FAN-284,2026-06-04T18:00:00Z,rpm,1622.18,rpm,2026-S1
EQ-OVEN-123,2026-06-04T18:00:00Z,current_a,23.87,A,2026-S2
EQ-OVEN-366,2026-06-04T18:00:00Z,temperature_c,49.68,°C,2026-S1
EQ-PUMP-001,2026-06-04T18:00:00Z,temperature_c,55.12,°C,2026-S1
EQ-CHILL-188,2026-06-05T00:00:00Z,pressure_bar,6.57,bar,2026-S1
EQ-CHILL-188,2026-06-05T00:00:00Z,temperature_c,63.76,°C,2026-S1
EQ-COMP-002,2026-06-05T00:00:00Z,temperature_c,317.10,°C,2026-S1
EQ-COMP-233,2026-06-05T00:00:00Z,pressure_bar,6.32,bar,2026-S1
EQ-CONV-262,2026-06-05T00:00:00Z,current_a,29.48,A,2026-S1
EQ-FAN-284,2026-06-05T00:00:00Z,rpm,1593.57,rpm,2026-S1
EQ-OVEN-123,2026-06-05T00:00:00Z,current_a,24.81,A,2026-S2
EQ-OVEN-366,2026-06-05T00:00:00Z,temperature_c,50.79,°C,2026-S1
EQ-PUMP-001,2026-06-05T00:00:00Z,temperature_c,59.84,°C,2026-S1
EQ-CHILL-188,2026-06-05T06:00:00Z,pressure_bar,6.29,bar,2026-S1
EQ-CHILL-188,2026-06-05T06:00:00Z,temperature_c,57.04,°C,2026-S1
EQ-COMP-002,2026-06-05T06:00:00Z,temperature_c,302.60,°C,2026-S1
EQ-COMP-233,2026-06-05T06:00:00Z,pressure_bar,6.90,bar,2026-S1
EQ-CONV-262,2026-06-05T06:00:00Z,current_a,25.00,A,2026-S1
EQ-FAN-284,2026-06-05T06:00:00Z,rpm,1663.27,rpm,2026-S1
EQ-OVEN-123,2026-06-05T06:00:00Z,current_a,23.57,A,2026-S2
EQ-OVEN-366,2026-06-05T06:00:00Z,temperature_c,55.75,°C,2026-S1
EQ-PUMP-001,2026-06-05T06:00:00Z,temperature_c,61.25,°C,2026-S1
EQ-CHILL-188,2026-06-05T12:00:00Z,pressure_bar,5.90,bar,2026-S1
EQ-CHILL-188,2026-06-05T12:00:00Z,temperature_c,56.54,°C,2026-S1
EQ-COMP-002,2026-06-05T12:00:00Z,temperature_c,241.79,°C,2026-S1
EQ-COMP-233,2026-06-05T12:00:00Z,pressure_bar,7.03,bar,2026-S1
EQ-CONV-262,2026-06-05T12:00:00Z,current_a,28.43,A,2026-S1
EQ-FAN-284,2026-06-05T12:00:00Z,rpm,1701.40,rpm,2026-S1
EQ-OVEN-123,2026-06-05T12:00:00Z,current_a,24.71,A,2026-S2
EQ-OVEN-366,2026-06-05T12:00:00Z,temperature_c,52.28,°C,2026-S1
EQ-PUMP-001,2026-06-05T12:00:00Z,temperature_c,59.51,°C,2026-S1
EQ-CHILL-188,2026-06-05T18:00:00Z,pressure_bar,6.61,bar,2026-S1
EQ-CHILL-188,2026-06-05T18:00:00Z,temperature_c,60.84,°C,2026-S1
EQ-COMP-002,2026-06-05T18:00:00Z,temperature_c,226.51,°C,2026-S1
EQ-COMP-233,2026-06-05T18:00:00Z,pressure_bar,6.57,bar,2026-S1
EQ-CONV-262,2026-06-05T18:00:00Z,current_a,31.08,A,2026-S1
EQ-FAN-284,2026-06-05T18:00:00Z,rpm,1650.18,rpm,2026-S1
EQ-OVEN-123,2026-06-05T18:00:00Z,current_a,22.36,A,2026-S2
EQ-OVEN-366,2026-06-05T18:00:00Z,temperature_c,54.18,°C,2026-S1
EQ-PUMP-001,2026-06-05T18:00:00Z,temperature_c,55.02,°C,2026-S1
EQ-CHILL-188,2026-06-06T00:00:00Z,pressure_bar,6.47,bar,2026-S1
EQ-CHILL-188,2026-06-06T00:00:00Z,temperature_c,63.71,°C,2026-S1
EQ-COMP-002,2026-06-06T00:00:00Z,temperature_c,289.69,°C,2026-S1
EQ-COMP-233,2026-06-06T00:00:00Z,pressure_bar,6.13,bar,2026-S1
EQ-CONV-262,2026-06-06T00:00:00Z,current_a,30.36,A,2026-S1
EQ-FAN-284,2026-06-06T00:00:00Z,rpm,1611.11,rpm,2026-S1
EQ-OVEN-123,2026-06-06T00:00:00Z,current_a,24.15,A,2026-S2
EQ-OVEN-366,2026-06-06T00:00:00Z,temperature_c,46.92,°C,2026-S1
EQ-PUMP-001,2026-06-06T00:00:00Z,temperature_c,59.75,°C,2026-S1
EQ-CHILL-188,2026-06-06T06:00:00Z,pressure_bar,6.26,bar,2026-S1
EQ-CHILL-188,2026-06-06T06:00:00Z,temperature_c,58.01,°C,2026-S1
EQ-COMP-002,2026-06-06T06:00:00Z,temperature_c,259.05,°C,2026-S1
EQ-COMP-233,2026-06-06T06:00:00Z,pressure_bar,6.82,bar,2026-S1
EQ-CONV-262,2026-06-06T06:00:00Z,current_a,25.92,A,2026-S1
EQ-FAN-284,2026-06-06T06:00:00Z,rpm,1653.99,rpm,2026-S1
EQ-OVEN-123,2026-06-06T06:00:00Z,current_a,25.06,A,2026-S2
EQ-OVEN-366,2026-06-06T06:00:00Z,temperature_c,46.82,°C,2026-S1
EQ-PUMP-001,2026-06-06T06:00:00Z,temperature_c,59.81,°C,2026-S1
EQ-CHILL-188,2026-06-06T12:00:00Z,pressure_bar,5.75,bar,2026-S1
EQ-CHILL-188,2026-06-06T12:00:00Z,temperature_c,53.15,°C,2026-S1
EQ-COMP-002,2026-06-06T12:00:00Z,temperature_c,219.05,°C,2026-S1
EQ-COMP-233,2026-06-06T12:00:00Z,pressure_bar,6.65,bar,2026-S1
EQ-CONV-262,2026-06-06T12:00:00Z,current_a,28.82,A,2026-S1
EQ-FAN-284,2026-06-06T12:00:00Z,rpm,1668.35,rpm,2026-S1
EQ-OVEN-123,2026-06-06T12:00:00Z,current_a,22.26,A,2026-S2
EQ-OVEN-366,2026-06-06T12:00:00Z,temperature_c,54.87,°C,2026-S1
EQ-PUMP-001,2026-06-06T12:00:00Z,temperature_c,55.27,°C,2026-S1
EQ-CHILL-188,2026-06-06T18:00:00Z,pressure_bar,5.63,bar,2026-S1
EQ-CHILL-188,2026-06-06T18:00:00Z,temperature_c,61.05,°C,2026-S1
EQ-COMP-002,2026-06-06T18:00:00Z,temperature_c,266.18,°C,2026-S1
EQ-COMP-233,2026-06-06T18:00:00Z,pressure_bar,6.35,bar,2026-S1
EQ-CONV-262,2026-06-06T18:00:00Z,current_a,30.00,A,2026-S1
EQ-FAN-284,2026-06-06T18:00:00Z,rpm,1621.19,rpm,2026-S1
EQ-OVEN-123,2026-06-06T18:00:00Z,current_a,21.63,A,2026-S2
EQ-OVEN-366,2026-06-06T18:00:00Z,temperature_c,55.78,°C,2026-S1
EQ-PUMP-001,2026-06-06T18:00:00Z,temperature_c,50.90,°C,2026-S1
EQ-CHILL-188,2026-06-07T00:00:00Z,pressure_bar,6.40,bar,2026-S1
EQ-CHILL-188,2026-06-07T00:00:00Z,temperature_c,65.89,°C,2026-S1
EQ-COMP-002,2026-06-07T00:00:00Z,temperature_c,263.12,°C,2026-S1
EQ-COMP-233,2026-06-07T00:00:00Z,pressure_bar,5.85,bar,2026-S1
EQ-CONV-262,2026-06-07T00:00:00Z,current_a,27.56,A,2026-S1
EQ-FAN-284,2026-06-07T00:00:00Z,rpm,1576.22,rpm,2026-S1
EQ-OVEN-123,2026-06-07T00:00:00Z,current_a,25.09,A,2026-S2
EQ-OVEN-366,2026-06-07T00:00:00Z,temperature_c,49.90,°C,2026-S1
EQ-PUMP-001,2026-06-07T00:00:00Z,temperature_c,61.71,°C,2026-S1
EQ-CHILL-188,2026-06-07T06:00:00Z,pressure_bar,5.71,bar,2026-S1
EQ-CHILL-188,2026-06-07T06:00:00Z,temperature_c,62.88,°C,2026-S1
EQ-COMP-002,2026-06-07T06:00:00Z,temperature_c,233.37,°C,2026-S1
EQ-COMP-233,2026-06-07T06:00:00Z,pressure_bar,6.52,bar,2026-S1
EQ-CONV-262,2026-06-07T06:00:00Z,current_a,25.66,A,2026-S1
EQ-FAN-284,2026-06-07T06:00:00Z,rpm,1644.14,rpm,2026-S1
EQ-OVEN-123,2026-06-07T06:00:00Z,current_a,25.85,A,2026-S2
EQ-OVEN-366,2026-06-07T06:00:00Z,temperature_c,47.81,°C,2026-S1
EQ-PUMP-001,2026-06-07T06:00:00Z,temperature_c,62.24,°C,2026-S1
EQ-CHILL-188,2026-06-07T12:00:00Z,pressure_bar,5.51,bar,2026-S1
EQ-CHILL-188,2026-06-07T12:00:00Z,temperature_c,58.15,°C,2026-S1
EQ-COMP-002,2026-06-07T12:00:00Z,temperature_c,244.51,°C,2026-S1
EQ-COMP-233,2026-06-07T12:00:00Z,pressure_bar,6.52,bar,2026-S1
EQ-CONV-262,2026-06-07T12:00:00Z,current_a,28.98,A,2026-S1
EQ-FAN-284,2026-06-07T12:00:00Z,rpm,1657.64,rpm,2026-S1
EQ-OVEN-123,2026-06-07T12:00:00Z,current_a,23.26,A,2026-S2
EQ-OVEN-366,2026-06-07T12:00:00Z,temperature_c,52.83,°C,2026-S1
EQ-PUMP-001,2026-06-07T12:00:00Z,temperature_c,54.47,°C,2026-S1
EQ-CHILL-188,2026-06-07T18:00:00Z,pressure_bar,5.94,bar,2026-S1
EQ-CHILL-188,2026-06-07T18:00:00Z,temperature_c,63.69,°C,2026-S1
EQ-COMP-002,2026-06-07T18:00:00Z,temperature_c,303.57,°C,2026-S1
EQ-COMP-233,2026-06-07T18:00:00Z,pressure_bar,5.80,bar,2026-S1
EQ-CONV-262,2026-06-07T18:00:00Z,current_a,29.16,A,2026-S1
EQ-FAN-284,2026-06-07T18:00:00Z,rpm,1570.34,rpm,2026-S1
EQ-OVEN-123,2026-06-07T18:00:00Z,current_a,20.66,A,2026-S2
EQ-OVEN-366,2026-06-07T18:00:00Z,temperature_c,51.95,°C,2026-S1
EQ-PUMP-001,2026-06-07T18:00:00Z,temperature_c,54.31,°C,2026-S1
EQ-CHILL-188,2026-06-08T00:00:00Z,pressure_bar,6.18,bar,2026-S1
EQ-CHILL-188,2026-06-08T00:00:00Z,temperature_c,68.96,°C,2026-S1
EQ-COMP-002,2026-06-08T00:00:00Z,temperature_c,288.26,°C,2026-S1
EQ-COMP-233,2026-06-08T00:00:00Z,pressure_bar,5.97,bar,2026-S1
EQ-CONV-262,2026-06-08T00:00:00Z,current_a,29.80,A,2026-S1
EQ-FAN-284,2026-06-08T00:00:00Z,rpm,1588.18,rpm,2026-S1
EQ-OVEN-123,2026-06-08T00:00:00Z,current_a,24.14,A,2026-S2
EQ-OVEN-366,2026-06-08T00:00:00Z,temperature_c,47.83,°C,2026-S1
EQ-PUMP-001,2026-06-08T00:00:00Z,temperature_c,61.36,°C,2026-S1
EQ-CHILL-188,2026-06-08T06:00:00Z,pressure_bar,6.16,bar,2026-S1
EQ-CHILL-188,2026-06-08T06:00:00Z,temperature_c,63.43,°C,2026-S1
EQ-COMP-002,2026-06-08T06:00:00Z,temperature_c,213.38,°C,2026-S1
EQ-COMP-233,2026-06-08T06:00:00Z,pressure_bar,6.58,bar,2026-S1
EQ-FAN-284,2026-06-08T06:00:00Z,rpm,1682.43,rpm,2026-S1
EQ-OVEN-123,2026-06-08T06:00:00Z,current_a,26.65,A,2026-S2
EQ-OVEN-366,2026-06-08T06:00:00Z,temperature_c,47.49,°C,2026-S1
EQ-PUMP-001,2026-06-08T06:00:00Z,temperature_c,61.51,°C,2026-S1
EQ-CAB-134,2026-06-08T12:00:00Z,temperature_c,55.99,°C,2026-S1
EQ-CHILL-188,2026-06-08T12:00:00Z,pressure_bar,6.31,bar,2026-S1
EQ-COMP-233,2026-06-08T12:00:00Z,pressure_bar,6.38,bar,2026-S1
EQ-OVEN-366,2026-06-08T12:00:00Z,current_a,22.51,A,2026-S1
EQ-OVEN-366,2026-06-08T12:00:00Z,temperature_c,54.87,°C,2026-S1
EQ-ROBOT-358,2026-06-08T12:00:00Z,vibration_mm_s,2.53,mm/s,2026-S1
EQ-CAB-134,2026-06-08T18:00:00Z,temperature_c,62.39,°C,2026-S1
EQ-CHILL-188,2026-06-08T18:00:00Z,pressure_bar,5.86,bar,2026-S1
EQ-COMP-233,2026-06-08T18:00:00Z,pressure_bar,5.83,bar,2026-S1
EQ-OVEN-366,2026-06-08T18:00:00Z,current_a,22.28,A,2026-S1
EQ-OVEN-366,2026-06-08T18:00:00Z,temperature_c,52.12,°C,2026-S1
EQ-ROBOT-358,2026-06-08T18:00:00Z,vibration_mm_s,2.64,mm/s,2026-S1
EQ-CAB-134,2026-06-09T00:00:00Z,temperature_c,55.58,°C,2026-S1
EQ-CHILL-188,2026-06-09T00:00:00Z,pressure_bar,6.31,bar,2026-S1
EQ-COMP-233,2026-06-09T00:00:00Z,pressure_bar,6.00,bar,2026-S1
EQ-OVEN-366,2026-06-09T00:00:00Z,current_a,23.50,A,2026-S1
EQ-OVEN-366,2026-06-09T00:00:00Z,temperature_c,55.46,°C,2026-S1
EQ-ROBOT-358,2026-06-09T00:00:00Z,vibration_mm_s,2.70,mm/s,2026-S1
EQ-CAB-134,2026-06-09T06:00:00Z,temperature_c,51.86,°C,2026-S1
EQ-CHILL-188,2026-06-09T06:00:00Z,pressure_bar,6.53,bar,2026-S1
EQ-COMP-233,2026-06-09T06:00:00Z,pressure_bar,6.50,bar,2026-S1
EQ-OVEN-366,2026-06-09T06:00:00Z,current_a,23.65,A,2026-S1
EQ-OVEN-366,2026-06-09T06:00:00Z,temperature_c,50.90,°C,2026-S1
EQ-ROBOT-358,2026-06-09T06:00:00Z,vibration_mm_s,3.66,mm/s,2026-S1
EQ-CAB-134,2026-06-09T12:00:00Z,temperature_c,57.54,°C,2026-S1
EQ-CHILL-188,2026-06-09T12:00:00Z,pressure_bar,6.08,bar,2026-S1
EQ-COMP-233,2026-06-09T12:00:00Z,pressure_bar,6.86,bar,2026-S1
EQ-OVEN-366,2026-06-09T12:00:00Z,current_a,25.35,A,2026-S1
EQ-OVEN-366,2026-06-09T12:00:00Z,temperature_c,44.29,°C,2026-S1
EQ-ROBOT-358,2026-06-09T12:00:00Z,vibration_mm_s,2.75,mm/s,2026-S1
EQ-CAB-134,2026-06-09T18:00:00Z,temperature_c,58.76,°C,2026-S1
EQ-CHILL-188,2026-06-09T18:00:00Z,pressure_bar,6.25,bar,2026-S1
EQ-COMP-233,2026-06-09T18:00:00Z,pressure_bar,6.50,bar,2026-S1
EQ-OVEN-366,2026-06-09T18:00:00Z,current_a,27.45,A,2026-S1
EQ-OVEN-366,2026-06-09T18:00:00Z,temperature_c,52.81,°C,2026-S1
EQ-ROBOT-358,2026-06-09T18:00:00Z,vibration_mm_s,2.48,mm/s,2026-S1
EQ-CAB-134,2026-06-10T00:00:00Z,temperature_c,54.40,°C,2026-S1
EQ-CHILL-188,2026-06-10T00:00:00Z,pressure_bar,6.21,bar,2026-S1
EQ-COMP-233,2026-06-10T00:00:00Z,pressure_bar,6.11,bar,2026-S1
EQ-OVEN-366,2026-06-10T00:00:00Z,current_a,21.35,A,2026-S1
EQ-OVEN-366,2026-06-10T00:00:00Z,temperature_c,45.99,°C,2026-S1
EQ-ROBOT-358,2026-06-10T00:00:00Z,vibration_mm_s,2.95,mm/s,2026-S1
EQ-CAB-134,2026-06-10T06:00:00Z,temperature_c,51.31,°C,2026-S1
EQ-CHILL-188,2026-06-10T06:00:00Z,pressure_bar,6.50,bar,2026-S1
EQ-COMP-233,2026-06-10T06:00:00Z,pressure_bar,7.08,bar,2026-S1
EQ-OVEN-366,2026-06-10T06:00:00Z,current_a,25.97,A,2026-S1
EQ-OVEN-366,2026-06-10T06:00:00Z,temperature_c,48.96,°C,2026-S1
EQ-ROBOT-358,2026-06-10T06:00:00Z,vibration_mm_s,3.32,mm/s,2026-S1
EQ-CAB-134,2026-06-10T12:00:00Z,temperature_c,59.44,°C,2026-S1
EQ-CHILL-188,2026-06-10T12:00:00Z,pressure_bar,6.16,bar,2026-S1
EQ-COMP-233,2026-06-10T12:00:00Z,pressure_bar,6.89,bar,2026-S1
EQ-OVEN-366,2026-06-10T12:00:00Z,current_a,22.98,A,2026-S1
EQ-OVEN-366,2026-06-10T12:00:00Z,temperature_c,54.58,°C,2026-S1
EQ-ROBOT-358,2026-06-10T12:00:00Z,vibration_mm_s,2.47,mm/s,2026-S1
EQ-CAB-134,2026-06-10T18:00:00Z,temperature_c,59.84,°C,2026-S1
EQ-CHILL-188,2026-06-10T18:00:00Z,pressure_bar,6.28,bar,2026-S1
EQ-COMP-233,2026-06-10T18:00:00Z,pressure_bar,6.39,bar,2026-S1
EQ-OVEN-366,2026-06-10T18:00:00Z,current_a,22.37,A,2026-S1
EQ-OVEN-366,2026-06-10T18:00:00Z,temperature_c,49.11,°C,2026-S1
EQ-ROBOT-358,2026-06-10T18:00:00Z,vibration_mm_s,2.63,mm/s,2026-S1
EQ-CAB-134,2026-06-11T00:00:00Z,temperature_c,56.45,°C,2026-S1
EQ-CHILL-188,2026-06-11T00:00:00Z,pressure_bar,6.64,bar,2026-S1
EQ-COMP-233,2026-06-11T00:00:00Z,pressure_bar,6.22,bar,2026-S1
EQ-OVEN-366,2026-06-11T00:00:00Z,current_a,25.12,A,2026-S1
EQ-OVEN-366,2026-06-11T00:00:00Z,temperature_c,49.68,°C,2026-S1
EQ-ROBOT-358,2026-06-11T00:00:00Z,vibration_mm_s,3.22,mm/s,2026-S1
EQ-CAB-134,2026-06-11T06:00:00Z,temperature_c,53.84,°C,2026-S1
EQ-CHILL-188,2026-06-11T06:00:00Z,pressure_bar,6.57,bar,2026-S1
EQ-COMP-233,2026-06-11T06:00:00Z,pressure_bar,6.90,bar,2026-S1
EQ-OVEN-366,2026-06-11T06:00:00Z,current_a,24.69,A,2026-S1
EQ-OVEN-366,2026-06-11T06:00:00Z,temperature_c,52.83,°C,2026-S1
EQ-ROBOT-358,2026-06-11T06:00:00Z,vibration_mm_s,2.56,mm/s,2026-S1
EQ-CAB-134,2026-06-11T12:00:00Z,temperature_c,62.14,°C,2026-S1
EQ-CHILL-188,2026-06-11T12:00:00Z,pressure_bar,5.92,bar,2026-S1
EQ-COMP-233,2026-06-11T12:00:00Z,pressure_bar,6.96,bar,2026-S1
EQ-OVEN-366,2026-06-11T12:00:00Z,current_a,24.39,A,2026-S1
EQ-OVEN-366,2026-06-11T12:00:00Z,temperature_c,57.93,°C,2026-S1
EQ-ROBOT-358,2026-06-11T12:00:00Z,vibration_mm_s,2.68,mm/s,2026-S1
EQ-CAB-134,2026-06-11T18:00:00Z,temperature_c,61.54,°C,2026-S1
EQ-CHILL-188,2026-06-11T18:00:00Z,pressure_bar,6.32,bar,2026-S1
EQ-COMP-233,2026-06-11T18:00:00Z,pressure_bar,6.50,bar,2026-S1
EQ-OVEN-366,2026-06-11T18:00:00Z,current_a,24.61,A,2026-S1
EQ-OVEN-366,2026-06-11T18:00:00Z,temperature_c,53.86,°C,2026-S1
EQ-ROBOT-358,2026-06-11T18:00:00Z,vibration_mm_s,2.20,mm/s,2026-S1
EQ-CAB-134,2026-06-12T00:00:00Z,temperature_c,59.55,°C,2026-S1
EQ-CHILL-188,2026-06-12T00:00:00Z,pressure_bar,6.36,bar,2026-S1
EQ-COMP-233,2026-06-12T00:00:00Z,pressure_bar,6.31,bar,2026-S1
EQ-OVEN-366,2026-06-12T00:00:00Z,current_a,26.86,A,2026-S1
EQ-OVEN-366,2026-06-12T00:00:00Z,temperature_c,46.91,°C,2026-S1
EQ-ROBOT-358,2026-06-12T00:00:00Z,vibration_mm_s,3.21,mm/s,2026-S1
EQ-CAB-134,2026-06-12T06:00:00Z,temperature_c,56.43,°C,2026-S1
EQ-CHILL-188,2026-06-12T06:00:00Z,pressure_bar,6.33,bar,2026-S1
EQ-COMP-233,2026-06-12T06:00:00Z,pressure_bar,6.81,bar,2026-S1
EQ-OVEN-366,2026-06-12T06:00:00Z,current_a,30.04,A,2026-S1
EQ-OVEN-366,2026-06-12T06:00:00Z,temperature_c,46.14,°C,2026-S1
EQ-ROBOT-358,2026-06-12T06:00:00Z,vibration_mm_s,2.98,mm/s,2026-S1
EQ-CAB-134,2026-06-12T12:00:00Z,temperature_c,59.25,°C,2026-S1
EQ-CHILL-188,2026-06-12T12:00:00Z,pressure_bar,5.78,bar,2026-S1
EQ-COMP-233,2026-06-12T12:00:00Z,pressure_bar,6.74,bar,2026-S1
EQ-OVEN-366,2026-06-12T12:00:00Z,current_a,24.46,A,2026-S1
EQ-OVEN-366,2026-06-12T12:00:00Z,temperature_c,55.24,°C,2026-S1
EQ-ROBOT-358,2026-06-12T12:00:00Z,vibration_mm_s,2.80,mm/s,2026-S1
EQ-CAB-134,2026-06-12T18:00:00Z,temperature_c,61.46,°C,2026-S1
EQ-CHILL-188,2026-06-12T18:00:00Z,pressure_bar,6.29,bar,2026-S1
EQ-COMP-233,2026-06-12T18:00:00Z,pressure_bar,6.51,bar,2026-S1
EQ-OVEN-366,2026-06-12T18:00:00Z,current_a,23.28,A,2026-S1
EQ-OVEN-366,2026-06-12T18:00:00Z,temperature_c,51.29,°C,2026-S1
EQ-ROBOT-358,2026-06-12T18:00:00Z,vibration_mm_s,2.71,mm/s,2026-S1
EQ-CAB-134,2026-06-13T00:00:00Z,temperature_c,52.70,°C,2026-S1
EQ-CHILL-188,2026-06-13T00:00:00Z,pressure_bar,6.45,bar,2026-S1
EQ-COMP-233,2026-06-13T00:00:00Z,pressure_bar,6.54,bar,2026-S1
EQ-OVEN-366,2026-06-13T00:00:00Z,current_a,26.16,A,2026-S1
EQ-OVEN-366,2026-06-13T00:00:00Z,temperature_c,47.72,°C,2026-S1
EQ-ROBOT-358,2026-06-13T00:00:00Z,vibration_mm_s,2.83,mm/s,2026-S1
EQ-CAB-134,2026-06-13T06:00:00Z,temperature_c,51.48,°C,2026-S1
EQ-CHILL-188,2026-06-13T06:00:00Z,pressure_bar,6.40,bar,2026-S1
EQ-COMP-233,2026-06-13T06:00:00Z,pressure_bar,6.36,bar,2026-S1
EQ-OVEN-366,2026-06-13T06:00:00Z,current_a,24.49,A,2026-S1
EQ-OVEN-366,2026-06-13T06:00:00Z,temperature_c,52.61,°C,2026-S1
EQ-ROBOT-358,2026-06-13T06:00:00Z,vibration_mm_s,3.47,mm/s,2026-S1
EQ-CAB-134,2026-06-13T12:00:00Z,temperature_c,58.09,°C,2026-S1
EQ-CHILL-188,2026-06-13T12:00:00Z,pressure_bar,5.71,bar,2026-S1
EQ-COMP-233,2026-06-13T12:00:00Z,pressure_bar,6.67,bar,2026-S1
EQ-OVEN-366,2026-06-13T12:00:00Z,current_a,24.20,A,2026-S1
EQ-OVEN-366,2026-06-13T12:00:00Z,temperature_c,58.69,°C,2026-S1
EQ-ROBOT-358,2026-06-13T12:00:00Z,vibration_mm_s,2.35,mm/s,2026-S1
EQ-CAB-134,2026-06-13T18:00:00Z,temperature_c,55.66,°C,2026-S1
EQ-CHILL-188,2026-06-13T18:00:00Z,pressure_bar,6.39,bar,2026-S1
EQ-COMP-233,2026-06-13T18:00:00Z,pressure_bar,6.36,bar,2026-S1
EQ-OVEN-366,2026-06-13T18:00:00Z,current_a,21.31,A,2026-S1
EQ-OVEN-366,2026-06-13T18:00:00Z,temperature_c,47.69,°C,2026-S1
EQ-ROBOT-358,2026-06-13T18:00:00Z,vibration_mm_s,2.45,mm/s,2026-S1
EQ-CAB-134,2026-06-14T00:00:00Z,temperature_c,49.77,°C,2026-S1
EQ-CHILL-188,2026-06-14T00:00:00Z,pressure_bar,6.65,bar,2026-S1
EQ-COMP-233,2026-06-14T00:00:00Z,pressure_bar,6.40,bar,2026-S1
EQ-OVEN-366,2026-06-14T00:00:00Z,current_a,23.08,A,2026-S1
EQ-OVEN-366,2026-06-14T00:00:00Z,temperature_c,52.81,°C,2026-S1
EQ-ROBOT-358,2026-06-14T00:00:00Z,vibration_mm_s,2.69,mm/s,2026-S1
EQ-CAB-134,2026-06-14T06:00:00Z,temperature_c,51.51,°C,2026-S1
EQ-CHILL-188,2026-06-14T06:00:00Z,pressure_bar,6.50,bar,2026-S1
EQ-COMP-233,2026-06-14T06:00:00Z,pressure_bar,6.79,bar,2026-S1
EQ-OVEN-366,2026-06-14T06:00:00Z,current_a,26.48,A,2026-S1
EQ-OVEN-366,2026-06-14T06:00:00Z,temperature_c,56.18,°C,2026-S1
EQ-ROBOT-358,2026-06-14T06:00:00Z,vibration_mm_s,3.37,mm/s,2026-S1
EQ-CAB-134,2026-06-14T12:00:00Z,temperature_c,54.40,°C,2026-S1
EQ-CHILL-188,2026-06-14T12:00:00Z,pressure_bar,6.22,bar,2026-S1
EQ-COMP-233,2026-06-14T12:00:00Z,pressure_bar,6.89,bar,2026-S1
EQ-OVEN-366,2026-06-14T12:00:00Z,current_a,26.11,A,2026-S1
EQ-OVEN-366,2026-06-14T12:00:00Z,temperature_c,51.88,°C,2026-S1
EQ-ROBOT-358,2026-06-14T12:00:00Z,vibration_mm_s,2.34,mm/s,2026-S1
EQ-CAB-134,2026-06-14T18:00:00Z,temperature_c,57.35,°C,2026-S1
EQ-CHILL-188,2026-06-14T18:00:00Z,pressure_bar,6.25,bar,2026-S1
EQ-COMP-233,2026-06-14T18:00:00Z,pressure_bar,6.69,bar,2026-S1
EQ-OVEN-366,2026-06-14T18:00:00Z,current_a,21.12,A,2026-S1
EQ-OVEN-366,2026-06-14T18:00:00Z,temperature_c,55.50,°C,2026-S1
EQ-ROBOT-358,2026-06-14T18:00:00Z,vibration_mm_s,2.55,mm/s,2026-S1
EQ-CAB-134,2026-06-15T00:00:00Z,temperature_c,52.09,°C,2026-S1
EQ-CHILL-188,2026-06-15T00:00:00Z,pressure_bar,6.63,bar,2026-S1
EQ-COMP-233,2026-06-15T00:00:00Z,pressure_bar,6.48,bar,2026-S1
EQ-OVEN-366,2026-06-15T00:00:00Z,current_a,23.94,A,2026-S1
EQ-OVEN-366,2026-06-15T00:00:00Z,temperature_c,50.94,°C,2026-S1
EQ-ROBOT-358,2026-06-15T00:00:00Z,vibration_mm_s,2.80,mm/s,2026-S1
EQ-CAB-134,2026-06-15T06:00:00Z,temperature_c,50.38,°C,2026-S1
EQ-CHILL-188,2026-06-15T06:00:00Z,pressure_bar,6.62,bar,2026-S1
EQ-COMP-233,2026-06-15T06:00:00Z,pressure_bar,6.65,bar,2026-S1
EQ-OVEN-366,2026-06-15T06:00:00Z,current_a,25.41,A,2026-S1
EQ-OVEN-366,2026-06-15T06:00:00Z,temperature_c,54.08,°C,2026-S1
EQ-ROBOT-358,2026-06-15T06:00:00Z,vibration_mm_s,3.23,mm/s,2026-S1
EQ-CAB-134,2026-06-15T12:00:00Z,temperature_c,59.57,°C,2026-S1
EQ-CHILL-188,2026-06-15T12:00:00Z,pressure_bar,6.02,bar,2026-S1
EQ-COMP-233,2026-06-15T12:00:00Z,pressure_bar,6.90,bar,2026-S1
EQ-OVEN-366,2026-06-15T12:00:00Z,current_a,27.35,A,2026-S1
EQ-OVEN-366,2026-06-15T12:00:00Z,temperature_c,47.82,°C,2026-S1
EQ-ROBOT-358,2026-06-15T12:00:00Z,vibration_mm_s,2.65,mm/s,2026-S1
EQ-CAB-134,2026-06-15T18:00:00Z,temperature_c,57.03,°C,2026-S1
EQ-CHILL-168,2026-06-15T18:00:00Z,pressure_bar,7.16,bar,2026-S1
EQ-CHILL-188,2026-06-15T18:00:00Z,pressure_bar,6.67,bar,2026-S1
EQ-OVEN-366,2026-06-15T18:00:00Z,current_a,25.12,A,2026-S1
EQ-ROBOT-358,2026-06-15T18:00:00Z,vibration_mm_s,2.71,mm/s,2026-S1
EQ-CHILL-168,2026-06-16T00:00:00Z,pressure_bar,7.34,bar,2026-S1
EQ-CHILL-248,2026-06-16T00:00:00Z,pressure_bar,7.00,bar,2026-S1
EQ-COMP-002,2026-06-16T00:00:00Z,temperature_c,62.58,°C,2026-S1
EQ-OVEN-123,2026-06-16T00:00:00Z,temperature_c,57.32,°C,2026-S1
EQ-OVEN-386,2026-06-16T00:00:00Z,temperature_c,57.21,°C,2026-S1
EQ-PUMP-350,2026-06-16T00:00:00Z,temperature_c,60.24,°C,2026-S1
EQ-CHILL-168,2026-06-16T06:00:00Z,pressure_bar,7.01,bar,2026-S1
EQ-CHILL-248,2026-06-16T06:00:00Z,pressure_bar,7.31,bar,2026-S1
EQ-COMP-002,2026-06-16T06:00:00Z,temperature_c,62.21,°C,2026-S1
EQ-OVEN-123,2026-06-16T06:00:00Z,temperature_c,55.30,°C,2026-S1
EQ-OVEN-386,2026-06-16T06:00:00Z,temperature_c,61.34,°C,2026-S1
EQ-PUMP-350,2026-06-16T06:00:00Z,temperature_c,66.25,°C,2026-S1
EQ-CHILL-168,2026-06-16T12:00:00Z,pressure_bar,6.95,bar,2026-S1
EQ-CHILL-248,2026-06-16T12:00:00Z,pressure_bar,6.63,bar,2026-S1
EQ-COMP-002,2026-06-16T12:00:00Z,temperature_c,54.36,°C,2026-S1
EQ-OVEN-123,2026-06-16T12:00:00Z,temperature_c,57.12,°C,2026-S1
EQ-OVEN-386,2026-06-16T12:00:00Z,temperature_c,69.27,°C,2026-S1
EQ-PUMP-350,2026-06-16T12:00:00Z,temperature_c,62.96,°C,2026-S1
EQ-CHILL-168,2026-06-16T18:00:00Z,pressure_bar,7.38,bar,2026-S1
EQ-CHILL-248,2026-06-16T18:00:00Z,pressure_bar,7.00,bar,2026-S1
EQ-COMP-002,2026-06-16T18:00:00Z,temperature_c,56.89,°C,2026-S1
EQ-OVEN-123,2026-06-16T18:00:00Z,temperature_c,64.13,°C,2026-S1
EQ-OVEN-386,2026-06-16T18:00:00Z,temperature_c,62.63,°C,2026-S1
EQ-PUMP-350,2026-06-16T18:00:00Z,temperature_c,56.11,°C,2026-S1
EQ-CHILL-168,2026-06-17T00:00:00Z,pressure_bar,7.61,bar,2026-S1
EQ-CHILL-248,2026-06-17T00:00:00Z,pressure_bar,7.08,bar,2026-S1
EQ-COMP-002,2026-06-17T00:00:00Z,temperature_c,64.97,°C,2026-S1
EQ-OVEN-123,2026-06-17T00:00:00Z,temperature_c,57.57,°C,2026-S1
EQ-OVEN-386,2026-06-17T00:00:00Z,temperature_c,56.25,°C,2026-S1
EQ-PUMP-350,2026-06-17T00:00:00Z,temperature_c,59.44,°C,2026-S1
EQ-CHILL-168,2026-06-17T06:00:00Z,pressure_bar,7.22,bar,2026-S1
EQ-CHILL-248,2026-06-17T06:00:00Z,pressure_bar,7.18,bar,2026-S1
EQ-COMP-002,2026-06-17T06:00:00Z,temperature_c,61.52,°C,2026-S1
EQ-OVEN-123,2026-06-17T06:00:00Z,temperature_c,54.55,°C,2026-S1
EQ-OVEN-386,2026-06-17T06:00:00Z,temperature_c,64.56,°C,2026-S1
EQ-PUMP-350,2026-06-17T06:00:00Z,temperature_c,63.89,°C,2026-S1
EQ-CHILL-168,2026-06-17T12:00:00Z,pressure_bar,6.94,bar,2026-S1
EQ-CHILL-248,2026-06-17T12:00:00Z,pressure_bar,6.75,bar,2026-S1
EQ-COMP-002,2026-06-17T12:00:00Z,temperature_c,56.87,°C,2026-S1
EQ-OVEN-123,2026-06-17T12:00:00Z,temperature_c,58.78,°C,2026-S1
EQ-OVEN-386,2026-06-17T12:00:00Z,temperature_c,66.23,°C,2026-S1
EQ-PUMP-350,2026-06-17T12:00:00Z,temperature_c,60.69,°C,2026-S1
EQ-CHILL-168,2026-06-17T18:00:00Z,pressure_bar,7.60,bar,2026-S1
EQ-CHILL-248,2026-06-17T18:00:00Z,pressure_bar,6.88,bar,2026-S1
EQ-COMP-002,2026-06-17T18:00:00Z,temperature_c,57.45,°C,2026-S1
EQ-OVEN-123,2026-06-17T18:00:00Z,temperature_c,60.99,°C,2026-S1
EQ-OVEN-386,2026-06-17T18:00:00Z,temperature_c,63.60,°C,2026-S1
EQ-PUMP-350,2026-06-17T18:00:00Z,temperature_c,58.79,°C,2026-S1
EQ-CHILL-168,2026-06-18T00:00:00Z,pressure_bar,7.48,bar,2026-S1
EQ-CHILL-248,2026-06-18T00:00:00Z,pressure_bar,7.14,bar,2026-S1
EQ-COMP-002,2026-06-18T00:00:00Z,temperature_c,62.72,°C,2026-S1
EQ-OVEN-123,2026-06-18T00:00:00Z,temperature_c,56.48,°C,2026-S1
EQ-OVEN-386,2026-06-18T00:00:00Z,temperature_c,58.90,°C,2026-S1
EQ-PUMP-350,2026-06-18T00:00:00Z,temperature_c,60.70,°C,2026-S1
EQ-CHILL-168,2026-06-18T06:00:00Z,pressure_bar,7.02,bar,2026-S1
EQ-CHILL-248,2026-06-18T06:00:00Z,pressure_bar,7.45,bar,2026-S1
EQ-COMP-002,2026-06-18T06:00:00Z,temperature_c,62.79,°C,2026-S1
EQ-OVEN-123,2026-06-18T06:00:00Z,temperature_c,55.81,°C,2026-S1
EQ-OVEN-386,2026-06-18T06:00:00Z,temperature_c,63.71,°C,2026-S1
EQ-PUMP-350,2026-06-18T06:00:00Z,temperature_c,65.21,°C,2026-S1
EQ-CHILL-168,2026-06-18T12:00:00Z,pressure_bar,6.98,bar,2026-S1
EQ-CHILL-248,2026-06-18T12:00:00Z,pressure_bar,7.00,bar,2026-S1
EQ-COMP-002,2026-06-18T12:00:00Z,temperature_c,55.93,°C,2026-S1
EQ-OVEN-123,2026-06-18T12:00:00Z,temperature_c,57.43,°C,2026-S1
EQ-OVEN-386,2026-06-18T12:00:00Z,temperature_c,64.85,°C,2026-S1
EQ-PUMP-350,2026-06-18T12:00:00Z,temperature_c,62.84,°C,2026-S1
EQ-CHILL-168,2026-06-18T18:00:00Z,pressure_bar,7.65,bar,2026-S1
EQ-CHILL-248,2026-06-18T18:00:00Z,pressure_bar,6.55,bar,2026-S1
EQ-COMP-002,2026-06-18T18:00:00Z,temperature_c,56.83,°C,2026-S1
EQ-OVEN-123,2026-06-18T18:00:00Z,temperature_c,64.22,°C,2026-S1
EQ-OVEN-386,2026-06-18T18:00:00Z,temperature_c,63.42,°C,2026-S1
EQ-PUMP-350,2026-06-18T18:00:00Z,temperature_c,56.98,°C,2026-S1
EQ-CHILL-168,2026-06-19T00:00:00Z,pressure_bar,7.09,bar,2026-S1
EQ-CHILL-248,2026-06-19T00:00:00Z,pressure_bar,6.88,bar,2026-S1
EQ-COMP-002,2026-06-19T00:00:00Z,temperature_c,64.27,°C,2026-S1
EQ-OVEN-123,2026-06-19T00:00:00Z,temperature_c,58.34,°C,2026-S1
EQ-OVEN-386,2026-06-19T00:00:00Z,temperature_c,56.32,°C,2026-S1
EQ-PUMP-350,2026-06-19T00:00:00Z,temperature_c,58.67,°C,2026-S1
EQ-CHILL-168,2026-06-19T06:00:00Z,pressure_bar,6.93,bar,2026-S1
EQ-CHILL-248,2026-06-19T06:00:00Z,pressure_bar,7.30,bar,2026-S1
EQ-COMP-002,2026-06-19T06:00:00Z,temperature_c,61.54,°C,2026-S1
EQ-OVEN-123,2026-06-19T06:00:00Z,temperature_c,54.81,°C,2026-S1
EQ-OVEN-386,2026-06-19T06:00:00Z,temperature_c,63.96,°C,2026-S1
EQ-PUMP-350,2026-06-19T06:00:00Z,temperature_c,66.20,°C,2026-S1
EQ-CHILL-168,2026-06-19T12:00:00Z,pressure_bar,6.99,bar,2026-S1
EQ-CHILL-248,2026-06-19T12:00:00Z,pressure_bar,6.99,bar,2026-S1
EQ-COMP-002,2026-06-19T12:00:00Z,temperature_c,58.63,°C,2026-S1
EQ-OVEN-123,2026-06-19T12:00:00Z,temperature_c,58.97,°C,2026-S1
EQ-OVEN-386,2026-06-19T12:00:00Z,temperature_c,68.92,°C,2026-S1
EQ-PUMP-350,2026-06-19T12:00:00Z,temperature_c,63.21,°C,2026-S1
EQ-CHILL-168,2026-06-19T18:00:00Z,pressure_bar,7.90,bar,2026-S1
EQ-CHILL-248,2026-06-19T18:00:00Z,pressure_bar,6.96,bar,2026-S1
EQ-COMP-002,2026-06-19T18:00:00Z,temperature_c,56.83,°C,2026-S1
EQ-OVEN-123,2026-06-19T18:00:00Z,temperature_c,61.92,°C,2026-S1
EQ-OVEN-386,2026-06-19T18:00:00Z,temperature_c,63.29,°C,2026-S1
EQ-PUMP-350,2026-06-19T18:00:00Z,temperature_c,56.04,°C,2026-S1
EQ-CHILL-168,2026-06-20T00:00:00Z,pressure_bar,6.97,bar,2026-S1
EQ-CHILL-248,2026-06-20T00:00:00Z,pressure_bar,7.14,bar,2026-S1
EQ-COMP-002,2026-06-20T00:00:00Z,temperature_c,61.27,°C,2026-S1
EQ-OVEN-123,2026-06-20T00:00:00Z,temperature_c,53.64,°C,2026-S1
EQ-OVEN-386,2026-06-20T00:00:00Z,temperature_c,59.95,°C,2026-S1
EQ-PUMP-350,2026-06-20T00:00:00Z,temperature_c,58.30,°C,2026-S1
EQ-CHILL-168,2026-06-20T06:00:00Z,pressure_bar,6.92,bar,2026-S1
EQ-CHILL-248,2026-06-20T06:00:00Z,pressure_bar,7.03,bar,2026-S1
EQ-COMP-002,2026-06-20T06:00:00Z,temperature_c,58.98,°C,2026-S1
EQ-OVEN-123,2026-06-20T06:00:00Z,temperature_c,51.05,°C,2026-S1
EQ-OVEN-386,2026-06-20T06:00:00Z,temperature_c,62.61,°C,2026-S1
EQ-PUMP-350,2026-06-20T06:00:00Z,temperature_c,64.98,°C,2026-S1
EQ-CHILL-168,2026-06-20T12:00:00Z,pressure_bar,6.82,bar,2026-S1
EQ-CHILL-248,2026-06-20T12:00:00Z,pressure_bar,6.77,bar,2026-S1
EQ-COMP-002,2026-06-20T12:00:00Z,temperature_c,52.59,°C,2026-S1
EQ-OVEN-123,2026-06-20T12:00:00Z,temperature_c,59.12,°C,2026-S1
EQ-OVEN-386,2026-06-20T12:00:00Z,temperature_c,66.94,°C,2026-S1
EQ-PUMP-350,2026-06-20T12:00:00Z,temperature_c,58.12,°C,2026-S1
EQ-CHILL-168,2026-06-20T18:00:00Z,pressure_bar,7.61,bar,2026-S1
EQ-CHILL-248,2026-06-20T18:00:00Z,pressure_bar,6.34,bar,2026-S1
EQ-COMP-002,2026-06-20T18:00:00Z,temperature_c,52.56,°C,2026-S1
EQ-OVEN-123,2026-06-20T18:00:00Z,temperature_c,59.61,°C,2026-S1
EQ-OVEN-386,2026-06-20T18:00:00Z,temperature_c,62.91,°C,2026-S1
EQ-PUMP-350,2026-06-20T18:00:00Z,temperature_c,54.59,°C,2026-S1
EQ-CHILL-168,2026-06-21T00:00:00Z,pressure_bar,7.35,bar,2026-S1
EQ-CHILL-248,2026-06-21T00:00:00Z,pressure_bar,7.00,bar,2026-S1
EQ-COMP-002,2026-06-21T00:00:00Z,temperature_c,60.49,°C,2026-S1
EQ-OVEN-123,2026-06-21T00:00:00Z,temperature_c,52.07,°C,2026-S1
EQ-OVEN-386,2026-06-21T00:00:00Z,temperature_c,55.42,°C,2026-S1
EQ-PUMP-350,2026-06-21T00:00:00Z,temperature_c,61.23,°C,2026-S1
EQ-CHILL-168,2026-06-21T06:00:00Z,pressure_bar,6.64,bar,2026-S1
EQ-CHILL-248,2026-06-21T06:00:00Z,pressure_bar,6.99,bar,2026-S1
EQ-COMP-002,2026-06-21T06:00:00Z,temperature_c,63.58,°C,2026-S1
EQ-OVEN-123,2026-06-21T06:00:00Z,temperature_c,52.59,°C,2026-S1
EQ-OVEN-386,2026-06-21T06:00:00Z,temperature_c,61.08,°C,2026-S1
EQ-PUMP-350,2026-06-21T06:00:00Z,temperature_c,62.38,°C,2026-S1
EQ-CHILL-168,2026-06-21T12:00:00Z,pressure_bar,7.04,bar,2026-S1
EQ-CHILL-248,2026-06-21T12:00:00Z,pressure_bar,6.80,bar,2026-S1
EQ-COMP-002,2026-06-21T12:00:00Z,temperature_c,55.25,°C,2026-S1
EQ-OVEN-123,2026-06-21T12:00:00Z,temperature_c,58.45,°C,2026-S1
EQ-OVEN-386,2026-06-21T12:00:00Z,temperature_c,63.49,°C,2026-S1
EQ-PUMP-350,2026-06-21T12:00:00Z,temperature_c,62.07,°C,2026-S1
EQ-CHILL-168,2026-06-21T18:00:00Z,pressure_bar,7.29,bar,2026-S1
EQ-CHILL-248,2026-06-21T18:00:00Z,pressure_bar,6.45,bar,2026-S1
EQ-COMP-002,2026-06-21T18:00:00Z,temperature_c,53.11,°C,2026-S1
EQ-OVEN-123,2026-06-21T18:00:00Z,temperature_c,60.50,°C,2026-S1
EQ-OVEN-386,2026-06-21T18:00:00Z,temperature_c,60.69,°C,2026-S1
EQ-PUMP-350,2026-06-21T18:00:00Z,temperature_c,53.81,°C,2026-S1
EQ-CHILL-168,2026-06-22T00:00:00Z,pressure_bar,7.43,bar,2026-S1
EQ-CHILL-248,2026-06-22T00:00:00Z,pressure_bar,6.81,bar,2026-S1
EQ-COMP-002,2026-06-22T00:00:00Z,temperature_c,62.55,°C,2026-S1
EQ-OVEN-123,2026-06-22T00:00:00Z,temperature_c,55.55,°C,2026-S1
EQ-OVEN-386,2026-06-22T00:00:00Z,temperature_c,58.53,°C,2026-S1
EQ-PUMP-350,2026-06-22T00:00:00Z,temperature_c,59.67,°C,2026-S1
EQ-CHILL-168,2026-06-22T06:00:00Z,pressure_bar,7.09,bar,2026-S1
EQ-CHILL-248,2026-06-22T06:00:00Z,pressure_bar,7.37,bar,2026-S1
EQ-COMP-002,2026-06-22T06:00:00Z,temperature_c,61.52,°C,2026-S1
EQ-OVEN-123,2026-06-22T06:00:00Z,temperature_c,53.63,°C,2026-S1
EQ-OVEN-386,2026-06-22T06:00:00Z,temperature_c,59.63,°C,2026-S1
EQ-PUMP-350,2026-06-22T06:00:00Z,temperature_c,67.04,°C,2026-S1
EQ-CHILL-168,2026-06-22T12:00:00Z,pressure_bar,7.31,bar,2026-S1
EQ-CHILL-248,2026-06-22T12:00:00Z,pressure_bar,7.01,bar,2026-S1
EQ-COMP-002,2026-06-22T12:00:00Z,temperature_c,54.55,°C,2026-S1
EQ-OVEN-123,2026-06-22T12:00:00Z,temperature_c,60.99,°C,2026-S1
EQ-OVEN-386,2026-06-22T12:00:00Z,temperature_c,66.47,°C,2026-S1
EQ-PUMP-350,2026-06-22T12:00:00Z,temperature_c,64.24,°C,2026-S1
EQ-CHILL-168,2026-06-22T18:00:00Z,pressure_bar,7.35,bar,2026-S1
EQ-CHILL-248,2026-06-22T18:00:00Z,pressure_bar,6.32,bar,2026-S1
EQ-COMP-002,2026-06-22T18:00:00Z,temperature_c,56.92,°C,2026-S1
EQ-OVEN-123,2026-06-22T18:00:00Z,temperature_c,62.08,°C,2026-S1
EQ-OVEN-386,2026-06-22T18:00:00Z,temperature_c,60.33,°C,2026-S1
EQ-PUMP-350,2026-06-22T18:00:00Z,temperature_c,54.83,°C,2026-S1
EQ-CHILL-168,2026-06-23T00:00:00Z,pressure_bar,7.32,bar,2026-S1
EQ-CHILL-248,2026-06-23T00:00:00Z,pressure_bar,6.90,bar,2026-S1
EQ-COMP-002,2026-06-23T00:00:00Z,temperature_c,62.33,°C,2026-S1
EQ-OVEN-123,2026-06-23T00:00:00Z,temperature_c,56.77,°C,2026-S1
EQ-OVEN-386,2026-06-23T00:00:00Z,temperature_c,59.62,°C,2026-S1
EQ-PUMP-350,2026-06-23T00:00:00Z,temperature_c,59.73,°C,2026-S1
EQ-CHILL-248,2026-06-23T06:00:00Z,pressure_bar,7.19,bar,2026-S1
EQ-COMP-002,2026-06-23T06:00:00Z,temperature_c,63.45,°C,2026-S1
EQ-MIX-379,2026-06-23T06:00:00Z,current_a,25.66,A,2026-S1
EQ-OVEN-123,2026-06-23T06:00:00Z,temperature_c,53.80,°C,2026-S1
EQ-OVEN-386,2026-06-23T06:00:00Z,temperature_c,64.77,°C,2026-S1
EQ-PUMP-350,2026-06-23T06:00:00Z,temperature_c,65.67,°C,2026-S1
EQ-CONV-376,2026-06-23T12:00:00Z,current_a,22.73,A,2026-S1
EQ-FAN-284,2026-06-23T12:00:00Z,rpm,1703.36,rpm,2026-S1
EQ-MIX-159,2026-06-23T12:00:00Z,vibration_mm_s,2.79,mm/s,2026-S1
EQ-MIX-259,2026-06-23T12:00:00Z,current_a,19.12,A,2026-S1
EQ-MIX-379,2026-06-23T12:00:00Z,current_a,23.77,A,2026-S1
EQ-OVEN-123,2026-06-23T12:00:00Z,temperature_c,61.09,°C,2026-S1
EQ-PUMP-350,2026-06-23T12:00:00Z,temperature_c,66.452465,°C,2026-S1
EQ-STEAM-352,2026-06-23T12:00:00Z,pressure_bar,6.21,bar,2026-S1
EQ-CONV-376,2026-06-23T18:00:00Z,current_a,23.42,A,2026-S1
EQ-FAN-284,2026-06-23T18:00:00Z,rpm,1604.07,rpm,2026-S1
EQ-MIX-159,2026-06-23T18:00:00Z,vibration_mm_s,2.52,mm/s,2026-S1
EQ-MIX-259,2026-06-23T18:00:00Z,current_a,23.35,A,2026-S1
EQ-MIX-379,2026-06-23T18:00:00Z,current_a,23.46,A,2026-S1
EQ-OVEN-123,2026-06-23T18:00:00Z,temperature_c,58.76,°C,2026-S1
EQ-PUMP-350,2026-06-23T18:00:00Z,temperature_c,10.534008,°C,2026-S1
EQ-STEAM-352,2026-06-23T18:00:00Z,pressure_bar,5.89,bar,2026-S1
EQ-CONV-376,2026-06-24T00:00:00Z,current_a,21.30,A,2026-S1
EQ-FAN-284,2026-06-24T00:00:00Z,rpm,1603.00,rpm,2026-S1
EQ-MIX-159,2026-06-24T00:00:00Z,vibration_mm_s,2.63,mm/s,2026-S1
EQ-MIX-259,2026-06-24T00:00:00Z,current_a,24.20,A,2026-S1
EQ-MIX-379,2026-06-24T00:00:00Z,current_a,21.88,A,2026-S1
EQ-OVEN-123,2026-06-24T00:00:00Z,temperature_c,63.92,°C,2026-S1
EQ-PUMP-350,2026-06-24T00:00:00Z,temperature_c,65.541429,°C,2026-S1
EQ-STEAM-352,2026-06-24T00:00:00Z,pressure_bar,5.55,bar,2026-S1
EQ-CONV-376,2026-06-24T06:00:00Z,current_a,19.77,A,2026-S1
EQ-FAN-284,2026-06-24T06:00:00Z,rpm,1671.81,rpm,2026-S1
EQ-MIX-159,2026-06-24T06:00:00Z,vibration_mm_s,2.97,mm/s,2026-S1
EQ-MIX-259,2026-06-24T06:00:00Z,current_a,21.18,A,2026-S1
EQ-MIX-379,2026-06-24T06:00:00Z,current_a,19.88,A,2026-S1
EQ-OVEN-123,2026-06-24T06:00:00Z,temperature_c,65.28,°C,2026-S1
EQ-PUMP-350,2026-06-24T06:00:00Z,temperature_c,6.432494,°C,2026-S1
EQ-STEAM-352,2026-06-24T06:00:00Z,pressure_bar,6.10,bar,2026-S1
EQ-CONV-376,2026-06-24T12:00:00Z,current_a,22.13,A,2026-S1
EQ-FAN-284,2026-06-24T12:00:00Z,rpm,1656.12,rpm,2026-S1
EQ-MIX-159,2026-06-24T12:00:00Z,vibration_mm_s,2.71,mm/s,2026-S1
EQ-MIX-259,2026-06-24T12:00:00Z,current_a,19.89,A,2026-S1
EQ-MIX-379,2026-06-24T12:00:00Z,current_a,24.35,A,2026-S1
EQ-OVEN-123,2026-06-24T12:00:00Z,temperature_c,62.01,°C,2026-S1
EQ-PUMP-350,2026-06-24T12:00:00Z,temperature_c,75.780768,°C,2026-S1
EQ-STEAM-352,2026-06-24T12:00:00Z,pressure_bar,6.82,bar,2026-S1
EQ-CONV-376,2026-06-24T18:00:00Z,current_a,25.10,A,2026-S1
EQ-FAN-284,2026-06-24T18:00:00Z,rpm,1635.29,rpm,2026-S1
EQ-MIX-159,2026-06-24T18:00:00Z,vibration_mm_s,2.80,mm/s,2026-S1
EQ-MIX-259,2026-06-24T18:00:00Z,current_a,23.31,A,2026-S1
EQ-MIX-379,2026-06-24T18:00:00Z,current_a,21.48,A,2026-S1
EQ-OVEN-123,2026-06-24T18:00:00Z,temperature_c,58.84,°C,2026-S1
EQ-PUMP-350,2026-06-24T18:00:00Z,temperature_c,100.624375,°C,2026-S1
EQ-STEAM-352,2026-06-24T18:00:00Z,pressure_bar,6.54,bar,2026-S1
EQ-CONV-376,2026-06-25T00:00:00Z,current_a,20.42,A,2026-S1
EQ-FAN-284,2026-06-25T00:00:00Z,rpm,1603.80,rpm,2026-S1
EQ-MIX-159,2026-06-25T00:00:00Z,vibration_mm_s,2.39,mm/s,2026-S1
EQ-MIX-259,2026-06-25T00:00:00Z,current_a,25.20,A,2026-S1
EQ-MIX-379,2026-06-25T00:00:00Z,current_a,20.12,A,2026-S1
EQ-OVEN-123,2026-06-25T00:00:00Z,temperature_c,64.66,°C,2026-S1
EQ-PUMP-350,2026-06-25T00:00:00Z,temperature_c,114.171769,°C,2026-S1
EQ-STEAM-352,2026-06-25T00:00:00Z,pressure_bar,6.64,bar,2026-S1
EQ-CONV-376,2026-06-25T06:00:00Z,current_a,21.11,A,2026-S1
EQ-FAN-284,2026-06-25T06:00:00Z,rpm,1648.56,rpm,2026-S1
EQ-MIX-159,2026-06-25T06:00:00Z,vibration_mm_s,3.04,mm/s,2026-S1
EQ-MIX-259,2026-06-25T06:00:00Z,current_a,21.48,A,2026-S1
EQ-MIX-379,2026-06-25T06:00:00Z,current_a,25.02,A,2026-S1
EQ-OVEN-123,2026-06-25T06:00:00Z,temperature_c,66.36,°C,2026-S1
EQ-PUMP-350,2026-06-25T06:00:00Z,temperature_c,86.229944,°C,2026-S1
EQ-STEAM-352,2026-06-25T06:00:00Z,pressure_bar,6.11,bar,2026-S1
EQ-CONV-376,2026-06-25T12:00:00Z,current_a,24.18,A,2026-S1
EQ-FAN-284,2026-06-25T12:00:00Z,rpm,1699.52,rpm,2026-S1
EQ-MIX-159,2026-06-25T12:00:00Z,vibration_mm_s,2.78,mm/s,2026-S1
EQ-MIX-259,2026-06-25T12:00:00Z,current_a,21.85,A,2026-S1
EQ-MIX-379,2026-06-25T12:00:00Z,current_a,19.13,A,2026-S1
EQ-OVEN-123,2026-06-25T12:00:00Z,temperature_c,57.40,°C,2026-S1
EQ-PUMP-350,2026-06-25T12:00:00Z,temperature_c,-17.841996,°C,2026-S1
EQ-STEAM-352,2026-06-25T12:00:00Z,pressure_bar,6.54,bar,2026-S1
EQ-CONV-376,2026-06-25T18:00:00Z,current_a,24.78,A,2026-S1
EQ-FAN-284,2026-06-25T18:00:00Z,rpm,1670.22,rpm,2026-S1
EQ-MIX-159,2026-06-25T18:00:00Z,vibration_mm_s,2.58,mm/s,2026-S1
EQ-MIX-259,2026-06-25T18:00:00Z,current_a,23.11,A,2026-S1
EQ-MIX-379,2026-06-25T18:00:00Z,current_a,23.93,A,2026-S1
EQ-OVEN-123,2026-06-25T18:00:00Z,temperature_c,58.01,°C,2026-S1
EQ-PUMP-350,2026-06-25T18:00:00Z,temperature_c,87.871011,°C,2026-S1
EQ-STEAM-352,2026-06-25T18:00:00Z,pressure_bar,6.76,bar,2026-S1
EQ-CONV-376,2026-06-26T00:00:00Z,current_a,21.26,A,2026-S1
EQ-FAN-284,2026-06-26T00:00:00Z,rpm,1628.12,rpm,2026-S1
EQ-MIX-159,2026-06-26T00:00:00Z,vibration_mm_s,2.66,mm/s,2026-S1
EQ-MIX-259,2026-06-26T00:00:00Z,current_a,24.86,A,2026-S1
EQ-MIX-379,2026-06-26T00:00:00Z,current_a,23.01,A,2026-S1
EQ-OVEN-123,2026-06-26T00:00:00Z,temperature_c,62.87,°C,2026-S1
EQ-PUMP-350,2026-06-26T00:00:00Z,temperature_c,111.216365,°C,2026-S1
EQ-STEAM-352,2026-06-26T00:00:00Z,pressure_bar,6.26,bar,2026-S1
EQ-CONV-376,2026-06-26T06:00:00Z,current_a,20.91,A,2026-S1
EQ-FAN-284,2026-06-26T06:00:00Z,rpm,1639.83,rpm,2026-S1
EQ-MIX-159,2026-06-26T06:00:00Z,vibration_mm_s,3.21,mm/s,2026-S1
EQ-MIX-259,2026-06-26T06:00:00Z,current_a,21.83,A,2026-S1
EQ-MIX-379,2026-06-26T06:00:00Z,current_a,20.91,A,2026-S1
EQ-OVEN-123,2026-06-26T06:00:00Z,temperature_c,66.41,°C,2026-S1
EQ-PUMP-350,2026-06-26T06:00:00Z,temperature_c,105.617166,°C,2026-S1
EQ-STEAM-352,2026-06-26T06:00:00Z,pressure_bar,6.57,bar,2026-S1
EQ-CONV-376,2026-06-26T12:00:00Z,current_a,23.40,A,2026-S1
EQ-FAN-284,2026-06-26T12:00:00Z,rpm,1681.11,rpm,2026-S1
EQ-MIX-159,2026-06-26T12:00:00Z,vibration_mm_s,2.87,mm/s,2026-S1
EQ-MIX-259,2026-06-26T12:00:00Z,current_a,20.38,A,2026-S1
EQ-MIX-379,2026-06-26T12:00:00Z,current_a,23.06,A,2026-S1
EQ-OVEN-123,2026-06-26T12:00:00Z,temperature_c,55.05,°C,2026-S1
EQ-PUMP-350,2026-06-26T12:00:00Z,temperature_c,16.360002,°C,2026-S1
EQ-STEAM-352,2026-06-26T12:00:00Z,pressure_bar,6.21,bar,2026-S1
EQ-CONV-376,2026-06-26T18:00:00Z,current_a,24.73,A,2026-S1
EQ-FAN-284,2026-06-26T18:00:00Z,rpm,1622.03,rpm,2026-S1
EQ-MIX-159,2026-06-26T18:00:00Z,vibration_mm_s,2.20,mm/s,2026-S1
EQ-MIX-259,2026-06-26T18:00:00Z,current_a,22.86,A,2026-S1
EQ-MIX-379,2026-06-26T18:00:00Z,current_a,23.76,A,2026-S1
EQ-OVEN-123,2026-06-26T18:00:00Z,temperature_c,51.76,°C,2026-S1
EQ-PUMP-350,2026-06-26T18:00:00Z,temperature_c,35.519755,°C,2026-S1
EQ-STEAM-352,2026-06-26T18:00:00Z,pressure_bar,6.06,bar,2026-S1
EQ-CONV-376,2026-06-27T00:00:00Z,current_a,20.15,A,2026-S1
EQ-FAN-284,2026-06-27T00:00:00Z,rpm,1573.37,rpm,2026-S1
EQ-MIX-159,2026-06-27T00:00:00Z,vibration_mm_s,2.91,mm/s,2026-S1
EQ-MIX-259,2026-06-27T00:00:00Z,current_a,22.76,A,2026-S1
EQ-MIX-379,2026-06-27T00:00:00Z,current_a,20.78,A,2026-S1
EQ-OVEN-123,2026-06-27T00:00:00Z,temperature_c,60.91,°C,2026-S1
EQ-PUMP-350,2026-06-27T00:00:00Z,temperature_c,136.923010,°C,2026-S1
EQ-STEAM-352,2026-06-27T00:00:00Z,pressure_bar,6.71,bar,2026-S1
EQ-CONV-376,2026-06-27T06:00:00Z,current_a,19.96,A,2026-S1
EQ-FAN-284,2026-06-27T06:00:00Z,rpm,1628.47,rpm,2026-S1
EQ-MIX-159,2026-06-27T06:00:00Z,vibration_mm_s,2.77,mm/s,2026-S1
EQ-MIX-259,2026-06-27T06:00:00Z,current_a,21.84,A,2026-S1
EQ-MIX-379,2026-06-27T06:00:00Z,current_a,21.89,A,2026-S1
EQ-OVEN-123,2026-06-27T06:00:00Z,temperature_c,62.02,°C,2026-S1
EQ-PUMP-350,2026-06-27T06:00:00Z,temperature_c,123.768240,°C,2026-S1
EQ-STEAM-352,2026-06-27T06:00:00Z,pressure_bar,6.67,bar,2026-S1
EQ-CONV-376,2026-06-27T12:00:00Z,current_a,21.48,A,2026-S1
EQ-FAN-284,2026-06-27T12:00:00Z,rpm,1673.60,rpm,2026-S1
EQ-MIX-159,2026-06-27T12:00:00Z,vibration_mm_s,2.88,mm/s,2026-S1
EQ-MIX-259,2026-06-27T12:00:00Z,current_a,19.51,A,2026-S1
EQ-MIX-379,2026-06-27T12:00:00Z,current_a,17.73,A,2026-S1
EQ-OVEN-123,2026-06-27T12:00:00Z,temperature_c,53.11,°C,2026-S1
EQ-PUMP-350,2026-06-27T12:00:00Z,temperature_c,139.565559,°C,2026-S1
EQ-STEAM-352,2026-06-27T12:00:00Z,pressure_bar,6.59,bar,2026-S1
EQ-CONV-376,2026-06-27T18:00:00Z,current_a,23.17,A,2026-S1
EQ-FAN-284,2026-06-27T18:00:00Z,rpm,1611.89,rpm,2026-S1
EQ-MIX-159,2026-06-27T18:00:00Z,vibration_mm_s,2.65,mm/s,2026-S1
EQ-MIX-259,2026-06-27T18:00:00Z,current_a,22.28,A,2026-S1
EQ-MIX-379,2026-06-27T18:00:00Z,current_a,21.71,A,2026-S1
EQ-OVEN-123,2026-06-27T18:00:00Z,temperature_c,51.49,°C,2026-S1
EQ-PUMP-350,2026-06-27T18:00:00Z,temperature_c,-17.285249,°C,2026-S1
EQ-STEAM-352,2026-06-27T18:00:00Z,pressure_bar,6.94,bar,2026-S1
EQ-CONV-376,2026-06-28T00:00:00Z,current_a,21.41,A,2026-S1
EQ-FAN-284,2026-06-28T00:00:00Z,rpm,1574.72,rpm,2026-S1
EQ-MIX-159,2026-06-28T00:00:00Z,vibration_mm_s,2.38,mm/s,2026-S1
EQ-MIX-259,2026-06-28T00:00:00Z,current_a,24.47,A,2026-S1
EQ-MIX-379,2026-06-28T00:00:00Z,current_a,20.41,A,2026-S1
EQ-OVEN-123,2026-06-28T00:00:00Z,temperature_c,56.86,°C,2026-S1
EQ-PUMP-350,2026-06-28T00:00:00Z,temperature_c,139.565005,°C,2026-S1
EQ-STEAM-352,2026-06-28T00:00:00Z,pressure_bar,6.24,bar,2026-S1
EQ-CONV-376,2026-06-28T06:00:00Z,current_a,19.45,A,2026-S1
EQ-FAN-284,2026-06-28T06:00:00Z,rpm,1637.13,rpm,2026-S1
EQ-MIX-159,2026-06-28T06:00:00Z,vibration_mm_s,3.29,mm/s,2026-S1
EQ-MIX-259,2026-06-28T06:00:00Z,current_a,20.35,A,2026-S1
EQ-MIX-379,2026-06-28T06:00:00Z,current_a,20.41,A,2026-S1
EQ-OVEN-123,2026-06-28T06:00:00Z,temperature_c,58.26,°C,2026-S1
EQ-PUMP-350,2026-06-28T06:00:00Z,temperature_c,29.323218,°C,2026-S1
EQ-STEAM-352,2026-06-28T06:00:00Z,pressure_bar,6.30,bar,2026-S1
EQ-CONV-376,2026-06-28T12:00:00Z,current_a,22.06,A,2026-S1
EQ-FAN-284,2026-06-28T12:00:00Z,rpm,1668.20,rpm,2026-S1
EQ-MIX-159,2026-06-28T12:00:00Z,vibration_mm_s,2.90,mm/s,2026-S1
EQ-MIX-259,2026-06-28T12:00:00Z,current_a,19.06,A,2026-S1
EQ-MIX-379,2026-06-28T12:00:00Z,current_a,22.51,A,2026-S1
EQ-OVEN-123,2026-06-28T12:00:00Z,temperature_c,50.99,°C,2026-S1
EQ-PUMP-350,2026-06-28T12:00:00Z,temperature_c,20.249594,°C,2026-S1
EQ-STEAM-352,2026-06-28T12:00:00Z,pressure_bar,6.33,bar,2026-S1
EQ-CONV-376,2026-06-28T18:00:00Z,current_a,24.68,A,2026-S1
EQ-FAN-284,2026-06-28T18:00:00Z,rpm,1640.74,rpm,2026-S1
EQ-MIX-159,2026-06-28T18:00:00Z,vibration_mm_s,2.11,mm/s,2026-S1
EQ-MIX-259,2026-06-28T18:00:00Z,current_a,21.26,A,2026-S1
EQ-MIX-379,2026-06-28T18:00:00Z,current_a,17.08,A,2026-S1
EQ-OVEN-123,2026-06-28T18:00:00Z,temperature_c,50.70,°C,2026-S1
EQ-PUMP-350,2026-06-28T18:00:00Z,temperature_c,102.062915,°C,2026-S1
EQ-STEAM-352,2026-06-28T18:00:00Z,pressure_bar,6.23,bar,2026-S1
EQ-CONV-376,2026-06-29T00:00:00Z,current_a,22.28,A,2026-S1
EQ-FAN-284,2026-06-29T00:00:00Z,rpm,1614.66,rpm,2026-S1
EQ-MIX-159,2026-06-29T00:00:00Z,vibration_mm_s,2.35,mm/s,2026-S1
EQ-MIX-259,2026-06-29T00:00:00Z,current_a,25.26,A,2026-S1
EQ-MIX-379,2026-06-29T00:00:00Z,current_a,25.24,A,2026-S1
EQ-OVEN-123,2026-06-29T00:00:00Z,temperature_c,56.82,°C,2026-S1
EQ-PUMP-350,2026-06-29T00:00:00Z,temperature_c,64.681449,°C,2026-S1
EQ-STEAM-352,2026-06-29T00:00:00Z,pressure_bar,6.35,bar,2026-S1
EQ-CONV-376,2026-06-29T06:00:00Z,current_a,21.39,A,2026-S1
EQ-FAN-284,2026-06-29T06:00:00Z,rpm,1676.37,rpm,2026-S1
EQ-MIX-159,2026-06-29T06:00:00Z,vibration_mm_s,2.83,mm/s,2026-S1
EQ-MIX-259,2026-06-29T06:00:00Z,current_a,22.12,A,2026-S1
EQ-MIX-379,2026-06-29T06:00:00Z,current_a,21.92,A,2026-S1
EQ-OVEN-123,2026-06-29T06:00:00Z,temperature_c,58.21,°C,2026-S1
EQ-PUMP-350,2026-06-29T06:00:00Z,temperature_c,57.415228,°C,2026-S1
EQ-STEAM-352,2026-06-29T06:00:00Z,pressure_bar,6.34,bar,2026-S1
EQ-CONV-376,2026-06-29T12:00:00Z,current_a,22.81,A,2026-S1
EQ-FAN-284,2026-06-29T12:00:00Z,rpm,1685.25,rpm,2026-S1
EQ-MIX-159,2026-06-29T12:00:00Z,vibration_mm_s,3.29,mm/s,2026-S1
EQ-MIX-259,2026-06-29T12:00:00Z,current_a,20.59,A,2026-S1
EQ-MIX-379,2026-06-29T12:00:00Z,current_a,20.35,A,2026-S1
EQ-OVEN-123,2026-06-29T12:00:00Z,temperature_c,55.26,°C,2026-S1
EQ-PUMP-350,2026-06-29T12:00:00Z,temperature_c,49.950419,°C,2026-S1
EQ-STEAM-352,2026-06-29T12:00:00Z,pressure_bar,6.63,bar,2026-S1
EQ-CONV-376,2026-06-29T18:00:00Z,current_a,24.38,A,2026-S1
EQ-FAN-284,2026-06-29T18:00:00Z,rpm,1643.78,rpm,2026-S1
EQ-MIX-159,2026-06-29T18:00:00Z,vibration_mm_s,2.50,mm/s,2026-S1
EQ-MIX-259,2026-06-29T18:00:00Z,current_a,23.60,A,2026-S1
EQ-MIX-379,2026-06-29T18:00:00Z,current_a,24.21,A,2026-S1
EQ-OVEN-123,2026-06-29T18:00:00Z,temperature_c,55.74,°C,2026-S1
EQ-PUMP-350,2026-06-29T18:00:00Z,temperature_c,106.063059,°C,2026-S1
EQ-STEAM-352,2026-06-29T18:00:00Z,pressure_bar,6.76,bar,2026-S1
EQ-CONV-376,2026-06-30T00:00:00Z,current_a,19.14,A,2026-S1
EQ-FAN-284,2026-06-30T00:00:00Z,rpm,1651.94,rpm,2026-S1
EQ-MIX-159,2026-06-30T00:00:00Z,vibration_mm_s,2.50,mm/s,2026-S1
EQ-MIX-259,2026-06-30T00:00:00Z,current_a,24.64,A,2026-S1
EQ-MIX-379,2026-06-30T00:00:00Z,current_a,24.27,A,2026-S1
EQ-OVEN-123,2026-06-30T00:00:00Z,temperature_c,62.21,°C,2026-S1
EQ-PUMP-350,2026-06-30T00:00:00Z,temperature_c,83.488188,°C,2026-S1
EQ-STEAM-352,2026-06-30T00:00:00Z,pressure_bar,6.45,bar,2026-S1
EQ-CONV-376,2026-06-30T06:00:00Z,current_a,20.83,A,2026-S1
EQ-FAN-284,2026-06-30T06:00:00Z,rpm,1670.23,rpm,2026-S1
EQ-MIX-159,2026-06-30T06:00:00Z,vibration_mm_s,3.24,mm/s,2026-S1
EQ-MIX-259,2026-06-30T06:00:00Z,current_a,21.23,A,2026-S1
EQ-MIX-379,2026-06-30T06:00:00Z,current_a,25.11,A,2026-S1
EQ-OVEN-123,2026-06-30T06:00:00Z,temperature_c,63.16,°C,2026-S1
EQ-PUMP-350,2026-06-30T06:00:00Z,temperature_c,138.476537,°C,2026-S1
EQ-STEAM-352,2026-06-30T06:00:00Z,pressure_bar,6.59,bar,2026-S1
EQ-CONV-376,2026-06-30T12:00:00Z,current_a,23.83,A,2026-S1
EQ-FAN-284,2026-06-30T12:00:00Z,rpm,1712.21,rpm,2026-S1
EQ-MIX-159,2026-06-30T12:00:00Z,vibration_mm_s,2.75,mm/s,2026-S1
EQ-MIX-259,2026-06-30T12:00:00Z,current_a,20.96,A,2026-S1
EQ-MIX-379,2026-06-30T12:00:00Z,current_a,20.68,A,2026-S1
EQ-OVEN-123,2026-06-30T12:00:00Z,temperature_c,54.86,°C,2026-S1
EQ-PUMP-350,2026-06-30T12:00:00Z,temperature_c,-10.488144,°C,2026-S1
EQ-STEAM-352,2026-06-30T12:00:00Z,pressure_bar,6.48,bar,2026-S1
EQ-CONV-376,2026-06-30T18:00:00Z,current_a,23.95,A,2026-S1
EQ-FAN-284,2026-06-30T18:00:00Z,rpm,1642.16,rpm,2026-S1
EQ-MIX-159,2026-06-30T18:00:00Z,vibration_mm_s,2.70,mm/s,2026-S1
EQ-MIX-259,2026-06-30T18:00:00Z,current_a,24.52,A,2026-S1
EQ-OVEN-123,2026-06-30T18:00:00Z,temperature_c,56.84,°C,2026-S1
EQ-PUMP-350,2026-06-30T18:00:00Z,temperature_c,52.724749,°C,2026-S1
EQ-STEAM-352,2026-06-30T18:00:00Z,pressure_bar,6.37,bar,2026-S1
